[13:55:31] ⭐ SALITA amd-b-4k-gnome · gnome · 4k (3840x2160) · gradini 1,4,8,12,16 · 10 min (ultimo 30) · tetto 17
[13:55:31]    scheda della scatola: amd · browser-cliente sulla Intel
[13:55:31]    commit del prodotto: 678a2da
[13:55:31]    kernel 7.0 · Intel UHD 770 (i5-13500T) [i915] + AMD Radeon RX 6800 [amdgpu] · binario 28a947f5 · pagina fb9a18f3 · banchi 678a2da+modifiche
[13:55:33]    scatola accendi: codice 0 in 2 s ·   OK  dentro ci sono solo i nodi della Radeon: card0 card1 renderD128 renderD129
[13:55:34]    scatola prodotto: codice 0 in 1 s ·   OK  la catena PAM del prodotto e installata
[13:55:35]    scatola server: codice 0 in 1 s ·       righe rosse nel registro di avvio: 7
[13:55:35]    ⭐ scheda della scatola: AMD Radeon RX 6800 [amdgpu] 0000:03:00.0 = renderD128 dentro
[13:55:35]    ⭐ tetto delle sessioni in vigore: 17
[13:55:36]    scatola: binario 28a947f5 · pagina fb9a18f3 · --tetto-sessioni 17 -- --journal ; · dri card0,card1,renderD128,renderD129 · VA Driver version: Mesa Gallium driver 25.0.7-2+deb13u1 for AMD Radeon RX 6800 (radeonsi, navi21, LLVM 19.1.7, DRM 3.64, 7.0)
[13:55:36] ══ livello-01: 1 utenti, 10 min (gradino) ══
[13:55:36]    + utente 01 (pid 3467145, wayland-5, seme 1601, porte 9910)
[13:55:47]      utente 01 nato in 11.0 s
[13:55:47]    tutti dentro (12 s dopo l'inizio del livello): lavoro fino alle 14:05:47
[14:03:17]    SIGUSR1 a 1 attori (foto piena), 30 s prima della finestra
[14:03:18]    foto scritte: 1/1 in 1 s
[14:03:47]    controllo corto: firefox su wayland-4
[14:04:56]    controllo corto: PASS (codice 0)
[14:05:49]    ▶ livello-01: DEGRADED (significativo) — 1 GREEN · 1 DEGRADED · 0 FAIL · ⛔ DEGRADED SIGNIFICATIVO (piu' di un quarto degli attori DEGRADED (1 su 1)): non si sale
[14:05:49] ⚠ 1 utenti: DEGRADED — si RIPETE nelle stesse condizioni (§14), da scatola pulita
[14:05:49]    fermo 1 attori (SIGTERM: sgomberano da se')
[14:05:54]    scatola accendi: codice 0 in 2 s ·   OK  dentro ci sono solo i nodi della Radeon: card0 card1 renderD128 renderD129
[14:05:55]    scatola prodotto: codice 0 in 1 s ·   OK  la catena PAM del prodotto e installata
[14:05:56]    scatola server: codice 0 in 1 s ·       righe rosse nel registro di avvio: 7
[14:05:56]    ⭐ scheda della scatola: AMD Radeon RX 6800 [amdgpu] 0000:03:00.0 = renderD128 dentro
[14:05:56]    ⭐ tetto delle sessioni in vigore: 17
[14:05:57]    scatola: binario 28a947f5 · pagina fb9a18f3 · --tetto-sessioni 17 -- --journal ; · dri card0,card1,renderD128,renderD129 · VA Driver version: Mesa Gallium driver 25.0.7-2+deb13u1 for AMD Radeon RX 6800 (radeonsi, navi21, LLVM 19.1.7, DRM 3.64, 7.0)
[14:05:57] ══ livello-01-ripetizione: 1 utenti, 10 min (ripetizione) ══
[14:05:57]    + utente 01 (pid 3478913, wayland-5, seme 1601, porte 9910)
[14:06:07]      utente 01 nato in 10.5 s
[14:06:07]    tutti dentro (11 s dopo l'inizio del livello): lavoro fino alle 14:16:07
[14:13:37]    SIGUSR1 a 1 attori (foto piena), 30 s prima della finestra
[14:13:38]    foto scritte: 1/1 in 1 s
[14:14:07]    controllo corto: chrome su wayland-4
[14:15:20]    controllo corto: PASS (codice 0)
[14:16:09]    ▶ livello-01-ripetizione: DEGRADED (significativo) — 1 GREEN · 1 DEGRADED · 0 FAIL · ⛔ DEGRADED SIGNIFICATIVO (piu' di un quarto degli attori DEGRADED (1 su 1)): non si sale
[14:16:09] ⛔ confermato: 1 utenti DEGRADED due volte
[14:16:09] ⏹ FINE: ultimo livello buono 0 · rottura 1
[14:16:09]    fermo 1 attori (SIGTERM: sgomberano da se')
[14:16:12]    compositori spenti (2)
[14:16:14]    server rimesso col tetto predefinito (codice 0, tetto 10)
[14:16:14] fine · [{"livello": 1, "nome": "livello-01", "tipo": "gradino", "classe": "DEGRADED", "significativo": true, "dir": "/media/REMOTIX/misure/fase16/amd-b-4k-gnome/livello-01"}, {"livello": 1, "nome": "livello-01-ripetizione", "tipo": "ripetizione", "classe": "DEGRADED", "significativo": true, "dir": "/media/REMOTIX/misure/fase16/amd-b-4k-gnome/livello-01-ripetizione"}]
[14:16:26] ⭐ SALITA amd-b-3k-gnome · gnome · 3k (3200x1800) · gradini 1,4,8,12,16 · 10 min (ultimo 30) · tetto 17
[14:16:26]    scheda della scatola: amd · browser-cliente sulla Intel
[14:16:26]    commit del prodotto: 678a2da
[14:16:26]    kernel 7.0 · Intel UHD 770 (i5-13500T) [i915] + AMD Radeon RX 6800 [amdgpu] · binario 28a947f5 · pagina fb9a18f3 · banchi 678a2da+modifiche
[14:16:29]    scatola accendi: codice 0 in 2 s ·   OK  dentro ci sono solo i nodi della Radeon: card0 card1 renderD128 renderD129
[14:16:30]    scatola prodotto: codice 0 in 1 s ·   OK  la catena PAM del prodotto e installata
[14:16:30]    scatola server: codice 0 in 1 s ·       righe rosse nel registro di avvio: 7
[14:16:30]    ⭐ scheda della scatola: AMD Radeon RX 6800 [amdgpu] 0000:03:00.0 = renderD128 dentro
[14:16:31]    ⭐ tetto delle sessioni in vigore: 17
[14:16:31]    scatola: binario 28a947f5 · pagina fb9a18f3 · --tetto-sessioni 17 -- --journal ; · dri card0,card1,renderD128,renderD129 · VA Driver version: Mesa Gallium driver 25.0.7-2+deb13u1 for AMD Radeon RX 6800 (radeonsi, navi21, LLVM 19.1.7, DRM 3.64, 7.0)
[14:16:31] ══ livello-01: 1 utenti, 10 min (gradino) ══
[14:16:32]    + utente 01 (pid 3492842, wayland-5, seme 1601, porte 9910)
[14:16:42]      utente 01 nato in 10.5 s
[14:16:42]    tutti dentro (11 s dopo l'inizio del livello): lavoro fino alle 14:26:42
[14:24:12]    SIGUSR1 a 1 attori (foto piena), 30 s prima della finestra
[14:24:13]    foto scritte: 1/1 in 1 s
[14:24:42]    controllo corto: firefox su wayland-4
[14:25:49]    controllo corto: PASS (codice 0)
[14:26:44]    ▶ livello-01: GREEN — 2 GREEN · 0 DEGRADED · 0 FAIL
[14:26:44] ══ livello-04: 4 utenti, 10 min (gradino) ══
[14:26:46]    + utente 02 (pid 3504278, wayland-6, seme 1602, porte 9920)
[14:26:57]      utente 02 nato in 11.5 s
[14:26:57]    + utente 03 (pid 3505379, wayland-7, seme 1603, porte 9930)
[14:27:06]      utente 03 nato in 9.0 s
[14:27:06]    + utente 04 (pid 3506866, wayland-8, seme 1604, porte 9940)
[14:27:19]      utente 04 nato in 13.0 s
[14:27:19]    tutti dentro (35 s dopo l'inizio del livello): lavoro fino alle 14:37:19
[14:34:49]    SIGUSR1 a 4 attori (foto piena), 30 s prima della finestra
[14:34:50]    foto scritte: 4/4 in 1 s
[14:35:19]    controllo corto: chrome su wayland-4
[14:36:29]    controllo corto: PASS (codice 0)
[14:37:23]    ▶ livello-04: DEGRADED (significativo) — 3 GREEN · 2 DEGRADED · 0 FAIL · ⛔ DEGRADED SIGNIFICATIVO (piu' di un quarto degli attori DEGRADED (2 su 4)): non si sale
[14:37:23] ⚠ 4 utenti: DEGRADED — si RIPETE nelle stesse condizioni (§14), da scatola pulita
[14:37:23]    fermo 4 attori (SIGTERM: sgomberano da se')
[14:37:28]    scatola accendi: codice 0 in 2 s ·   OK  dentro ci sono solo i nodi della Radeon: card0 card1 renderD128 renderD129
[14:37:29]    scatola prodotto: codice 0 in 1 s ·   OK  la catena PAM del prodotto e installata
[14:37:29]    scatola server: codice 0 in 1 s ·       righe rosse nel registro di avvio: 7
[14:37:30]    ⭐ scheda della scatola: AMD Radeon RX 6800 [amdgpu] 0000:03:00.0 = renderD128 dentro
[14:37:30]    ⭐ tetto delle sessioni in vigore: 17
[14:37:30]    scatola: binario 28a947f5 · pagina fb9a18f3 · --tetto-sessioni 17 -- --journal ; · dri card0,card1,renderD128,renderD129 · VA Driver version: Mesa Gallium driver 25.0.7-2+deb13u1 for AMD Radeon RX 6800 (radeonsi, navi21, LLVM 19.1.7, DRM 3.64, 7.0)
[14:37:30] ══ livello-04-ripetizione: 4 utenti, 10 min (ripetizione) ══
[14:37:30]    + utente 01 (pid 3536199, wayland-5, seme 1601, porte 9910)
[14:37:41]      utente 01 nato in 10.5 s
[14:37:41]    + utente 02 (pid 3537547, wayland-6, seme 1602, porte 9920)
[14:37:52]      utente 02 nato in 11.5 s
[14:37:52]    + utente 03 (pid 3539323, wayland-7, seme 1603, porte 9930)
[14:38:02]      utente 03 nato in 9.5 s
[14:38:02]    + utente 04 (pid 3540935, wayland-8, seme 1604, porte 9940)
[14:38:15]      utente 04 nato in 13.0 s
[14:38:15]    tutti dentro (45 s dopo l'inizio del livello): lavoro fino alle 14:48:15
[14:45:45]    SIGUSR1 a 4 attori (foto piena), 30 s prima della finestra
[14:45:46]    foto scritte: 4/4 in 1 s
[14:46:15]    controllo corto: firefox su wayland-4
[14:47:22]    controllo corto: PASS (codice 0)
[14:48:18]    ▶ livello-04-ripetizione: GREEN — 5 GREEN · 0 DEGRADED · 0 FAIL
[14:48:18]    la ripetizione dice GREEN: non confermato, si sale
[14:48:18] ══ livello-08: 8 utenti, 10 min (gradino) ══
[14:48:20]    + utente 05 (pid 3568037, wayland-9, seme 1605, porte 9950)
[14:48:31]      utente 05 nato in 11.0 s
[14:48:31]    + utente 06 (pid 3569564, wayland-10, seme 1606, porte 9960)
[14:48:43]      utente 06 nato in 12.0 s
[14:48:43]    + utente 07 (pid 3571845, wayland-11, seme 1607, porte 9970)
[14:48:52]      utente 07 nato in 9.5 s
[14:48:52]    + utente 08 (pid 3573746, wayland-12, seme 1608, porte 9980)
[14:49:05]      utente 08 nato in 13.0 s
[14:49:05]    tutti dentro (47 s dopo l'inizio del livello): lavoro fino alle 14:59:05
[14:56:35]    SIGUSR1 a 8 attori (foto piena), 30 s prima della finestra
[14:56:37]    foto scritte: 8/8 in 2 s
[14:57:05]    controllo corto: chrome su wayland-4
[14:58:16]    controllo corto: PASS (codice 0)
[14:59:11]    ▶ livello-08: DEGRADED — 7 GREEN · 2 DEGRADED · 0 FAIL · DEGRADED non significativo
[14:59:11] ══ livello-12: 12 utenti, 10 min (gradino) ══
[14:59:12]    + utente 09 (pid 3622330, wayland-13, seme 1609, porte 9990)
[14:59:23]      utente 09 nato in 11.0 s
[14:59:23]    + utente 10 (pid 3624106, wayland-14, seme 1610, porte 10000)
[14:59:35]      utente 10 nato in 11.5 s
[14:59:35]    + utente 11 (pid 3626791, wayland-15, seme 1611, porte 10010)
[14:59:44]      utente 11 nato in 9.5 s
[14:59:44]    + utente 12 (pid 3629198, wayland-16, seme 1612, porte 10020)
[14:59:57]      utente 12 nato in 13.0 s
[14:59:57]    tutti dentro (47 s dopo l'inizio del livello): lavoro fino alle 15:09:57
[15:07:27]    SIGUSR1 a 12 attori (foto piena), 30 s prima della finestra
[15:07:29]    foto scritte: 12/12 in 2 s
[15:07:57]    controllo corto: firefox su wayland-4
[15:09:07]    controllo corto: PASS (codice 0)
[15:10:05]    ▶ livello-12: DEGRADED — 12 GREEN · 1 DEGRADED · 0 FAIL · DEGRADED non significativo
[15:10:05] ══ livello-16: 16 utenti, 30 min (gradino) ══
[15:10:07]    + utente 13 (pid 3696954, wayland-17, seme 1613, porte 10030)
[15:10:18]      utente 13 nato in 11.0 s
[15:10:18]    + utente 14 (pid 3699103, wayland-18, seme 1614, porte 10040)
[15:10:30]      utente 14 nato in 11.5 s
[15:10:30]    + utente 15 (pid 3701894, wayland-19, seme 1615, porte 10050)
[15:10:40]      utente 15 nato in 10.5 s
[15:10:40]    + utente 16 (pid 3704626, wayland-20, seme 1616, porte 10060)
[15:10:54]      utente 16 nato in 13.5 s
[15:10:54]    tutti dentro (48 s dopo l'inizio del livello): lavoro fino alle 15:40:54
[15:38:24]    SIGUSR1 a 16 attori (foto piena), 30 s prima della finestra
[15:38:26]    foto scritte: 16/16 in 2 s
[15:38:54]    controllo corto: chrome su wayland-4
[15:43:46]    controllo corto: BLOCKED (codice 3)
[15:44:17]    ▶ livello-16: FAIL (significativo) — 4 GREEN · 10 DEGRADED · 3 FAIL
[15:44:17] ⚠ 16 utenti: FAIL — si RIPETE nelle stesse condizioni (§14), da scatola pulita
[15:44:17]    fermo 16 attori (SIGTERM: sgomberano da se')
[15:44:26]    scatola accendi: codice 0 in 3 s ·   OK  dentro ci sono solo i nodi della Radeon: card0 card1 renderD128 renderD129
[15:44:26]    scatola prodotto: codice 0 in 1 s ·   OK  la catena PAM del prodotto e installata
[15:44:27]    scatola server: codice 0 in 1 s ·       righe rosse nel registro di avvio: 7
[15:44:27]    ⭐ scheda della scatola: AMD Radeon RX 6800 [amdgpu] 0000:03:00.0 = renderD128 dentro
[15:44:28]    ⭐ tetto delle sessioni in vigore: 17
[15:44:28]    scatola: binario 28a947f5 · pagina fb9a18f3 · --tetto-sessioni 17 -- --journal ; · dri card0,card1,renderD128,renderD129 · VA Driver version: Mesa Gallium driver 25.0.7-2+deb13u1 for AMD Radeon RX 6800 (radeonsi, navi21, LLVM 19.1.7, DRM 3.64, 7.0)
[15:44:28] ══ livello-16-ripetizione: 16 utenti, 30 min (ripetizione) ══
[15:44:28]    + utente 01 (pid 3961929, wayland-5, seme 1601, porte 9910)
[15:44:39]      utente 01 nato in 11.0 s
[15:44:39]    + utente 02 (pid 3963276, wayland-6, seme 1602, porte 9920)
[15:44:51]      utente 02 nato in 11.5 s
[15:44:51]    + utente 03 (pid 3965068, wayland-7, seme 1603, porte 9930)
[15:45:00]      utente 03 nato in 9.0 s
[15:45:00]    + utente 04 (pid 3966676, wayland-8, seme 1604, porte 9940)
[15:45:12]      utente 04 nato in 12.5 s
[15:45:12]    + utente 05 (pid 3968352, wayland-9, seme 1605, porte 9950)
[15:45:23]      utente 05 nato in 10.5 s
[15:45:23]    + utente 06 (pid 3970926, wayland-10, seme 1606, porte 9960)
[15:45:34]      utente 06 nato in 11.5 s
[15:45:34]    + utente 07 (pid 3973116, wayland-11, seme 1607, porte 9970)
[15:45:43]      utente 07 nato in 9.0 s
[15:45:43]    + utente 08 (pid 3975139, wayland-12, seme 1608, porte 9980)
[15:45:57]      utente 08 nato in 13.5 s
[15:45:57]    + utente 09 (pid 3977299, wayland-13, seme 1609, porte 9990)
[15:46:08]      utente 09 nato in 11.0 s
[15:46:08]    + utente 10 (pid 3980297, wayland-14, seme 1610, porte 10000)
[15:46:19]      utente 10 nato in 11.5 s
[15:46:19]    + utente 11 (pid 3983087, wayland-15, seme 1611, porte 10010)
[15:46:29]      utente 11 nato in 10.0 s
[15:46:29]    + utente 12 (pid 3985581, wayland-16, seme 1612, porte 10020)
[15:46:43]      utente 12 nato in 14.0 s
[15:46:43]    + utente 13 (pid 3988249, wayland-17, seme 1613, porte 10030)
[15:46:55]      utente 13 nato in 11.5 s
[15:46:55]    + utente 14 (pid 3991885, wayland-18, seme 1614, porte 10040)
[15:47:07]      utente 14 nato in 12.0 s
[15:47:07]    + utente 15 (pid 3994969, wayland-19, seme 1615, porte 10050)
[15:47:17]      utente 15 nato in 10.0 s
[15:47:17]    + utente 16 (pid 3997467, wayland-20, seme 1616, porte 10060)
[15:47:32]      utente 16 nato in 15.0 s
[15:47:32]    tutti dentro (184 s dopo l'inizio del livello): lavoro fino alle 16:17:32
[16:15:02]    SIGUSR1 a 16 attori (foto piena), 30 s prima della finestra
[16:15:05]    foto scritte: 16/16 in 3 s
[16:15:32]    controllo corto: firefox su wayland-4
[16:20:34]    controllo corto: FAIL (codice 1)
[16:21:06]    ▶ livello-16-ripetizione: FAIL (significativo) — 4 GREEN · 10 DEGRADED · 3 FAIL
[16:21:06] ⛔ confermato: 16 utenti FAIL due volte
[16:21:06] 🔎 ricerca a meta' fra 12 (buono) e 16 (rotto): 14 utenti
[16:21:06]    fermo 16 attori (SIGTERM: sgomberano da se')
[16:21:14]    scatola accendi: codice 0 in 3 s ·   OK  dentro ci sono solo i nodi della Radeon: card0 card1 renderD128 renderD129
[16:21:15]    scatola prodotto: codice 0 in 1 s ·   OK  la catena PAM del prodotto e installata
[16:21:16]    scatola server: codice 0 in 1 s ·       righe rosse nel registro di avvio: 7
[16:21:16]    ⭐ scheda della scatola: AMD Radeon RX 6800 [amdgpu] 0000:03:00.0 = renderD128 dentro
[16:21:16]    ⭐ tetto delle sessioni in vigore: 17
[16:21:16]    scatola: binario 28a947f5 · pagina fb9a18f3 · --tetto-sessioni 17 -- --journal ; · dri card0,card1,renderD128,renderD129 · VA Driver version: Mesa Gallium driver 25.0.7-2+deb13u1 for AMD Radeon RX 6800 (radeonsi, navi21, LLVM 19.1.7, DRM 3.64, 7.0)
[16:21:16] ══ livello-14: 14 utenti, 10 min (ricerca) ══
[16:21:17]    + utente 01 (pid 64812, wayland-5, seme 1601, porte 9910)
[16:21:27]      utente 01 nato in 10.5 s
[16:21:27]    + utente 02 (pid 66169, wayland-6, seme 1602, porte 9920)
[16:21:39]      utente 02 nato in 11.5 s
[16:21:39]    + utente 03 (pid 67984, wayland-7, seme 1603, porte 9930)
[16:21:48]      utente 03 nato in 9.0 s
[16:21:48]    + utente 04 (pid 69593, wayland-8, seme 1604, porte 9940)
[16:22:01]      utente 04 nato in 13.0 s
[16:22:01]    + utente 05 (pid 71263, wayland-9, seme 1605, porte 9950)
[16:22:11]      utente 05 nato in 10.5 s
[16:22:11]    + utente 06 (pid 73888, wayland-10, seme 1606, porte 9960)
[16:22:23]      utente 06 nato in 11.5 s
[16:22:23]    + utente 07 (pid 76028, wayland-11, seme 1607, porte 9970)
[16:22:32]      utente 07 nato in 9.5 s
[16:22:32]    + utente 08 (pid 77975, wayland-12, seme 1608, porte 9980)
[16:22:45]      utente 08 nato in 13.0 s
[16:22:45]    + utente 09 (pid 80158, wayland-13, seme 1609, porte 9990)
[16:22:56]      utente 09 nato in 11.0 s
[16:22:56]    + utente 10 (pid 83074, wayland-14, seme 1610, porte 10000)
[16:23:08]      utente 10 nato in 12.0 s
[16:23:08]    + utente 11 (pid 85946, wayland-15, seme 1611, porte 10010)
[16:23:18]      utente 11 nato in 10.0 s
[16:23:18]    + utente 12 (pid 88446, wayland-16, seme 1612, porte 10020)
[16:23:32]      utente 12 nato in 13.5 s
[16:23:32]    + utente 13 (pid 91038, wayland-17, seme 1613, porte 10030)
[16:23:44]      utente 13 nato in 12.0 s
[16:23:44]    + utente 14 (pid 94786, wayland-18, seme 1614, porte 10040)
[16:23:56]      utente 14 nato in 12.0 s
[16:23:56]    tutti dentro (159 s dopo l'inizio del livello): lavoro fino alle 16:33:56
[16:31:26]    SIGUSR1 a 14 attori (foto piena), 30 s prima della finestra
[16:31:28]    foto scritte: 14/14 in 2 s
[16:31:56]    controllo corto: chrome su wayland-4
[16:33:08]    controllo corto: PASS (codice 0)
[16:34:05]    ▶ livello-14: DEGRADED (significativo) — 6 GREEN · 9 DEGRADED · 0 FAIL · ⛔ DEGRADED SIGNIFICATIVO (piu' di un quarto degli attori DEGRADED (9 su 14)): non si sale
[16:34:05] 🔎 ricerca a meta' fra 12 (buono) e 14 (rotto): 13 utenti
[16:34:05]    fermo 14 attori (SIGTERM: sgomberano da se')
[16:34:13]    scatola accendi: codice 0 in 2 s ·   OK  dentro ci sono solo i nodi della Radeon: card0 card1 renderD128 renderD129
[16:34:14]    scatola prodotto: codice 0 in 1 s ·   OK  la catena PAM del prodotto e installata
[16:34:15]    scatola server: codice 0 in 1 s ·       righe rosse nel registro di avvio: 7
[16:34:15]    ⭐ scheda della scatola: AMD Radeon RX 6800 [amdgpu] 0000:03:00.0 = renderD128 dentro
[16:34:15]    ⭐ tetto delle sessioni in vigore: 17
[16:34:16]    scatola: binario 28a947f5 · pagina fb9a18f3 · --tetto-sessioni 17 -- --journal ; · dri card0,card1,renderD128,renderD129 · VA Driver version: Mesa Gallium driver 25.0.7-2+deb13u1 for AMD Radeon RX 6800 (radeonsi, navi21, LLVM 19.1.7, DRM 3.64, 7.0)
[16:34:16] ══ livello-13: 13 utenti, 10 min (ricerca) ══
[16:34:16]    + utente 01 (pid 175129, wayland-5, seme 1601, porte 9910)
[16:34:26]      utente 01 nato in 10.5 s
[16:34:26]    + utente 02 (pid 176484, wayland-6, seme 1602, porte 9920)
[16:34:38]      utente 02 nato in 11.5 s
[16:34:38]    + utente 03 (pid 178263, wayland-7, seme 1603, porte 9930)
[16:34:47]      utente 03 nato in 9.0 s
[16:34:47]    + utente 04 (pid 179875, wayland-8, seme 1604, porte 9940)
[16:34:59]      utente 04 nato in 12.5 s
[16:34:59]    + utente 05 (pid 181569, wayland-9, seme 1605, porte 9950)
[16:35:10]      utente 05 nato in 10.5 s
[16:35:10]    + utente 06 (pid 184175, wayland-10, seme 1606, porte 9960)
[16:35:21]      utente 06 nato in 11.5 s
[16:35:21]    + utente 07 (pid 186340, wayland-11, seme 1607, porte 9970)
[16:35:31]      utente 07 nato in 9.5 s
[16:35:31]    + utente 08 (pid 188383, wayland-12, seme 1608, porte 9980)
[16:35:44]      utente 08 nato in 13.5 s
[16:35:44]    + utente 09 (pid 190550, wayland-13, seme 1609, porte 9990)
[16:35:55]      utente 09 nato in 11.0 s
[16:35:55]    + utente 10 (pid 193436, wayland-14, seme 1610, porte 10000)
[16:36:07]      utente 10 nato in 12.0 s
[16:36:07]    + utente 11 (pid 196315, wayland-15, seme 1611, porte 10010)
[16:36:17]      utente 11 nato in 10.0 s
[16:36:17]    + utente 12 (pid 198799, wayland-16, seme 1612, porte 10020)
[16:36:31]      utente 12 nato in 14.0 s
[16:36:31]    + utente 13 (pid 201440, wayland-17, seme 1613, porte 10030)
[16:36:43]      utente 13 nato in 11.5 s
[16:36:43]    tutti dentro (147 s dopo l'inizio del livello): lavoro fino alle 16:46:43
[16:44:13]    SIGUSR1 a 13 attori (foto piena), 30 s prima della finestra
[16:44:15]    foto scritte: 13/13 in 2 s
[16:44:43]    controllo corto: firefox su wayland-4
[16:45:53]    controllo corto: PASS (codice 0)
[16:46:53]    ▶ livello-13: DEGRADED — 11 GREEN · 3 DEGRADED · 0 FAIL · DEGRADED non significativo
[16:46:53] ⏹ FINE: ultimo livello buono 13 · rottura 14
[16:46:53]    fermo 13 attori (SIGTERM: sgomberano da se')
[16:46:58]    compositori spenti (17)
[16:47:03]    server rimesso col tetto predefinito (codice 0, tetto 10)
[16:47:03] fine · [{"livello": 1, "nome": "livello-01", "tipo": "gradino", "classe": "GREEN", "significativo": false, "dir": "/media/REMOTIX/misure/fase16/amd-b-3k-gnome/livello-01"}, {"livello": 4, "nome": "livello-04", "tipo": "gradino", "classe": "DEGRADED", "significativo": true, "dir": "/media/REMOTIX/misure/fase16/amd-b-3k-gnome/livello-04"}, {"livello": 4, "nome": "livello-04-ripetizione", "tipo": "ripetizione", "classe": "GREEN", "significativo": false, "dir": "/media/REMOTIX/misure/fase16/amd-b-3k-gnome/livello-04-ripetizione"}, {"livello": 8, "nome": "livello-08", "tipo": "gradino", "classe": "DEGRADED", "significativo": false, "dir": "/media/REMOTIX/misure/fase16/amd-b-3k-gnome/livello-08"}, {"livello": 12, "nome": "livello-12", "tipo": "gradino", "classe": "DEGRADED", "significativo": false, "dir": "/media/REMOTIX/misure/fase16/amd-b-3k-gnome/livello-12"}, {"livello": 16, "nome": "livello-16", "tipo": "gradino", "classe": "FAIL", "significativo": true, "dir": "/media/REMOTIX/misure/fase16/amd-b-3k-gnome/livello-16"}, {"livello": 16, "nome": "livello-16-ripetizione", "tipo": "ripetizione", "classe": "FAIL", "significativo": true, "dir": "/media/REMOTIX/misure/fase16/amd-b-3k-gnome/livello-16-ripetizione"}, {"livello": 14, "nome": "livello-14", "tipo": "ricerca", "classe": "DEGRADED", "significativo": true, "dir": "/media/REMOTIX/misure/fase16/amd-b-3k-gnome/livello-14"}, {"livello": 13, "nome": "livello-13", "tipo": "ricerca", "classe": "DEGRADED", "significativo": false, "dir": "/media/REMOTIX/misure/fase16/amd-b-3k-gnome/livello-13"}]
[16:47:16] ⭐ SALITA amd-b-2k-gnome · gnome · 2k (2560x1440) · gradini 1,4,8,12,16 · 10 min (ultimo 30) · tetto 17
[16:47:16]    scheda della scatola: amd · browser-cliente sulla Intel
[16:47:16]    commit del prodotto: 678a2da
[16:47:16]    kernel 7.0 · Intel UHD 770 (i5-13500T) [i915] + AMD Radeon RX 6800 [amdgpu] · binario 28a947f5 · pagina fb9a18f3 · banchi 678a2da+modifiche
[16:47:18]    scatola accendi: codice 0 in 2 s ·   OK  dentro ci sono solo i nodi della Radeon: card0 card1 renderD128 renderD129
[16:47:19]    scatola prodotto: codice 0 in 1 s ·   OK  la catena PAM del prodotto e installata
[16:47:20]    scatola server: codice 0 in 1 s ·       righe rosse nel registro di avvio: 7
[16:47:20]    ⭐ scheda della scatola: AMD Radeon RX 6800 [amdgpu] 0000:03:00.0 = renderD128 dentro
[16:47:20]    ⭐ tetto delle sessioni in vigore: 17
[16:47:21]    scatola: binario 28a947f5 · pagina fb9a18f3 · --tetto-sessioni 17 -- --journal ; · dri card0,card1,renderD128,renderD129 · VA Driver version: Mesa Gallium driver 25.0.7-2+deb13u1 for AMD Radeon RX 6800 (radeonsi, navi21, LLVM 19.1.7, DRM 3.64, 7.0)
[16:47:21] ══ livello-01: 1 utenti, 10 min (gradino) ══
[16:47:21]    + utente 01 (pid 280032, wayland-5, seme 1601, porte 9910)
[16:47:32]      utente 01 nato in 10.5 s
[16:47:32]    tutti dentro (11 s dopo l'inizio del livello): lavoro fino alle 16:57:32
[16:55:02]    SIGUSR1 a 1 attori (foto piena), 30 s prima della finestra
[16:55:03]    foto scritte: 1/1 in 1 s
[16:55:32]    controllo corto: firefox su wayland-4
[16:56:37]    controllo corto: PASS (codice 0)
[16:57:34]    ▶ livello-01: DEGRADED (significativo) — 1 GREEN · 1 DEGRADED · 0 FAIL · ⛔ DEGRADED SIGNIFICATIVO (piu' di un quarto degli attori DEGRADED (1 su 1)): non si sale
[16:57:34] ⚠ 1 utenti: DEGRADED — si RIPETE nelle stesse condizioni (§14), da scatola pulita
[16:57:34]    fermo 1 attori (SIGTERM: sgomberano da se')
[16:57:39]    scatola accendi: codice 0 in 2 s ·   OK  dentro ci sono solo i nodi della Radeon: card0 card1 renderD128 renderD129
[16:57:40]    scatola prodotto: codice 0 in 1 s ·   OK  la catena PAM del prodotto e installata
[16:57:41]    scatola server: codice 0 in 1 s ·       righe rosse nel registro di avvio: 7
[16:57:41]    ⭐ scheda della scatola: AMD Radeon RX 6800 [amdgpu] 0000:03:00.0 = renderD128 dentro
[16:57:41]    ⭐ tetto delle sessioni in vigore: 17
[16:57:42]    scatola: binario 28a947f5 · pagina fb9a18f3 · --tetto-sessioni 17 -- --journal ; · dri card0,card1,renderD128,renderD129 · VA Driver version: Mesa Gallium driver 25.0.7-2+deb13u1 for AMD Radeon RX 6800 (radeonsi, navi21, LLVM 19.1.7, DRM 3.64, 7.0)
[16:57:42] ══ livello-01-ripetizione: 1 utenti, 10 min (ripetizione) ══
[16:57:42]    + utente 01 (pid 292570, wayland-5, seme 1601, porte 9910)
[16:57:52]      utente 01 nato in 10.0 s
[16:57:52]    tutti dentro (10 s dopo l'inizio del livello): lavoro fino alle 17:07:52
[17:05:22]    SIGUSR1 a 1 attori (foto piena), 30 s prima della finestra
[17:05:23]    foto scritte: 1/1 in 1 s
[17:05:52]    controllo corto: chrome su wayland-4
[17:07:00]    controllo corto: PASS (codice 0)
[17:07:53]    ▶ livello-01-ripetizione: GREEN — 2 GREEN · 0 DEGRADED · 0 FAIL
[17:07:53]    la ripetizione dice GREEN: non confermato, si sale
[17:07:53] ══ livello-04: 4 utenti, 10 min (gradino) ══
[17:07:54]    + utente 02 (pid 304381, wayland-6, seme 1602, porte 9920)
[17:08:06]      utente 02 nato in 11.5 s
[17:08:06]    + utente 03 (pid 305520, wayland-7, seme 1603, porte 9930)
[17:08:15]      utente 03 nato in 9.0 s
[17:08:15]    + utente 04 (pid 306980, wayland-8, seme 1604, porte 9940)
[17:08:28]      utente 04 nato in 13.0 s
[17:08:28]    tutti dentro (35 s dopo l'inizio del livello): lavoro fino alle 17:18:28
[17:15:58]    SIGUSR1 a 4 attori (foto piena), 30 s prima della finestra
[17:15:59]    foto scritte: 4/4 in 1 s
[17:16:28]    controllo corto: firefox su wayland-4
[17:17:34]    controllo corto: PASS (codice 0)
[17:18:31]    ▶ livello-04: GREEN — 5 GREEN · 0 DEGRADED · 0 FAIL
[17:18:31] ══ livello-08: 8 utenti, 10 min (gradino) ══
[17:18:33]    + utente 05 (pid 334402, wayland-9, seme 1605, porte 9950)
[17:18:43]      utente 05 nato in 10.5 s
[17:18:43]    + utente 06 (pid 335994, wayland-10, seme 1606, porte 9960)
[17:18:55]      utente 06 nato in 11.5 s
[17:18:55]    + utente 07 (pid 338064, wayland-11, seme 1607, porte 9970)
[17:19:04]      utente 07 nato in 9.5 s
[17:19:04]    + utente 08 (pid 339961, wayland-12, seme 1608, porte 9980)
[17:19:17]      utente 08 nato in 13.0 s
[17:19:17]    tutti dentro (46 s dopo l'inizio del livello): lavoro fino alle 17:29:17
[17:26:47]    SIGUSR1 a 8 attori (foto piena), 30 s prima della finestra
[17:26:50]    foto scritte: 8/8 in 3 s
[17:27:17]    controllo corto: chrome su wayland-4
[17:28:26]    controllo corto: PASS (codice 0)
[17:29:23]    ▶ livello-08: GREEN — 9 GREEN · 0 DEGRADED · 0 FAIL
[17:29:23] ══ livello-12: 12 utenti, 10 min (gradino) ══
[17:29:24]    + utente 09 (pid 389332, wayland-13, seme 1609, porte 9990)
[17:29:35]      utente 09 nato in 11.0 s
[17:29:35]    + utente 10 (pid 391234, wayland-14, seme 1610, porte 10000)
[17:29:47]      utente 10 nato in 11.5 s
[17:29:47]    + utente 11 (pid 393758, wayland-15, seme 1611, porte 10010)
[17:29:56]      utente 11 nato in 9.5 s
[17:29:56]    + utente 12 (pid 396045, wayland-16, seme 1612, porte 10020)
[17:30:09]      utente 12 nato in 13.0 s
[17:30:09]    tutti dentro (47 s dopo l'inizio del livello): lavoro fino alle 17:40:09
[17:37:39]    SIGUSR1 a 12 attori (foto piena), 30 s prima della finestra
[17:37:41]    foto scritte: 12/12 in 2 s
[17:38:09]    controllo corto: firefox su wayland-4
[17:39:18]    controllo corto: PASS (codice 0)
[17:40:17]    ▶ livello-12: GREEN — 13 GREEN · 0 DEGRADED · 0 FAIL
[17:40:17] ══ livello-16: 16 utenti, 30 min (gradino) ══
[17:40:19]    + utente 13 (pid 462363, wayland-17, seme 1613, porte 10030)
[17:40:30]      utente 13 nato in 11.0 s
[17:40:30]    + utente 14 (pid 464713, wayland-18, seme 1614, porte 10040)
[17:40:42]      utente 14 nato in 11.5 s
[17:40:42]    + utente 15 (pid 467385, wayland-19, seme 1615, porte 10050)
[17:40:52]      utente 15 nato in 10.5 s
[17:40:52]    + utente 16 (pid 470089, wayland-20, seme 1616, porte 10060)
[17:41:06]      utente 16 nato in 13.5 s
[17:41:06]    tutti dentro (48 s dopo l'inizio del livello): lavoro fino alle 18:11:06
[18:08:36]    SIGUSR1 a 16 attori (foto piena), 30 s prima della finestra
[18:08:38]    foto scritte: 16/16 in 2 s
[18:09:06]    controllo corto: chrome su wayland-4
[18:13:58]    controllo corto: BLOCKED (codice 3)
[18:14:28]    ▶ livello-16: FAIL (significativo) — 8 GREEN · 7 DEGRADED · 2 FAIL
[18:14:28] ⚠ 16 utenti: FAIL — si RIPETE nelle stesse condizioni (§14), da scatola pulita
[18:14:28]    fermo 16 attori (SIGTERM: sgomberano da se')
[18:14:36]    scatola accendi: codice 0 in 2 s ·   OK  dentro ci sono solo i nodi della Radeon: card0 card1 renderD128 renderD129
[18:14:37]    scatola prodotto: codice 0 in 1 s ·   OK  la catena PAM del prodotto e installata
[18:14:38]    scatola server: codice 0 in 1 s ·       righe rosse nel registro di avvio: 7
[18:14:38]    ⭐ scheda della scatola: AMD Radeon RX 6800 [amdgpu] 0000:03:00.0 = renderD128 dentro
[18:14:38]    ⭐ tetto delle sessioni in vigore: 17
[18:14:38]    scatola: binario 28a947f5 · pagina fb9a18f3 · --tetto-sessioni 17 -- --journal ; · dri card0,card1,renderD128,renderD129 · VA Driver version: Mesa Gallium driver 25.0.7-2+deb13u1 for AMD Radeon RX 6800 (radeonsi, navi21, LLVM 19.1.7, DRM 3.64, 7.0)
[18:14:38] ══ livello-16-ripetizione: 16 utenti, 30 min (ripetizione) ══
[18:14:39]    + utente 01 (pid 728737, wayland-5, seme 1601, porte 9910)
[18:14:49]      utente 01 nato in 10.5 s
[18:14:49]    + utente 02 (pid 730095, wayland-6, seme 1602, porte 9920)
[18:15:01]      utente 02 nato in 11.5 s
[18:15:01]    + utente 03 (pid 731902, wayland-7, seme 1603, porte 9930)
[18:15:10]      utente 03 nato in 9.0 s
[18:15:10]    + utente 04 (pid 733510, wayland-8, seme 1604, porte 9940)
[18:15:23]      utente 04 nato in 13.0 s
[18:15:23]    + utente 05 (pid 735178, wayland-9, seme 1605, porte 9950)
[18:15:33]      utente 05 nato in 10.5 s
[18:15:33]    + utente 06 (pid 737780, wayland-10, seme 1606, porte 9960)
[18:15:45]      utente 06 nato in 11.5 s
[18:15:45]    + utente 07 (pid 739912, wayland-11, seme 1607, porte 9970)
[18:15:54]      utente 07 nato in 9.5 s
[18:15:54]    + utente 08 (pid 741831, wayland-12, seme 1608, porte 9980)
[18:16:08]      utente 08 nato in 13.5 s
[18:16:08]    + utente 09 (pid 744049, wayland-13, seme 1609, porte 9990)
[18:16:18]      utente 09 nato in 10.5 s
[18:16:18]    + utente 10 (pid 746972, wayland-14, seme 1610, porte 10000)
[18:16:30]      utente 10 nato in 11.5 s
[18:16:30]    + utente 11 (pid 749763, wayland-15, seme 1611, porte 10010)
[18:16:39]      utente 11 nato in 9.5 s
[18:16:39]    + utente 12 (pid 752138, wayland-16, seme 1612, porte 10020)
[18:16:53]      utente 12 nato in 13.5 s
[18:16:53]    + utente 13 (pid 754799, wayland-17, seme 1613, porte 10030)
[18:17:04]      utente 13 nato in 11.5 s
[18:17:04]    + utente 14 (pid 758464, wayland-18, seme 1614, porte 10040)
[18:17:16]      utente 14 nato in 12.0 s
[18:17:16]    + utente 15 (pid 761518, wayland-19, seme 1615, porte 10050)
[18:17:27]      utente 15 nato in 10.5 s
[18:17:27]    + utente 16 (pid 764165, wayland-20, seme 1616, porte 10060)
[18:17:42]      utente 16 nato in 15.5 s
[18:17:42]    tutti dentro (184 s dopo l'inizio del livello): lavoro fino alle 18:47:42
[18:45:12]    SIGUSR1 a 16 attori (foto piena), 30 s prima della finestra
[18:45:14]    foto scritte: 16/16 in 2 s
[18:45:42]    controllo corto: firefox su wayland-4
[18:50:43]    controllo corto: FAIL (codice 1)
[18:51:15]    ▶ livello-16-ripetizione: FAIL (significativo) — 14 GREEN · 0 DEGRADED · 3 FAIL
[18:51:15] ⛔ confermato: 16 utenti FAIL due volte
[18:51:15] 🔎 ricerca a meta' fra 12 (buono) e 16 (rotto): 14 utenti
[18:51:15]    fermo 16 attori (SIGTERM: sgomberano da se')
[18:51:23]    scatola accendi: codice 0 in 3 s ·   OK  dentro ci sono solo i nodi della Radeon: card0 card1 renderD128 renderD129
[18:51:24]    scatola prodotto: codice 0 in 1 s ·   OK  la catena PAM del prodotto e installata
[18:51:25]    scatola server: codice 0 in 1 s ·       righe rosse nel registro di avvio: 7
[18:51:25]    ⭐ scheda della scatola: AMD Radeon RX 6800 [amdgpu] 0000:03:00.0 = renderD128 dentro
[18:51:25]    ⭐ tetto delle sessioni in vigore: 17
[18:51:26]    scatola: binario 28a947f5 · pagina fb9a18f3 · --tetto-sessioni 17 -- --journal ; · dri card0,card1,renderD128,renderD129 · VA Driver version: Mesa Gallium driver 25.0.7-2+deb13u1 for AMD Radeon RX 6800 (radeonsi, navi21, LLVM 19.1.7, DRM 3.64, 7.0)
[18:51:26] ══ livello-14: 14 utenti, 10 min (ricerca) ══
[18:51:26]    + utente 01 (pid 1026389, wayland-5, seme 1601, porte 9910)
[18:51:36]      utente 01 nato in 10.5 s
[18:51:36]    + utente 02 (pid 1027740, wayland-6, seme 1602, porte 9920)
[18:51:48]      utente 02 nato in 11.5 s
[18:51:48]    + utente 03 (pid 1029541, wayland-7, seme 1603, porte 9930)
[18:51:57]      utente 03 nato in 9.0 s
[18:51:57]    + utente 04 (pid 1031160, wayland-8, seme 1604, porte 9940)
[18:52:09]      utente 04 nato in 12.5 s
[18:52:09]    + utente 05 (pid 1032827, wayland-9, seme 1605, porte 9950)
[18:52:20]      utente 05 nato in 10.5 s
[18:52:20]    + utente 06 (pid 1035394, wayland-10, seme 1606, porte 9960)
[18:52:31]      utente 06 nato in 11.5 s
[18:52:31]    + utente 07 (pid 1037535, wayland-11, seme 1607, porte 9970)
[18:52:41]      utente 07 nato in 9.5 s
[18:52:41]    + utente 08 (pid 1039560, wayland-12, seme 1608, porte 9980)
[18:52:54]      utente 08 nato in 13.0 s
[18:52:54]    + utente 09 (pid 1041702, wayland-13, seme 1609, porte 9990)
[18:53:05]      utente 09 nato in 11.0 s
[18:53:05]    + utente 10 (pid 1044673, wayland-14, seme 1610, porte 10000)
[18:53:16]      utente 10 nato in 11.5 s
[18:53:16]    + utente 11 (pid 1047452, wayland-15, seme 1611, porte 10010)
[18:53:26]      utente 11 nato in 9.5 s
[18:53:26]    + utente 12 (pid 1049842, wayland-16, seme 1612, porte 10020)
[18:53:39]      utente 12 nato in 13.0 s
[18:53:39]    + utente 13 (pid 1052417, wayland-17, seme 1613, porte 10030)
[18:53:51]      utente 13 nato in 12.0 s
[18:53:51]    + utente 14 (pid 1056173, wayland-18, seme 1614, porte 10040)
[18:54:03]      utente 14 nato in 12.0 s
[18:54:03]    tutti dentro (157 s dopo l'inizio del livello): lavoro fino alle 19:04:03
[19:01:33]    SIGUSR1 a 14 attori (foto piena), 30 s prima della finestra
[19:01:35]    foto scritte: 14/14 in 2 s
[19:02:03]    controllo corto: chrome su wayland-4
[19:03:13]    controllo corto: PASS (codice 0)
[19:04:12]    ▶ livello-14: DEGRADED — 13 GREEN · 2 DEGRADED · 0 FAIL · DEGRADED non significativo
[19:04:12] 🔎 ricerca a meta' fra 14 (buono) e 16 (rotto): 15 utenti
[19:04:12]    fermo 14 attori (SIGTERM: sgomberano da se')
[19:04:19]    scatola accendi: codice 0 in 2 s ·   OK  dentro ci sono solo i nodi della Radeon: card0 card1 renderD128 renderD129
[19:04:20]    scatola prodotto: codice 0 in 1 s ·   OK  la catena PAM del prodotto e installata
[19:04:20]    scatola server: codice 0 in 1 s ·       righe rosse nel registro di avvio: 7
[19:04:21]    ⭐ scheda della scatola: AMD Radeon RX 6800 [amdgpu] 0000:03:00.0 = renderD128 dentro
[19:04:21]    ⭐ tetto delle sessioni in vigore: 17
[19:04:21]    scatola: binario 28a947f5 · pagina fb9a18f3 · --tetto-sessioni 17 -- --journal ; · dri card0,card1,renderD128,renderD129 · VA Driver version: Mesa Gallium driver 25.0.7-2+deb13u1 for AMD Radeon RX 6800 (radeonsi, navi21, LLVM 19.1.7, DRM 3.64, 7.0)
[19:04:21] ══ livello-15: 15 utenti, 10 min (ricerca) ══
[19:04:21]    + utente 01 (pid 1136751, wayland-5, seme 1601, porte 9910)
[19:04:32]      utente 01 nato in 10.5 s
[19:04:32]    + utente 02 (pid 1138102, wayland-6, seme 1602, porte 9920)
[19:04:43]      utente 02 nato in 11.5 s
[19:04:43]    + utente 03 (pid 1139876, wayland-7, seme 1603, porte 9930)
[19:04:52]      utente 03 nato in 9.0 s
[19:04:52]    + utente 04 (pid 1141482, wayland-8, seme 1604, porte 9940)
[19:05:05]      utente 04 nato in 13.0 s
[19:05:05]    + utente 05 (pid 1143148, wayland-9, seme 1605, porte 9950)
[19:05:15]      utente 05 nato in 10.0 s
[19:05:15]    + utente 06 (pid 1145698, wayland-10, seme 1606, porte 9960)
[19:05:27]      utente 06 nato in 11.5 s
[19:05:27]    + utente 07 (pid 1147839, wayland-11, seme 1607, porte 9970)
[19:05:36]      utente 07 nato in 9.5 s
[19:05:36]    + utente 08 (pid 1149852, wayland-12, seme 1608, porte 9980)
[19:05:49]      utente 08 nato in 13.0 s
[19:05:49]    + utente 09 (pid 1151989, wayland-13, seme 1609, porte 9990)
[19:06:00]      utente 09 nato in 11.0 s
[19:06:00]    + utente 10 (pid 1154956, wayland-14, seme 1610, porte 10000)
[19:06:12]      utente 10 nato in 12.0 s
[19:06:12]    + utente 11 (pid 1157814, wayland-15, seme 1611, porte 10010)
[19:06:22]      utente 11 nato in 9.5 s
[19:06:22]    + utente 12 (pid 1160164, wayland-16, seme 1612, porte 10020)
[19:06:36]      utente 12 nato in 14.0 s
[19:06:36]    + utente 13 (pid 1162798, wayland-17, seme 1613, porte 10030)
[19:06:47]      utente 13 nato in 11.5 s
[19:06:47]    + utente 14 (pid 1166509, wayland-18, seme 1614, porte 10040)
[19:06:59]      utente 14 nato in 11.5 s
[19:06:59]    + utente 15 (pid 1169373, wayland-19, seme 1615, porte 10050)
[19:07:09]      utente 15 nato in 10.0 s
[19:07:09]    tutti dentro (168 s dopo l'inizio del livello): lavoro fino alle 19:17:09
[19:14:39]    SIGUSR1 a 15 attori (foto piena), 30 s prima della finestra
[19:14:42]    foto scritte: 15/15 in 3 s
[19:15:09]    controllo corto: firefox su wayland-4
[19:16:20]    controllo corto: PASS (codice 0)
[19:17:19]    ▶ livello-15: DEGRADED — 14 GREEN · 2 DEGRADED · 0 FAIL · DEGRADED non significativo
[19:17:19] ⏹ FINE: ultimo livello buono 15 · rottura 16
[19:17:19]    fermo 15 attori (SIGTERM: sgomberano da se')
[19:17:25]    compositori spenti (17)
[19:17:30]    server rimesso col tetto predefinito (codice 0, tetto 10)
[19:17:30] fine · [{"livello": 1, "nome": "livello-01", "tipo": "gradino", "classe": "DEGRADED", "significativo": true, "dir": "/media/REMOTIX/misure/fase16/amd-b-2k-gnome/livello-01"}, {"livello": 1, "nome": "livello-01-ripetizione", "tipo": "ripetizione", "classe": "GREEN", "significativo": false, "dir": "/media/REMOTIX/misure/fase16/amd-b-2k-gnome/livello-01-ripetizione"}, {"livello": 4, "nome": "livello-04", "tipo": "gradino", "classe": "GREEN", "significativo": false, "dir": "/media/REMOTIX/misure/fase16/amd-b-2k-gnome/livello-04"}, {"livello": 8, "nome": "livello-08", "tipo": "gradino", "classe": "GREEN", "significativo": false, "dir": "/media/REMOTIX/misure/fase16/amd-b-2k-gnome/livello-08"}, {"livello": 12, "nome": "livello-12", "tipo": "gradino", "classe": "GREEN", "significativo": false, "dir": "/media/REMOTIX/misure/fase16/amd-b-2k-gnome/livello-12"}, {"livello": 16, "nome": "livello-16", "tipo": "gradino", "classe": "FAIL", "significativo": true, "dir": "/media/REMOTIX/misure/fase16/amd-b-2k-gnome/livello-16"}, {"livello": 16, "nome": "livello-16-ripetizione", "tipo": "ripetizione", "classe": "FAIL", "significativo": true, "dir": "/media/REMOTIX/misure/fase16/amd-b-2k-gnome/livello-16-ripetizione"}, {"livello": 14, "nome": "livello-14", "tipo": "ricerca", "classe": "DEGRADED", "significativo": false, "dir": "/media/REMOTIX/misure/fase16/amd-b-2k-gnome/livello-14"}, {"livello": 15, "nome": "livello-15", "tipo": "ricerca", "classe": "DEGRADED", "significativo": false, "dir": "/media/REMOTIX/misure/fase16/amd-b-2k-gnome/livello-15"}]
[19:17:43] ⭐ SALITA amd-b-fhd-gnome · gnome · fhd (1920x1080) · gradini 1,4,8,12,16 · 10 min (ultimo 30) · tetto 17
[19:17:43]    scheda della scatola: amd · browser-cliente sulla Intel
[19:17:43]    commit del prodotto: 678a2da
[19:17:43]    kernel 7.0 · Intel UHD 770 (i5-13500T) [i915] + AMD Radeon RX 6800 [amdgpu] · binario 28a947f5 · pagina fb9a18f3 · banchi 678a2da+modifiche
[19:17:45]    scatola accendi: codice 0 in 2 s ·   OK  dentro ci sono solo i nodi della Radeon: card0 card1 renderD128 renderD129
[19:17:46]    scatola prodotto: codice 0 in 1 s ·   OK  la catena PAM del prodotto e installata
[19:17:47]    scatola server: codice 0 in 1 s ·       righe rosse nel registro di avvio: 7
[19:17:47]    ⭐ scheda della scatola: AMD Radeon RX 6800 [amdgpu] 0000:03:00.0 = renderD128 dentro
[19:17:47]    ⭐ tetto delle sessioni in vigore: 17
[19:17:48]    scatola: binario 28a947f5 · pagina fb9a18f3 · --tetto-sessioni 17 -- --journal ; · dri card0,card1,renderD128,renderD129 · VA Driver version: Mesa Gallium driver 25.0.7-2+deb13u1 for AMD Radeon RX 6800 (radeonsi, navi21, LLVM 19.1.7, DRM 3.64, 7.0)
[19:17:48] ══ livello-01: 1 utenti, 10 min (gradino) ══
[19:17:48]    + utente 01 (pid 1254900, wayland-5, seme 1601, porte 9910)
[19:17:59]      utente 01 nato in 10.5 s
[19:17:59]    tutti dentro (11 s dopo l'inizio del livello): lavoro fino alle 19:27:59
[19:25:29]    SIGUSR1 a 1 attori (foto piena), 30 s prima della finestra
[19:25:30]    foto scritte: 1/1 in 1 s
[19:25:59]    controllo corto: firefox su wayland-4
[19:27:04]    controllo corto: PASS (codice 0)
[19:28:01]    ▶ livello-01: GREEN — 2 GREEN · 0 DEGRADED · 0 FAIL
[19:28:01] ══ livello-04: 4 utenti, 10 min (gradino) ══
[19:28:02]    + utente 02 (pid 1266384, wayland-6, seme 1602, porte 9920)
[19:28:14]      utente 02 nato in 11.5 s
[19:28:14]    + utente 03 (pid 1267485, wayland-7, seme 1603, porte 9930)
[19:28:23]      utente 03 nato in 9.0 s
[19:28:23]    + utente 04 (pid 1268978, wayland-8, seme 1604, porte 9940)
[19:28:36]      utente 04 nato in 13.0 s
[19:28:36]    tutti dentro (35 s dopo l'inizio del livello): lavoro fino alle 19:38:36
[19:36:06]    SIGUSR1 a 4 attori (foto piena), 30 s prima della finestra
[19:36:07]    foto scritte: 4/4 in 1 s
[19:36:36]    controllo corto: chrome su wayland-4
[19:37:44]    controllo corto: PASS (codice 0)
[19:38:39]    ▶ livello-04: DEGRADED — 4 GREEN · 1 DEGRADED · 0 FAIL · DEGRADED non significativo
[19:38:39] ══ livello-08: 8 utenti, 10 min (gradino) ══
[19:38:41]    + utente 05 (pid 1296447, wayland-9, seme 1605, porte 9950)
[19:38:51]      utente 05 nato in 10.5 s
[19:38:51]    + utente 06 (pid 1298046, wayland-10, seme 1606, porte 9960)
[19:39:03]      utente 06 nato in 11.5 s
[19:39:03]    + utente 07 (pid 1300150, wayland-11, seme 1607, porte 9970)
[19:39:12]      utente 07 nato in 9.5 s
[19:39:12]    + utente 08 (pid 1302042, wayland-12, seme 1608, porte 9980)
[19:39:25]      utente 08 nato in 13.0 s
[19:39:25]    tutti dentro (46 s dopo l'inizio del livello): lavoro fino alle 19:49:25
[19:46:55]    SIGUSR1 a 8 attori (foto piena), 30 s prima della finestra
[19:46:56]    foto scritte: 8/8 in 1 s
[19:47:25]    controllo corto: firefox su wayland-4
[19:48:32]    controllo corto: PASS (codice 0)
[19:49:30]    ▶ livello-08: GREEN — 9 GREEN · 0 DEGRADED · 0 FAIL
[19:49:30] ══ livello-12: 12 utenti, 10 min (gradino) ══
[19:49:32]    + utente 09 (pid 1351349, wayland-13, seme 1609, porte 9990)
[19:49:43]      utente 09 nato in 11.0 s
[19:49:43]    + utente 10 (pid 1353305, wayland-14, seme 1610, porte 10000)
[19:49:54]      utente 10 nato in 11.5 s
[19:49:54]    + utente 11 (pid 1355820, wayland-15, seme 1611, porte 10010)
[19:50:03]      utente 11 nato in 9.0 s
[19:50:03]    + utente 12 (pid 1358171, wayland-16, seme 1612, porte 10020)
[19:50:16]      utente 12 nato in 13.0 s
[19:50:16]    tutti dentro (46 s dopo l'inizio del livello): lavoro fino alle 20:00:16
[19:57:46]    SIGUSR1 a 12 attori (foto piena), 30 s prima della finestra
[19:57:48]    foto scritte: 12/12 in 2 s
[19:58:16]    controllo corto: chrome su wayland-4
[19:59:26]    controllo corto: PASS (codice 0)
[20:00:24]    ▶ livello-12: GREEN — 13 GREEN · 0 DEGRADED · 0 FAIL
[20:00:24] ══ livello-16: 16 utenti, 30 min (gradino) ══
[20:00:26]    + utente 13 (pid 1424603, wayland-17, seme 1613, porte 10030)
[20:00:37]      utente 13 nato in 11.0 s
[20:00:37]    + utente 14 (pid 1427006, wayland-18, seme 1614, porte 10040)
[20:00:49]      utente 14 nato in 12.0 s
[20:00:49]    + utente 15 (pid 1429791, wayland-19, seme 1615, porte 10050)
[20:00:59]      utente 15 nato in 10.0 s
[20:00:59]    + utente 16 (pid 1432314, wayland-20, seme 1616, porte 10060)
[20:01:12]      utente 16 nato in 13.5 s
[20:01:12]    tutti dentro (48 s dopo l'inizio del livello): lavoro fino alle 20:31:12
[20:28:42]    SIGUSR1 a 16 attori (foto piena), 30 s prima della finestra
[20:28:44]    foto scritte: 16/16 in 2 s
[20:29:12]    controllo corto: firefox su wayland-4
[20:30:20]    controllo corto: PASS (codice 0)
[20:31:39]    ▶ livello-16: GREEN — 17 GREEN · 0 DEGRADED · 0 FAIL
[20:31:39] ⏹ FINE: ultimo livello buono 16 · rottura None
[20:31:39]    fermo 16 attori (SIGTERM: sgomberano da se')
[20:31:46]    compositori spenti (17)
[20:31:52]    server rimesso col tetto predefinito (codice 0, tetto 10)
[20:31:52] fine · [{"livello": 1, "nome": "livello-01", "tipo": "gradino", "classe": "GREEN", "significativo": false, "dir": "/media/REMOTIX/misure/fase16/amd-b-fhd-gnome/livello-01"}, {"livello": 4, "nome": "livello-04", "tipo": "gradino", "classe": "DEGRADED", "significativo": false, "dir": "/media/REMOTIX/misure/fase16/amd-b-fhd-gnome/livello-04"}, {"livello": 8, "nome": "livello-08", "tipo": "gradino", "classe": "GREEN", "significativo": false, "dir": "/media/REMOTIX/misure/fase16/amd-b-fhd-gnome/livello-08"}, {"livello": 12, "nome": "livello-12", "tipo": "gradino", "classe": "GREEN", "significativo": false, "dir": "/media/REMOTIX/misure/fase16/amd-b-fhd-gnome/livello-12"}, {"livello": 16, "nome": "livello-16", "tipo": "gradino", "classe": "GREEN", "significativo": false, "dir": "/media/REMOTIX/misure/fase16/amd-b-fhd-gnome/livello-16"}]
[20:31:53] ⭐ SALITA amd-b-4k-kde · kde · 4k (3840x2160) · gradini 1,4,8,12,16 · 10 min (ultimo 30) · tetto 17
[20:31:53]    scheda della scatola: amd · browser-cliente sulla Intel
[20:31:53]    commit del prodotto: 678a2da
[20:31:53]    kernel 7.0 · Intel UHD 770 (i5-13500T) [i915] + AMD Radeon RX 6800 [amdgpu] · binario 28a947f5 · pagina fb9a18f3 · banchi 678a2da+modifiche
[20:31:57]    scatola accendi: codice 0 in 3 s ·   OK  dentro ci sono solo i nodi della Radeon: card0 card1 renderD128 renderD129
[20:31:58]    scatola prodotto: codice 0 in 1 s ·   OK  la catena PAM del prodotto e installata
[20:31:58]    scatola server: codice 0 in 1 s ·       righe rosse nel registro di avvio: 7
[20:31:58]    ⭐ scheda della scatola: AMD Radeon RX 6800 [amdgpu] 0000:03:00.0 = renderD128 dentro
[20:31:59]    ⭐ tetto delle sessioni in vigore: 17
[20:31:59]    scatola: binario 28a947f5 · pagina fb9a18f3 · --tetto-sessioni 17 -- --journal ; · dri card0,card1,renderD128,renderD129 · VA Driver version: Mesa Gallium driver 25.0.7-2+deb13u1 for AMD Radeon RX 6800 (radeonsi, navi21, LLVM 19.1.7, DRM 3.64, 7.0)
[20:31:59] ══ livello-01: 1 utenti, 10 min (gradino) ══
[20:32:00]    + utente 01 (pid 1670021, wayland-5, seme 1601, porte 9910)
[20:32:13]      utente 01 nato in 13.0 s
[20:32:13]    tutti dentro (14 s dopo l'inizio del livello): lavoro fino alle 20:42:13
[20:39:43]    SIGUSR1 a 1 attori (foto piena), 30 s prima della finestra
[20:39:44]    foto scritte: 1/1 in 1 s
[20:40:13]    controllo corto: firefox su wayland-4
[20:41:25]    controllo corto: PASS (codice 0)
[20:42:15]    ▶ livello-01: DEGRADED (significativo) — 1 GREEN · 1 DEGRADED · 0 FAIL · ⛔ DEGRADED SIGNIFICATIVO (piu' di un quarto degli attori DEGRADED (1 su 1)): non si sale
[20:42:15] ⚠ 1 utenti: DEGRADED — si RIPETE nelle stesse condizioni (§14), da scatola pulita
[20:42:15]    fermo 1 attori (SIGTERM: sgomberano da se')
[20:42:20]    scatola accendi: codice 0 in 2 s ·   OK  dentro ci sono solo i nodi della Radeon: card0 card1 renderD128 renderD129
[20:42:21]    scatola prodotto: codice 0 in 1 s ·   OK  la catena PAM del prodotto e installata
[20:42:22]    scatola server: codice 0 in 1 s ·       righe rosse nel registro di avvio: 7
[20:42:22]    ⭐ scheda della scatola: AMD Radeon RX 6800 [amdgpu] 0000:03:00.0 = renderD128 dentro
[20:42:22]    ⭐ tetto delle sessioni in vigore: 17
[20:42:22]    scatola: binario 28a947f5 · pagina fb9a18f3 · --tetto-sessioni 17 -- --journal ; · dri card0,card1,renderD128,renderD129 · VA Driver version: Mesa Gallium driver 25.0.7-2+deb13u1 for AMD Radeon RX 6800 (radeonsi, navi21, LLVM 19.1.7, DRM 3.64, 7.0)
[20:42:22] ══ livello-01-ripetizione: 1 utenti, 10 min (ripetizione) ══
[20:42:22]    + utente 01 (pid 1682704, wayland-5, seme 1601, porte 9910)
[20:42:35]      utente 01 nato in 13.0 s
[20:42:35]    tutti dentro (13 s dopo l'inizio del livello): lavoro fino alle 20:52:35
[20:50:05]    SIGUSR1 a 1 attori (foto piena), 30 s prima della finestra
[20:50:06]    foto scritte: 1/1 in 1 s
[20:50:35]    controllo corto: chrome su wayland-4
[20:51:49]    controllo corto: PASS (codice 0)
[20:52:37]    ▶ livello-01-ripetizione: DEGRADED (significativo) — 1 GREEN · 1 DEGRADED · 0 FAIL · ⛔ DEGRADED SIGNIFICATIVO (piu' di un quarto degli attori DEGRADED (1 su 1)): non si sale
[20:52:37] ⛔ confermato: 1 utenti DEGRADED due volte
[20:52:37] ⏹ FINE: ultimo livello buono 0 · rottura 1
[20:52:37]    fermo 1 attori (SIGTERM: sgomberano da se')
[20:52:40]    compositori spenti (2)
[20:52:42]    server rimesso col tetto predefinito (codice 0, tetto 10)
[20:52:42] fine · [{"livello": 1, "nome": "livello-01", "tipo": "gradino", "classe": "DEGRADED", "significativo": true, "dir": "/media/REMOTIX/misure/fase16/amd-b-4k-kde/livello-01"}, {"livello": 1, "nome": "livello-01-ripetizione", "tipo": "ripetizione", "classe": "DEGRADED", "significativo": true, "dir": "/media/REMOTIX/misure/fase16/amd-b-4k-kde/livello-01-ripetizione"}]
[20:52:54] ⭐ SALITA amd-b-3k-kde · kde · 3k (3200x1800) · gradini 1,4,8,12,16 · 10 min (ultimo 30) · tetto 17
[20:52:54]    scheda della scatola: amd · browser-cliente sulla Intel
[20:52:54]    commit del prodotto: 678a2da
[20:52:54]    kernel 7.0 · Intel UHD 770 (i5-13500T) [i915] + AMD Radeon RX 6800 [amdgpu] · binario 28a947f5 · pagina fb9a18f3 · banchi 678a2da+modifiche
[20:52:56]    scatola accendi: codice 0 in 2 s ·   OK  dentro ci sono solo i nodi della Radeon: card0 card1 renderD128 renderD129
[20:52:57]    scatola prodotto: codice 0 in 1 s ·   OK  la catena PAM del prodotto e installata
[20:52:58]    scatola server: codice 0 in 1 s ·       righe rosse nel registro di avvio: 7
[20:52:58]    ⭐ scheda della scatola: AMD Radeon RX 6800 [amdgpu] 0000:03:00.0 = renderD128 dentro
[20:52:58]    ⭐ tetto delle sessioni in vigore: 17
[20:52:59]    scatola: binario 28a947f5 · pagina fb9a18f3 · --tetto-sessioni 17 -- --journal ; · dri card0,card1,renderD128,renderD129 · VA Driver version: Mesa Gallium driver 25.0.7-2+deb13u1 for AMD Radeon RX 6800 (radeonsi, navi21, LLVM 19.1.7, DRM 3.64, 7.0)
[20:52:59] ══ livello-01: 1 utenti, 10 min (gradino) ══
[20:53:00]    + utente 01 (pid 1696425, wayland-5, seme 1601, porte 9910)
[20:53:12]      utente 01 nato in 12.5 s
[20:53:12]    tutti dentro (13 s dopo l'inizio del livello): lavoro fino alle 21:03:12
[21:00:42]    SIGUSR1 a 1 attori (foto piena), 30 s prima della finestra
[21:00:43]    foto scritte: 1/1 in 1 s
[21:01:12]    controllo corto: firefox su wayland-4
[21:02:21]    controllo corto: PASS (codice 0)
[21:03:14]    ▶ livello-01: GREEN — 2 GREEN · 0 DEGRADED · 0 FAIL
[21:03:14] ══ livello-04: 4 utenti, 10 min (gradino) ══
[21:03:16]    + utente 02 (pid 1707899, wayland-6, seme 1602, porte 9920)
[21:03:36]      utente 02 nato in 20.0 s
[21:03:36]    + utente 03 (pid 1709248, wayland-7, seme 1603, porte 9930)
[21:03:47]      utente 03 nato in 11.0 s
[21:03:47]    + utente 04 (pid 1710816, wayland-8, seme 1604, porte 9940)
[21:04:08]      utente 04 nato in 21.5 s
[21:04:08]    tutti dentro (54 s dopo l'inizio del livello): lavoro fino alle 21:14:08
[21:11:38]    SIGUSR1 a 4 attori (foto piena), 30 s prima della finestra
[21:11:39]    foto scritte: 4/4 in 1 s
[21:12:08]    controllo corto: chrome su wayland-4
[21:13:21]    controllo corto: PASS (codice 0)
[21:14:12]    ▶ livello-04: GREEN — 5 GREEN · 0 DEGRADED · 0 FAIL
[21:14:12] ══ livello-08: 8 utenti, 10 min (gradino) ══
[21:14:14]    + utente 05 (pid 1738667, wayland-9, seme 1605, porte 9950)
[21:14:27]      utente 05 nato in 13.0 s
[21:14:27]    + utente 06 (pid 1740538, wayland-10, seme 1606, porte 9960)
[21:14:47]      utente 06 nato in 20.0 s
[21:14:47]    + utente 07 (pid 1743451, wayland-11, seme 1607, porte 9970)
[21:14:58]      utente 07 nato in 11.5 s
[21:14:58]    + utente 08 (pid 1745190, wayland-12, seme 1608, porte 9980)
[21:15:19]      utente 08 nato in 21.0 s
[21:15:19]    tutti dentro (67 s dopo l'inizio del livello): lavoro fino alle 21:25:19
[21:22:49]    SIGUSR1 a 8 attori (foto piena), 30 s prima della finestra
[21:22:51]    foto scritte: 8/8 in 2 s
[21:23:19]    controllo corto: firefox su wayland-4
[21:24:30]    controllo corto: PASS (codice 0)
[21:25:27]    ▶ livello-08: DEGRADED (significativo) — 6 GREEN · 3 DEGRADED · 0 FAIL · ⛔ DEGRADED SIGNIFICATIVO (piu' di un quarto degli attori DEGRADED (3 su 8)): non si sale
[21:25:27] ⚠ 8 utenti: DEGRADED — si RIPETE nelle stesse condizioni (§14), da scatola pulita
[21:25:27]    fermo 8 attori (SIGTERM: sgomberano da se')
[21:25:33]    scatola accendi: codice 0 in 2 s ·   OK  dentro ci sono solo i nodi della Radeon: card0 card1 renderD128 renderD129
[21:25:34]    scatola prodotto: codice 0 in 1 s ·   OK  la catena PAM del prodotto e installata
[21:25:35]    scatola server: codice 0 in 1 s ·       righe rosse nel registro di avvio: 7
[21:25:35]    ⭐ scheda della scatola: AMD Radeon RX 6800 [amdgpu] 0000:03:00.0 = renderD128 dentro
[21:25:35]    ⭐ tetto delle sessioni in vigore: 17
[21:25:35]    scatola: binario 28a947f5 · pagina fb9a18f3 · --tetto-sessioni 17 -- --journal ; · dri card0,card1,renderD128,renderD129 · VA Driver version: Mesa Gallium driver 25.0.7-2+deb13u1 for AMD Radeon RX 6800 (radeonsi, navi21, LLVM 19.1.7, DRM 3.64, 7.0)
[21:25:35] ══ livello-08-ripetizione: 8 utenti, 10 min (ripetizione) ══
[21:25:36]    + utente 01 (pid 1796827, wayland-5, seme 1601, porte 9910)
[21:25:48]      utente 01 nato in 12.5 s
[21:25:48]    + utente 02 (pid 1798296, wayland-6, seme 1602, porte 9920)
[21:26:08]      utente 02 nato in 20.0 s
[21:26:08]    + utente 03 (pid 1800320, wayland-7, seme 1603, porte 9930)
[21:26:19]      utente 03 nato in 11.0 s
[21:26:19]    + utente 04 (pid 1801812, wayland-8, seme 1604, porte 9940)
[21:26:40]      utente 04 nato in 21.0 s
[21:26:40]    + utente 05 (pid 1803911, wayland-9, seme 1605, porte 9950)
[21:26:53]      utente 05 nato in 13.0 s
[21:26:53]    + utente 06 (pid 1806662, wayland-10, seme 1606, porte 9960)
[21:27:13]      utente 06 nato in 20.0 s
[21:27:13]    + utente 07 (pid 1809364, wayland-11, seme 1607, porte 9970)
[21:27:25]      utente 07 nato in 12.0 s
[21:27:25]    + utente 08 (pid 1811316, wayland-12, seme 1608, porte 9980)
[21:27:47]      utente 08 nato in 21.5 s
[21:27:47]    tutti dentro (131 s dopo l'inizio del livello): lavoro fino alle 21:37:47
[21:35:17]    SIGUSR1 a 8 attori (foto piena), 30 s prima della finestra
[21:35:19]    foto scritte: 8/8 in 2 s
[21:35:47]    controllo corto: chrome su wayland-4
[21:37:01]    controllo corto: PASS (codice 0)
[21:37:54]    ▶ livello-08-ripetizione: DEGRADED — 8 GREEN · 1 DEGRADED · 0 FAIL · DEGRADED non significativo
[21:37:54]    la ripetizione dice DEGRADED: non confermato, si sale
[21:37:54] ══ livello-12: 12 utenti, 10 min (gradino) ══
[21:37:56]    + utente 09 (pid 1860567, wayland-13, seme 1609, porte 9990)
[21:38:09]      utente 09 nato in 13.5 s
[21:38:09]    + utente 10 (pid 1862859, wayland-14, seme 1610, porte 10000)
[21:38:30]      utente 10 nato in 20.5 s
[21:38:30]    + utente 11 (pid 1866258, wayland-15, seme 1611, porte 10010)
[21:38:42]      utente 11 nato in 12.0 s
[21:38:42]    + utente 12 (pid 1868337, wayland-16, seme 1612, porte 10020)
[21:39:04]      utente 12 nato in 22.5 s
[21:39:04]    tutti dentro (70 s dopo l'inizio del livello): lavoro fino alle 21:49:04
[21:46:34]    SIGUSR1 a 12 attori (foto piena), 30 s prima della finestra
[21:46:37]    foto scritte: 12/12 in 3 s
[21:47:04]    controllo corto: firefox su wayland-4
[21:48:18]    controllo corto: PASS (codice 0)
[21:49:16]    ▶ livello-12: DEGRADED (significativo) — 5 GREEN · 8 DEGRADED · 0 FAIL · ⛔ DEGRADED SIGNIFICATIVO (piu' di un quarto degli attori DEGRADED (8 su 12)): non si sale
[21:49:16] ⚠ 12 utenti: DEGRADED — si RIPETE nelle stesse condizioni (§14), da scatola pulita
[21:49:16]    fermo 12 attori (SIGTERM: sgomberano da se')
[21:49:23]    scatola accendi: codice 0 in 2 s ·   OK  dentro ci sono solo i nodi della Radeon: card0 card1 renderD128 renderD129
[21:49:24]    scatola prodotto: codice 0 in 1 s ·   OK  la catena PAM del prodotto e installata
[21:49:25]    scatola server: codice 0 in 1 s ·       righe rosse nel registro di avvio: 7
[21:49:25]    ⭐ scheda della scatola: AMD Radeon RX 6800 [amdgpu] 0000:03:00.0 = renderD128 dentro
[21:49:25]    ⭐ tetto delle sessioni in vigore: 17
[21:49:26]    scatola: binario 28a947f5 · pagina fb9a18f3 · --tetto-sessioni 17 -- --journal ; · dri card0,card1,renderD128,renderD129 · VA Driver version: Mesa Gallium driver 25.0.7-2+deb13u1 for AMD Radeon RX 6800 (radeonsi, navi21, LLVM 19.1.7, DRM 3.64, 7.0)
[21:49:26] ══ livello-12-ripetizione: 12 utenti, 10 min (ripetizione) ══
[21:49:26]    + utente 01 (pid 1940129, wayland-5, seme 1601, porte 9910)
[21:49:38]      utente 01 nato in 12.5 s
[21:49:38]    + utente 02 (pid 1941600, wayland-6, seme 1602, porte 9920)
[21:49:56]      utente 02 nato in 17.5 s
[21:49:56]    + utente 03 (pid 1943626, wayland-7, seme 1603, porte 9930)
[21:50:07]      utente 03 nato in 11.5 s
[21:50:07]    + utente 04 (pid 1945137, wayland-8, seme 1604, porte 9940)
[21:50:26]      utente 04 nato in 19.0 s
[21:50:26]    + utente 05 (pid 1947206, wayland-9, seme 1605, porte 9950)
[21:50:39]      utente 05 nato in 13.0 s
[21:50:39]    + utente 06 (pid 1949782, wayland-10, seme 1606, porte 9960)
[21:50:59]      utente 06 nato in 20.0 s
[21:50:59]    + utente 07 (pid 1952596, wayland-11, seme 1607, porte 9970)
[21:51:11]      utente 07 nato in 12.0 s
[21:51:11]    + utente 08 (pid 1954403, wayland-12, seme 1608, porte 9980)
[21:51:33]      utente 08 nato in 21.5 s
[21:51:33]    + utente 09 (pid 1957401, wayland-13, seme 1609, porte 9990)
[21:51:46]      utente 09 nato in 13.5 s
[21:51:46]    + utente 10 (pid 1960610, wayland-14, seme 1610, porte 10000)
[21:52:06]      utente 10 nato in 19.5 s
[21:52:06]    + utente 11 (pid 1964164, wayland-15, seme 1611, porte 10010)
[21:52:19]      utente 11 nato in 13.5 s
[21:52:19]    + utente 12 (pid 1966834, wayland-16, seme 1612, porte 10020)
[21:52:39]      utente 12 nato in 19.5 s
[21:52:39]    tutti dentro (193 s dopo l'inizio del livello): lavoro fino alle 22:02:39
[22:00:09]    SIGUSR1 a 12 attori (foto piena), 30 s prima della finestra
[22:00:11]    foto scritte: 12/12 in 2 s
[22:00:39]    controllo corto: chrome su wayland-4
[22:01:56]    controllo corto: PASS (codice 0)
[22:02:51]    ▶ livello-12-ripetizione: DEGRADED (significativo) — 4 GREEN · 9 DEGRADED · 0 FAIL · ⛔ DEGRADED SIGNIFICATIVO (piu' di un quarto degli attori DEGRADED (9 su 12)): non si sale
[22:02:51] ⛔ confermato: 12 utenti DEGRADED due volte
[22:02:51] 🔎 ricerca a meta' fra 8 (buono) e 12 (rotto): 10 utenti
[22:02:51]    fermo 12 attori (SIGTERM: sgomberano da se')
[22:02:59]    scatola accendi: codice 0 in 2 s ·   OK  dentro ci sono solo i nodi della Radeon: card0 card1 renderD128 renderD129
[22:02:59]    scatola prodotto: codice 0 in 1 s ·   OK  la catena PAM del prodotto e installata
[22:03:00]    scatola server: codice 0 in 1 s ·       righe rosse nel registro di avvio: 7
[22:03:00]    ⭐ scheda della scatola: AMD Radeon RX 6800 [amdgpu] 0000:03:00.0 = renderD128 dentro
[22:03:00]    ⭐ tetto delle sessioni in vigore: 17
[22:03:01]    scatola: binario 28a947f5 · pagina fb9a18f3 · --tetto-sessioni 17 -- --journal ; · dri card0,card1,renderD128,renderD129 · VA Driver version: Mesa Gallium driver 25.0.7-2+deb13u1 for AMD Radeon RX 6800 (radeonsi, navi21, LLVM 19.1.7, DRM 3.64, 7.0)
[22:03:01] ══ livello-10: 10 utenti, 10 min (ricerca) ══
[22:03:01]    + utente 01 (pid 2039726, wayland-5, seme 1601, porte 9910)
[22:03:14]      utente 01 nato in 12.5 s
[22:03:14]    + utente 02 (pid 2041195, wayland-6, seme 1602, porte 9920)
[22:03:34]      utente 02 nato in 20.0 s
[22:03:34]    + utente 03 (pid 2043265, wayland-7, seme 1603, porte 9930)
[22:03:45]      utente 03 nato in 11.0 s
[22:03:45]    + utente 04 (pid 2044764, wayland-8, seme 1604, porte 9940)
[22:04:04]      utente 04 nato in 19.0 s
[22:04:04]    + utente 05 (pid 2046829, wayland-9, seme 1605, porte 9950)
[22:04:16]      utente 05 nato in 12.5 s
[22:04:16]    + utente 06 (pid 2049406, wayland-10, seme 1606, porte 9960)
[22:04:36]      utente 06 nato in 20.0 s
[22:04:36]    + utente 07 (pid 2052235, wayland-11, seme 1607, porte 9970)
[22:04:48]      utente 07 nato in 11.5 s
[22:04:48]    + utente 08 (pid 2054043, wayland-12, seme 1608, porte 9980)
[22:05:09]      utente 08 nato in 21.0 s
[22:05:09]    + utente 09 (pid 2057125, wayland-13, seme 1609, porte 9990)
[22:05:22]      utente 09 nato in 13.0 s
[22:05:22]    + utente 10 (pid 2060369, wayland-14, seme 1610, porte 10000)
[22:05:40]      utente 10 nato in 18.0 s
[22:05:40]    tutti dentro (159 s dopo l'inizio del livello): lavoro fino alle 22:15:40
[22:13:10]    SIGUSR1 a 10 attori (foto piena), 30 s prima della finestra
[22:13:14]    foto scritte: 10/10 in 4 s
[22:13:40]    controllo corto: firefox su wayland-4
[22:14:53]    controllo corto: PASS (codice 0)
[22:15:49]    ▶ livello-10: DEGRADED (significativo) — 5 GREEN · 6 DEGRADED · 0 FAIL · ⛔ DEGRADED SIGNIFICATIVO (piu' di un quarto degli attori DEGRADED (6 su 10)): non si sale
[22:15:49] 🔎 ricerca a meta' fra 8 (buono) e 10 (rotto): 9 utenti
[22:15:49]    fermo 10 attori (SIGTERM: sgomberano da se')
[22:15:55]    scatola accendi: codice 0 in 2 s ·   OK  dentro ci sono solo i nodi della Radeon: card0 card1 renderD128 renderD129
[22:15:56]    scatola prodotto: codice 0 in 1 s ·   OK  la catena PAM del prodotto e installata
[22:15:57]    scatola server: codice 0 in 1 s ·       righe rosse nel registro di avvio: 7
[22:15:57]    ⭐ scheda della scatola: AMD Radeon RX 6800 [amdgpu] 0000:03:00.0 = renderD128 dentro
[22:15:57]    ⭐ tetto delle sessioni in vigore: 17
[22:15:58]    scatola: binario 28a947f5 · pagina fb9a18f3 · --tetto-sessioni 17 -- --journal ; · dri card0,card1,renderD128,renderD129 · VA Driver version: Mesa Gallium driver 25.0.7-2+deb13u1 for AMD Radeon RX 6800 (radeonsi, navi21, LLVM 19.1.7, DRM 3.64, 7.0)
[22:15:58] ══ livello-09: 9 utenti, 10 min (ricerca) ══
[22:15:58]    + utente 01 (pid 2122635, wayland-5, seme 1601, porte 9910)
[22:16:10]      utente 01 nato in 12.5 s
[22:16:10]    + utente 02 (pid 2124110, wayland-6, seme 1602, porte 9920)
[22:16:28]      utente 02 nato in 17.5 s
[22:16:28]    + utente 03 (pid 2126133, wayland-7, seme 1603, porte 9930)
[22:16:39]      utente 03 nato in 11.5 s
[22:16:39]    + utente 04 (pid 2127651, wayland-8, seme 1604, porte 9940)
[22:16:59]      utente 04 nato in 19.5 s
[22:16:59]    + utente 05 (pid 2129730, wayland-9, seme 1605, porte 9950)
[22:17:11]      utente 05 nato in 12.5 s
[22:17:11]    + utente 06 (pid 2132307, wayland-10, seme 1606, porte 9960)
[22:17:31]      utente 06 nato in 20.0 s
[22:17:31]    + utente 07 (pid 2135094, wayland-11, seme 1607, porte 9970)
[22:17:43]      utente 07 nato in 12.0 s
[22:17:43]    + utente 08 (pid 2136960, wayland-12, seme 1608, porte 9980)
[22:18:05]      utente 08 nato in 21.5 s
[22:18:05]    + utente 09 (pid 2139982, wayland-13, seme 1609, porte 9990)
[22:18:18]      utente 09 nato in 13.5 s
[22:18:18]    tutti dentro (141 s dopo l'inizio del livello): lavoro fino alle 22:28:18
[22:25:48]    SIGUSR1 a 9 attori (foto piena), 30 s prima della finestra
[22:25:50]    foto scritte: 9/9 in 2 s
[22:26:18]    controllo corto: chrome su wayland-4
[22:27:34]    controllo corto: PASS (codice 0)
[22:28:27]    ▶ livello-09: DEGRADED — 9 GREEN · 1 DEGRADED · 0 FAIL · DEGRADED non significativo
[22:28:27] ⏹ FINE: ultimo livello buono 9 · rottura 10
[22:28:27]    fermo 9 attori (SIGTERM: sgomberano da se')
[22:28:33]    compositori spenti (13)
[22:28:38]    server rimesso col tetto predefinito (codice 0, tetto 10)
[22:28:38] fine · [{"livello": 1, "nome": "livello-01", "tipo": "gradino", "classe": "GREEN", "significativo": false, "dir": "/media/REMOTIX/misure/fase16/amd-b-3k-kde/livello-01"}, {"livello": 4, "nome": "livello-04", "tipo": "gradino", "classe": "GREEN", "significativo": false, "dir": "/media/REMOTIX/misure/fase16/amd-b-3k-kde/livello-04"}, {"livello": 8, "nome": "livello-08", "tipo": "gradino", "classe": "DEGRADED", "significativo": true, "dir": "/media/REMOTIX/misure/fase16/amd-b-3k-kde/livello-08"}, {"livello": 8, "nome": "livello-08-ripetizione", "tipo": "ripetizione", "classe": "DEGRADED", "significativo": false, "dir": "/media/REMOTIX/misure/fase16/amd-b-3k-kde/livello-08-ripetizione"}, {"livello": 12, "nome": "livello-12", "tipo": "gradino", "classe": "DEGRADED", "significativo": true, "dir": "/media/REMOTIX/misure/fase16/amd-b-3k-kde/livello-12"}, {"livello": 12, "nome": "livello-12-ripetizione", "tipo": "ripetizione", "classe": "DEGRADED", "significativo": true, "dir": "/media/REMOTIX/misure/fase16/amd-b-3k-kde/livello-12-ripetizione"}, {"livello": 10, "nome": "livello-10", "tipo": "ricerca", "classe": "DEGRADED", "significativo": true, "dir": "/media/REMOTIX/misure/fase16/amd-b-3k-kde/livello-10"}, {"livello": 9, "nome": "livello-09", "tipo": "ricerca", "classe": "DEGRADED", "significativo": false, "dir": "/media/REMOTIX/misure/fase16/amd-b-3k-kde/livello-09"}]
[22:28:51] ⭐ SALITA amd-b-2k-kde · kde · 2k (2560x1440) · gradini 1,4,8,12,16 · 10 min (ultimo 30) · tetto 17
[22:28:51]    scheda della scatola: amd · browser-cliente sulla Intel
[22:28:51]    commit del prodotto: 678a2da
[22:28:51]    kernel 7.0 · Intel UHD 770 (i5-13500T) [i915] + AMD Radeon RX 6800 [amdgpu] · binario 28a947f5 · pagina fb9a18f3 · banchi 678a2da+modifiche
[22:28:53]    scatola accendi: codice 0 in 2 s ·   OK  dentro ci sono solo i nodi della Radeon: card0 card1 renderD128 renderD129
[22:28:54]    scatola prodotto: codice 0 in 1 s ·   OK  la catena PAM del prodotto e installata
[22:28:54]    scatola server: codice 0 in 1 s ·       righe rosse nel registro di avvio: 7
[22:28:55]    ⭐ scheda della scatola: AMD Radeon RX 6800 [amdgpu] 0000:03:00.0 = renderD128 dentro
[22:28:55]    ⭐ tetto delle sessioni in vigore: 17
[22:28:55]    scatola: binario 28a947f5 · pagina fb9a18f3 · --tetto-sessioni 17 -- --journal ; · dri card0,card1,renderD128,renderD129 · VA Driver version: Mesa Gallium driver 25.0.7-2+deb13u1 for AMD Radeon RX 6800 (radeonsi, navi21, LLVM 19.1.7, DRM 3.64, 7.0)
[22:28:55] ══ livello-01: 1 utenti, 10 min (gradino) ══
[22:28:56]    + utente 01 (pid 2199565, wayland-5, seme 1601, porte 9910)
[22:29:08]      utente 01 nato in 12.5 s
[22:29:08]    tutti dentro (13 s dopo l'inizio del livello): lavoro fino alle 22:39:08
[22:36:38]    SIGUSR1 a 1 attori (foto piena), 30 s prima della finestra
[22:36:39]    foto scritte: 1/1 in 1 s
[22:37:08]    controllo corto: firefox su wayland-4
[22:38:16]    controllo corto: PASS (codice 0)
[22:39:11]    ▶ livello-01: GREEN — 2 GREEN · 0 DEGRADED · 0 FAIL
[22:39:11] ══ livello-04: 4 utenti, 10 min (gradino) ══
[22:39:12]    + utente 02 (pid 2211077, wayland-6, seme 1602, porte 9920)
[22:39:29]      utente 02 nato in 17.5 s
[22:39:29]    + utente 03 (pid 2212433, wayland-7, seme 1603, porte 9930)
[22:39:40]      utente 03 nato in 11.0 s
[22:39:40]    + utente 04 (pid 2214023, wayland-8, seme 1604, porte 9940)
[22:40:02]      utente 04 nato in 21.5 s
[22:40:02]    tutti dentro (51 s dopo l'inizio del livello): lavoro fino alle 22:50:02
[22:47:32]    SIGUSR1 a 4 attori (foto piena), 30 s prima della finestra
[22:47:33]    foto scritte: 4/4 in 1 s
[22:48:02]    controllo corto: chrome su wayland-4
[22:49:13]    controllo corto: PASS (codice 0)
[22:50:06]    ▶ livello-04: DEGRADED — 4 GREEN · 1 DEGRADED · 0 FAIL · DEGRADED non significativo
[22:50:06] ══ livello-08: 8 utenti, 10 min (gradino) ══
[22:50:07]    + utente 05 (pid 2241820, wayland-9, seme 1605, porte 9950)
[22:50:20]      utente 05 nato in 12.5 s
[22:50:20]    + utente 06 (pid 2243649, wayland-10, seme 1606, porte 9960)
[22:50:40]      utente 06 nato in 20.0 s
[22:50:40]    + utente 07 (pid 2246620, wayland-11, seme 1607, porte 9970)
[22:50:51]      utente 07 nato in 11.0 s
[22:50:51]    + utente 08 (pid 2248231, wayland-12, seme 1608, porte 9980)
[22:51:10]      utente 08 nato in 19.0 s
[22:51:10]    tutti dentro (64 s dopo l'inizio del livello): lavoro fino alle 23:01:10
[22:58:40]    SIGUSR1 a 8 attori (foto piena), 30 s prima della finestra
[22:58:42]    foto scritte: 8/8 in 2 s
[22:59:10]    controllo corto: firefox su wayland-4
[23:00:18]    controllo corto: PASS (codice 0)
[23:01:18]    ▶ livello-08: GREEN — 9 GREEN · 0 DEGRADED · 0 FAIL
[23:01:18] ══ livello-12: 12 utenti, 10 min (gradino) ══
[23:01:19]    + utente 09 (pid 2297609, wayland-13, seme 1609, porte 9990)
[23:01:32]      utente 09 nato in 12.5 s
[23:01:32]    + utente 10 (pid 2300017, wayland-14, seme 1610, porte 10000)
[23:01:52]      utente 10 nato in 20.0 s
[23:01:52]    + utente 11 (pid 2303197, wayland-15, seme 1611, porte 10010)
[23:02:03]      utente 11 nato in 11.5 s
[23:02:03]    + utente 12 (pid 2305350, wayland-16, seme 1612, porte 10020)
[23:02:26]      utente 12 nato in 22.5 s
[23:02:26]    tutti dentro (68 s dopo l'inizio del livello): lavoro fino alle 23:12:26
[23:09:56]    SIGUSR1 a 12 attori (foto piena), 30 s prima della finestra
[23:09:57]    foto scritte: 12/12 in 1 s
[23:10:26]    controllo corto: chrome su wayland-4
[23:11:41]    controllo corto: PASS (codice 0)
[23:12:37]    ▶ livello-12: DEGRADED — 10 GREEN · 3 DEGRADED · 0 FAIL · DEGRADED non significativo
[23:12:37] ══ livello-16: 16 utenti, 30 min (gradino) ══
[23:12:39]    + utente 13 (pid 2372954, wayland-17, seme 1613, porte 10030)
[23:12:54]      utente 13 nato in 15.0 s
[23:12:54]    + utente 14 (pid 2375914, wayland-18, seme 1614, porte 10040)
[23:13:14]      utente 14 nato in 20.0 s
[23:13:14]    + utente 15 (pid 2379469, wayland-19, seme 1615, porte 10050)
[23:13:27]      utente 15 nato in 13.5 s
[23:13:27]    + utente 16 (pid 2382494, wayland-20, seme 1616, porte 10060)
[23:13:48]      utente 16 nato in 20.5 s
[23:13:48]    tutti dentro (71 s dopo l'inizio del livello): lavoro fino alle 23:43:48
[23:41:18]    SIGUSR1 a 16 attori (foto piena), 30 s prima della finestra
[23:41:20]    foto scritte: 16/16 in 2 s
[23:41:48]    controllo corto: firefox su wayland-4
[23:43:03]    controllo corto: PASS (codice 0)
[23:44:27]    ▶ livello-16: DEGRADED (significativo) — 9 GREEN · 8 DEGRADED · 0 FAIL · ⛔ DEGRADED SIGNIFICATIVO (piu' di un quarto degli attori DEGRADED (8 su 16)): non si sale
[23:44:27] ⚠ 16 utenti: DEGRADED — si RIPETE nelle stesse condizioni (§14), da scatola pulita
[23:44:27]    fermo 16 attori (SIGTERM: sgomberano da se')
[23:44:35]    scatola accendi: codice 0 in 2 s ·   OK  dentro ci sono solo i nodi della Radeon: card0 card1 renderD128 renderD129
[23:44:36]    scatola prodotto: codice 0 in 1 s ·   OK  la catena PAM del prodotto e installata
[23:44:37]    scatola server: codice 0 in 1 s ·       righe rosse nel registro di avvio: 7
[23:44:37]    ⭐ scheda della scatola: AMD Radeon RX 6800 [amdgpu] 0000:03:00.0 = renderD128 dentro
[23:44:37]    ⭐ tetto delle sessioni in vigore: 17
[23:44:38]    scatola: binario 28a947f5 · pagina fb9a18f3 · --tetto-sessioni 17 -- --journal ; · dri card0,card1,renderD128,renderD129 · VA Driver version: Mesa Gallium driver 25.0.7-2+deb13u1 for AMD Radeon RX 6800 (radeonsi, navi21, LLVM 19.1.7, DRM 3.64, 7.0)
[23:44:38] ══ livello-16-ripetizione: 16 utenti, 30 min (ripetizione) ══
[23:44:38]    + utente 01 (pid 2621159, wayland-5, seme 1601, porte 9910)
[23:44:50]      utente 01 nato in 12.5 s
[23:44:50]    + utente 02 (pid 2622640, wayland-6, seme 1602, porte 9920)
[23:45:10]      utente 02 nato in 20.0 s
[23:45:10]    + utente 03 (pid 2624708, wayland-7, seme 1603, porte 9930)
[23:45:21]      utente 03 nato in 11.0 s
[23:45:21]    + utente 04 (pid 2626188, wayland-8, seme 1604, porte 9940)
[23:45:40]      utente 04 nato in 19.0 s
[23:45:40]    + utente 05 (pid 2628269, wayland-9, seme 1605, porte 9950)
[23:45:53]      utente 05 nato in 12.5 s
[23:45:53]    + utente 06 (pid 2630823, wayland-10, seme 1606, porte 9960)
[23:46:13]      utente 06 nato in 20.0 s
[23:46:13]    + utente 07 (pid 2633670, wayland-11, seme 1607, porte 9970)
[23:46:24]      utente 07 nato in 11.5 s
[23:46:24]    + utente 08 (pid 2635486, wayland-12, seme 1608, porte 9980)
[23:46:45]      utente 08 nato in 21.0 s
[23:46:45]    + utente 09 (pid 2638533, wayland-13, seme 1609, porte 9990)
[23:46:58]      utente 09 nato in 13.0 s
[23:46:58]    + utente 10 (pid 2641691, wayland-14, seme 1610, porte 10000)
[23:47:18]      utente 10 nato in 20.0 s
[23:47:18]    + utente 11 (pid 2645257, wayland-15, seme 1611, porte 10010)
[23:47:31]      utente 11 nato in 12.5 s
[23:47:31]    + utente 12 (pid 2647783, wayland-16, seme 1612, porte 10020)
[23:47:53]      utente 12 nato in 22.0 s
[23:47:53]    + utente 13 (pid 2651545, wayland-17, seme 1613, porte 10030)
[23:48:07]      utente 13 nato in 13.5 s
[23:48:07]    + utente 14 (pid 2655150, wayland-18, seme 1614, porte 10040)
[23:48:25]      utente 14 nato in 18.0 s
[23:48:25]    + utente 15 (pid 2659102, wayland-19, seme 1615, porte 10050)
[23:48:38]      utente 15 nato in 13.5 s
[23:48:38]    + utente 16 (pid 2662238, wayland-20, seme 1616, porte 10060)
[23:49:00]      utente 16 nato in 22.0 s
[23:49:00]    tutti dentro (262 s dopo l'inizio del livello): lavoro fino alle 00:19:00
[00:16:30]    SIGUSR1 a 16 attori (foto piena), 30 s prima della finestra
[00:16:32]    foto scritte: 16/16 in 2 s
[00:17:00]    controllo corto: chrome su wayland-4
[00:18:18]    controllo corto: PASS (codice 0)
[00:19:43]    ▶ livello-16-ripetizione: FAIL (significativo) — 8 GREEN · 8 DEGRADED · 1 FAIL
[00:19:43] ⛔ confermato: 16 utenti FAIL due volte
[00:19:43] 🔎 ricerca a meta' fra 12 (buono) e 16 (rotto): 14 utenti
[00:19:43]    fermo 16 attori (SIGTERM: sgomberano da se')
[00:19:52]    scatola accendi: codice 0 in 3 s ·   OK  dentro ci sono solo i nodi della Radeon: card0 card1 renderD128 renderD129
[00:19:53]    scatola prodotto: codice 0 in 1 s ·   OK  la catena PAM del prodotto e installata
[00:19:54]    scatola server: codice 0 in 1 s ·       righe rosse nel registro di avvio: 7
[00:19:54]    ⭐ scheda della scatola: AMD Radeon RX 6800 [amdgpu] 0000:03:00.0 = renderD128 dentro
[00:19:54]    ⭐ tetto delle sessioni in vigore: 17
[00:19:55]    scatola: binario 28a947f5 · pagina fb9a18f3 · --tetto-sessioni 17 -- --journal ; · dri card0,card1,renderD128,renderD129 · VA Driver version: Mesa Gallium driver 25.0.7-2+deb13u1 for AMD Radeon RX 6800 (radeonsi, navi21, LLVM 19.1.7, DRM 3.64, 7.0)
[00:19:55] ══ livello-14: 14 utenti, 10 min (ricerca) ══
[00:19:55]    + utente 01 (pid 2903443, wayland-5, seme 1601, porte 9910)
[00:20:07]      utente 01 nato in 12.5 s
[00:20:07]    + utente 02 (pid 2904916, wayland-6, seme 1602, porte 9920)
[00:20:27]      utente 02 nato in 19.5 s
[00:20:27]    + utente 03 (pid 2906985, wayland-7, seme 1603, porte 9930)
[00:20:38]      utente 03 nato in 11.0 s
[00:20:38]    + utente 04 (pid 2908477, wayland-8, seme 1604, porte 9940)
[00:20:59]      utente 04 nato in 21.0 s
[00:20:59]    + utente 05 (pid 2910604, wayland-9, seme 1605, porte 9950)
[00:21:12]      utente 05 nato in 13.0 s
[00:21:12]    + utente 06 (pid 2913299, wayland-10, seme 1606, porte 9960)
[00:21:31]      utente 06 nato in 19.5 s
[00:21:31]    + utente 07 (pid 2915931, wayland-11, seme 1607, porte 9970)
[00:21:43]      utente 07 nato in 12.0 s
[00:21:43]    + utente 08 (pid 2917892, wayland-12, seme 1608, porte 9980)
[00:22:05]      utente 08 nato in 21.5 s
[00:22:05]    + utente 09 (pid 2920865, wayland-13, seme 1609, porte 9990)
[00:22:18]      utente 09 nato in 13.0 s
[00:22:18]    + utente 10 (pid 2924041, wayland-14, seme 1610, porte 10000)
[00:22:36]      utente 10 nato in 18.0 s
[00:22:36]    + utente 11 (pid 2927558, wayland-15, seme 1611, porte 10010)
[00:22:50]      utente 11 nato in 14.0 s
[00:22:50]    + utente 12 (pid 2930166, wayland-16, seme 1612, porte 10020)
[00:23:11]      utente 12 nato in 21.5 s
[00:23:11]    + utente 13 (pid 2933859, wayland-17, seme 1613, porte 10030)
[00:23:25]      utente 13 nato in 13.5 s
[00:23:25]    + utente 14 (pid 2937375, wayland-18, seme 1614, porte 10040)
[00:23:43]      utente 14 nato in 18.0 s
[00:23:43]    tutti dentro (228 s dopo l'inizio del livello): lavoro fino alle 00:33:43
[00:31:13]    SIGUSR1 a 14 attori (foto piena), 30 s prima della finestra
[00:31:15]    foto scritte: 14/14 in 2 s
[00:31:43]    controllo corto: firefox su wayland-4
[00:32:55]    controllo corto: PASS (codice 0)
[00:33:57]    ▶ livello-14: DEGRADED (significativo) — 10 GREEN · 5 DEGRADED · 0 FAIL · ⛔ DEGRADED SIGNIFICATIVO (piu' di un quarto degli attori DEGRADED (5 su 14)): non si sale
[00:33:57] 🔎 ricerca a meta' fra 12 (buono) e 14 (rotto): 13 utenti
[00:33:57]    fermo 14 attori (SIGTERM: sgomberano da se')
[00:34:05]    scatola accendi: codice 0 in 3 s ·   OK  dentro ci sono solo i nodi della Radeon: card0 card1 renderD128 renderD129
[00:34:06]    scatola prodotto: codice 0 in 1 s ·   OK  la catena PAM del prodotto e installata
[00:34:07]    scatola server: codice 0 in 1 s ·       righe rosse nel registro di avvio: 7
[00:34:07]    ⭐ scheda della scatola: AMD Radeon RX 6800 [amdgpu] 0000:03:00.0 = renderD128 dentro
[00:34:07]    ⭐ tetto delle sessioni in vigore: 17
[00:34:07]    scatola: binario 28a947f5 · pagina fb9a18f3 · --tetto-sessioni 17 -- --journal ; · dri card0,card1,renderD128,renderD129 · VA Driver version: Mesa Gallium driver 25.0.7-2+deb13u1 for AMD Radeon RX 6800 (radeonsi, navi21, LLVM 19.1.7, DRM 3.64, 7.0)
[00:34:07] ══ livello-13: 13 utenti, 10 min (ricerca) ══
[00:34:08]    + utente 01 (pid 3018075, wayland-5, seme 1601, porte 9910)
[00:34:20]      utente 01 nato in 12.5 s
[00:34:20]    + utente 02 (pid 3019560, wayland-6, seme 1602, porte 9920)
[00:34:40]      utente 02 nato in 20.0 s
[00:34:40]    + utente 03 (pid 3021634, wayland-7, seme 1603, porte 9930)
[00:34:51]      utente 03 nato in 11.0 s
[00:34:51]    + utente 04 (pid 3023110, wayland-8, seme 1604, porte 9940)
[00:35:10]      utente 04 nato in 19.0 s
[00:35:10]    + utente 05 (pid 3025190, wayland-9, seme 1605, porte 9950)
[00:35:23]      utente 05 nato in 12.5 s
[00:35:23]    + utente 06 (pid 3027733, wayland-10, seme 1606, porte 9960)
[00:35:43]      utente 06 nato in 20.0 s
[00:35:43]    + utente 07 (pid 3030562, wayland-11, seme 1607, porte 9970)
[00:35:54]      utente 07 nato in 11.5 s
[00:35:54]    + utente 08 (pid 3032387, wayland-12, seme 1608, porte 9980)
[00:36:15]      utente 08 nato in 21.0 s
[00:36:15]    + utente 09 (pid 3035475, wayland-13, seme 1609, porte 9990)
[00:36:28]      utente 09 nato in 13.0 s
[00:36:28]    + utente 10 (pid 3038623, wayland-14, seme 1610, porte 10000)
[00:36:48]      utente 10 nato in 20.0 s
[00:36:48]    + utente 11 (pid 3042260, wayland-15, seme 1611, porte 10010)
[00:37:02]      utente 11 nato in 13.5 s
[00:37:02]    + utente 12 (pid 3044863, wayland-16, seme 1612, porte 10020)
[00:37:23]      utente 12 nato in 21.0 s
[00:37:23]    + utente 13 (pid 3048511, wayland-17, seme 1613, porte 10030)
[00:37:36]      utente 13 nato in 13.5 s
[00:37:36]    tutti dentro (209 s dopo l'inizio del livello): lavoro fino alle 00:47:36
[00:45:06]    SIGUSR1 a 13 attori (foto piena), 30 s prima della finestra
[00:45:08]    foto scritte: 13/13 in 2 s
[00:45:36]    controllo corto: chrome su wayland-4
[00:46:51]    controllo corto: PASS (codice 0)
[00:47:50]    ▶ livello-13: DEGRADED — 11 GREEN · 3 DEGRADED · 0 FAIL · DEGRADED non significativo
[00:47:50] ⏹ FINE: ultimo livello buono 13 · rottura 14
[00:47:50]    fermo 13 attori (SIGTERM: sgomberano da se')
[00:47:55]    compositori spenti (17)
[00:48:01]    server rimesso col tetto predefinito (codice 0, tetto 10)
[00:48:01] fine · [{"livello": 1, "nome": "livello-01", "tipo": "gradino", "classe": "GREEN", "significativo": false, "dir": "/media/REMOTIX/misure/fase16/amd-b-2k-kde/livello-01"}, {"livello": 4, "nome": "livello-04", "tipo": "gradino", "classe": "DEGRADED", "significativo": false, "dir": "/media/REMOTIX/misure/fase16/amd-b-2k-kde/livello-04"}, {"livello": 8, "nome": "livello-08", "tipo": "gradino", "classe": "GREEN", "significativo": false, "dir": "/media/REMOTIX/misure/fase16/amd-b-2k-kde/livello-08"}, {"livello": 12, "nome": "livello-12", "tipo": "gradino", "classe": "DEGRADED", "significativo": false, "dir": "/media/REMOTIX/misure/fase16/amd-b-2k-kde/livello-12"}, {"livello": 16, "nome": "livello-16", "tipo": "gradino", "classe": "DEGRADED", "significativo": true, "dir": "/media/REMOTIX/misure/fase16/amd-b-2k-kde/livello-16"}, {"livello": 16, "nome": "livello-16-ripetizione", "tipo": "ripetizione", "classe": "FAIL", "significativo": true, "dir": "/media/REMOTIX/misure/fase16/amd-b-2k-kde/livello-16-ripetizione"}, {"livello": 14, "nome": "livello-14", "tipo": "ricerca", "classe": "DEGRADED", "significativo": true, "dir": "/media/REMOTIX/misure/fase16/amd-b-2k-kde/livello-14"}, {"livello": 13, "nome": "livello-13", "tipo": "ricerca", "classe": "DEGRADED", "significativo": false, "dir": "/media/REMOTIX/misure/fase16/amd-b-2k-kde/livello-13"}]
[00:48:13] ⭐ SALITA amd-b-fhd-kde · kde · fhd (1920x1080) · gradini 1,4,8,12,16 · 10 min (ultimo 30) · tetto 17
[00:48:13]    scheda della scatola: amd · browser-cliente sulla Intel
[00:48:13]    commit del prodotto: 678a2da
[00:48:13]    kernel 7.0 · Intel UHD 770 (i5-13500T) [i915] + AMD Radeon RX 6800 [amdgpu] · binario 28a947f5 · pagina fb9a18f3 · banchi 678a2da+modifiche
[00:48:16]    scatola accendi: codice 0 in 2 s ·   OK  dentro ci sono solo i nodi della Radeon: card0 card1 renderD128 renderD129
[00:48:16]    scatola prodotto: codice 0 in 1 s ·   OK  la catena PAM del prodotto e installata
[00:48:17]    scatola server: codice 0 in 1 s ·       righe rosse nel registro di avvio: 7
[00:48:17]    ⭐ scheda della scatola: AMD Radeon RX 6800 [amdgpu] 0000:03:00.0 = renderD128 dentro
[00:48:18]    ⭐ tetto delle sessioni in vigore: 17
[00:48:18]    scatola: binario 28a947f5 · pagina fb9a18f3 · --tetto-sessioni 17 -- --journal ; · dri card0,card1,renderD128,renderD129 · VA Driver version: Mesa Gallium driver 25.0.7-2+deb13u1 for AMD Radeon RX 6800 (radeonsi, navi21, LLVM 19.1.7, DRM 3.64, 7.0)
[00:48:18] ══ livello-01: 1 utenti, 10 min (gradino) ══
[00:48:19]    + utente 01 (pid 3126895, wayland-5, seme 1601, porte 9910)
[00:48:31]      utente 01 nato in 12.5 s
[00:48:31]    tutti dentro (13 s dopo l'inizio del livello): lavoro fino alle 00:58:31
[00:56:01]    SIGUSR1 a 1 attori (foto piena), 30 s prima della finestra
[00:56:02]    foto scritte: 1/1 in 1 s
[00:56:31]    controllo corto: firefox su wayland-4
[00:57:39]    controllo corto: PASS (codice 0)
[00:58:33]    ▶ livello-01: GREEN — 2 GREEN · 0 DEGRADED · 0 FAIL
[00:58:33] ══ livello-04: 4 utenti, 10 min (gradino) ══
[00:58:35]    + utente 02 (pid 3138470, wayland-6, seme 1602, porte 9920)
[00:58:55]      utente 02 nato in 20.0 s
[00:58:55]    + utente 03 (pid 3139818, wayland-7, seme 1603, porte 9930)
[00:59:05]      utente 03 nato in 10.5 s
[00:59:05]    + utente 04 (pid 3141373, wayland-8, seme 1604, porte 9940)
[00:59:24]      utente 04 nato in 19.0 s
[00:59:24]    tutti dentro (51 s dopo l'inizio del livello): lavoro fino alle 01:09:24
[01:06:54]    SIGUSR1 a 4 attori (foto piena), 30 s prima della finestra
[01:06:55]    foto scritte: 4/4 in 1 s
[01:07:24]    controllo corto: chrome su wayland-4
[01:08:36]    controllo corto: PASS (codice 0)
[01:09:28]    ▶ livello-04: GREEN — 5 GREEN · 0 DEGRADED · 0 FAIL
[01:09:28] ══ livello-08: 8 utenti, 10 min (gradino) ══
[01:09:30]    + utente 05 (pid 3169312, wayland-9, seme 1605, porte 9950)
[01:09:43]      utente 05 nato in 12.5 s
[01:09:43]    + utente 06 (pid 3171129, wayland-10, seme 1606, porte 9960)
[01:10:03]      utente 06 nato in 20.0 s
[01:10:03]    + utente 07 (pid 3174027, wayland-11, seme 1607, porte 9970)
[01:10:14]      utente 07 nato in 11.0 s
[01:10:14]    + utente 08 (pid 3175626, wayland-12, seme 1608, porte 9980)
[01:10:35]      utente 08 nato in 21.5 s
[01:10:35]    tutti dentro (67 s dopo l'inizio del livello): lavoro fino alle 01:20:35
[01:18:05]    SIGUSR1 a 8 attori (foto piena), 30 s prima della finestra
[01:18:07]    foto scritte: 8/8 in 2 s
[01:18:35]    controllo corto: firefox su wayland-4
[01:19:44]    controllo corto: PASS (codice 0)
[01:20:43]    ▶ livello-08: GREEN — 9 GREEN · 0 DEGRADED · 0 FAIL
[01:20:43] ══ livello-12: 12 utenti, 10 min (gradino) ══
[01:20:44]    + utente 09 (pid 3225462, wayland-13, seme 1609, porte 9990)
[01:20:57]      utente 09 nato in 13.0 s
[01:20:57]    + utente 10 (pid 3227804, wayland-14, seme 1610, porte 10000)
[01:21:15]      utente 10 nato in 17.5 s
[01:21:15]    + utente 11 (pid 3230879, wayland-15, seme 1611, porte 10010)
[01:21:26]      utente 11 nato in 11.5 s
[01:21:26]    + utente 12 (pid 3232979, wayland-16, seme 1612, porte 10020)
[01:21:48]      utente 12 nato in 22.0 s
[01:21:48]    tutti dentro (65 s dopo l'inizio del livello): lavoro fino alle 01:31:48
[01:29:18]    SIGUSR1 a 12 attori (foto piena), 30 s prima della finestra
[01:29:19]    foto scritte: 12/12 in 1 s
[01:29:48]    controllo corto: chrome su wayland-4
[01:31:01]    controllo corto: PASS (codice 0)
[01:32:01]    ▶ livello-12: DEGRADED (significativo) — 11 GREEN · 2 DEGRADED · 0 FAIL · ⛔ DEGRADED SIGNIFICATIVO (oltre meta' fascia o non misurato: utente-04/blocco_max_s): non si sale
[01:32:01] ⚠ 12 utenti: DEGRADED — si RIPETE nelle stesse condizioni (§14), da scatola pulita
[01:32:01]    fermo 12 attori (SIGTERM: sgomberano da se')
[01:32:08]    scatola accendi: codice 0 in 2 s ·   OK  dentro ci sono solo i nodi della Radeon: card0 card1 renderD128 renderD129
[01:32:09]    scatola prodotto: codice 0 in 1 s ·   OK  la catena PAM del prodotto e installata
[01:32:09]    scatola server: codice 0 in 1 s ·       righe rosse nel registro di avvio: 7
[01:32:10]    ⭐ scheda della scatola: AMD Radeon RX 6800 [amdgpu] 0000:03:00.0 = renderD128 dentro
[01:32:10]    ⭐ tetto delle sessioni in vigore: 17
[01:32:10]    scatola: binario 28a947f5 · pagina fb9a18f3 · --tetto-sessioni 17 -- --journal ; · dri card0,card1,renderD128,renderD129 · VA Driver version: Mesa Gallium driver 25.0.7-2+deb13u1 for AMD Radeon RX 6800 (radeonsi, navi21, LLVM 19.1.7, DRM 3.64, 7.0)
[01:32:10] ══ livello-12-ripetizione: 12 utenti, 10 min (ripetizione) ══
[01:32:11]    + utente 01 (pid 3303524, wayland-5, seme 1601, porte 9910)
[01:32:23]      utente 01 nato in 12.5 s
[01:32:23]    + utente 02 (pid 3305000, wayland-6, seme 1602, porte 9920)
[01:32:41]      utente 02 nato in 18.0 s
[01:32:41]    + utente 03 (pid 3307012, wayland-7, seme 1603, porte 9930)
[01:32:52]      utente 03 nato in 11.0 s
[01:32:52]    + utente 04 (pid 3308556, wayland-8, seme 1604, porte 9940)
[01:33:11]      utente 04 nato in 19.0 s
[01:33:11]    + utente 05 (pid 3310637, wayland-9, seme 1605, porte 9950)
[01:33:24]      utente 05 nato in 12.5 s
[01:33:24]    + utente 06 (pid 3313142, wayland-10, seme 1606, porte 9960)
[01:33:41]      utente 06 nato in 17.5 s
[01:33:41]    + utente 07 (pid 3315957, wayland-11, seme 1607, porte 9970)
[01:33:54]      utente 07 nato in 13.0 s
[01:33:54]    + utente 08 (pid 3317666, wayland-12, seme 1608, porte 9980)
[01:34:18]      utente 08 nato in 24.0 s
[01:34:18]    + utente 09 (pid 3320934, wayland-13, seme 1609, porte 9990)
[01:34:32]      utente 09 nato in 14.0 s
[01:34:32]    + utente 10 (pid 3324309, wayland-14, seme 1610, porte 10000)
[01:34:50]      utente 10 nato in 18.0 s
[01:34:50]    + utente 11 (pid 3327668, wayland-15, seme 1611, porte 10010)
[01:35:03]      utente 11 nato in 13.0 s
[01:35:03]    + utente 12 (pid 3330243, wayland-16, seme 1612, porte 10020)
[01:35:24]      utente 12 nato in 21.0 s
[01:35:24]    tutti dentro (194 s dopo l'inizio del livello): lavoro fino alle 01:45:24
[01:42:54]    SIGUSR1 a 12 attori (foto piena), 30 s prima della finestra
[01:42:57]    foto scritte: 12/12 in 3 s
[01:43:24]    controllo corto: firefox su wayland-4
[01:44:37]    controllo corto: PASS (codice 0)
[01:45:36]    ▶ livello-12-ripetizione: DEGRADED — 12 GREEN · 1 DEGRADED · 0 FAIL · DEGRADED non significativo
[01:45:36]    la ripetizione dice DEGRADED: non confermato, si sale
[01:45:36] ══ livello-16: 16 utenti, 30 min (gradino) ══
[01:45:38]    + utente 13 (pid 3399752, wayland-17, seme 1613, porte 10030)
[01:45:54]      utente 13 nato in 15.5 s
[01:45:54]    + utente 14 (pid 3403021, wayland-18, seme 1614, porte 10040)
[01:46:15]      utente 14 nato in 21.5 s
[01:46:15]    + utente 15 (pid 3406881, wayland-19, seme 1615, porte 10050)
[01:46:27]      utente 15 nato in 12.0 s
[01:46:27]    + utente 16 (pid 3409209, wayland-20, seme 1616, porte 10060)
[01:46:53]      utente 16 nato in 25.5 s
[01:46:53]    tutti dentro (76 s dopo l'inizio del livello): lavoro fino alle 02:16:53
[02:14:23]    SIGUSR1 a 16 attori (foto piena), 30 s prima della finestra
[02:14:25]    foto scritte: 16/16 in 2 s
[02:14:53]    controllo corto: chrome su wayland-4
[02:16:08]    controllo corto: PASS (codice 0)
[02:17:33]    ▶ livello-16: DEGRADED (significativo) — 16 GREEN · 1 DEGRADED · 0 FAIL · ⛔ DEGRADED SIGNIFICATIVO (oltre meta' fascia o non misurato: utente-04/blocco_max_s): non si sale
[02:17:33] ⚠ 16 utenti: DEGRADED — si RIPETE nelle stesse condizioni (§14), da scatola pulita
[02:17:33]    fermo 16 attori (SIGTERM: sgomberano da se')
[02:17:44]    scatola accendi: codice 0 in 3 s ·   OK  dentro ci sono solo i nodi della Radeon: card0 card1 renderD128 renderD129
[02:17:45]    scatola prodotto: codice 0 in 1 s ·   OK  la catena PAM del prodotto e installata
[02:17:45]    scatola server: codice 0 in 1 s ·       righe rosse nel registro di avvio: 7
[02:17:46]    ⭐ scheda della scatola: AMD Radeon RX 6800 [amdgpu] 0000:03:00.0 = renderD128 dentro
[02:17:46]    ⭐ tetto delle sessioni in vigore: 17
[02:17:46]    scatola: binario 28a947f5 · pagina fb9a18f3 · --tetto-sessioni 17 -- --journal ; · dri card0,card1,renderD128,renderD129 · VA Driver version: Mesa Gallium driver 25.0.7-2+deb13u1 for AMD Radeon RX 6800 (radeonsi, navi21, LLVM 19.1.7, DRM 3.64, 7.0)
[02:17:46] ══ livello-16-ripetizione: 16 utenti, 30 min (ripetizione) ══
[02:17:46]    + utente 01 (pid 3644950, wayland-5, seme 1601, porte 9910)
[02:18:00]      utente 01 nato in 14.0 s
[02:18:00]    + utente 02 (pid 3646423, wayland-6, seme 1602, porte 9920)
[02:18:19]      utente 02 nato in 19.0 s
[02:18:19]    + utente 03 (pid 3648444, wayland-7, seme 1603, porte 9930)
[02:18:31]      utente 03 nato in 12.0 s
[02:18:31]    + utente 04 (pid 3649967, wayland-8, seme 1604, porte 9940)
[02:18:53]      utente 04 nato in 21.5 s
[02:18:53]    + utente 05 (pid 3652107, wayland-9, seme 1605, porte 9950)
[02:19:06]      utente 05 nato in 13.5 s
[02:19:06]    + utente 06 (pid 3654844, wayland-10, seme 1606, porte 9960)
[02:19:25]      utente 06 nato in 19.0 s
[02:19:25]    + utente 07 (pid 3657438, wayland-11, seme 1607, porte 9970)
[02:19:39]      utente 07 nato in 14.0 s
[02:19:39]    + utente 08 (pid 3659529, wayland-12, seme 1608, porte 9980)
[02:20:03]      utente 08 nato in 23.5 s
[02:20:03]    + utente 09 (pid 3662526, wayland-13, seme 1609, porte 9990)
[02:20:15]      utente 09 nato in 12.5 s
[02:20:15]    + utente 10 (pid 3665802, wayland-14, seme 1610, porte 10000)
[02:20:33]      utente 10 nato in 17.5 s
[02:20:33]    + utente 11 (pid 3669138, wayland-15, seme 1611, porte 10010)
[02:20:46]      utente 11 nato in 13.0 s
[02:20:46]    + utente 12 (pid 3671719, wayland-16, seme 1612, porte 10020)
[02:21:06]      utente 12 nato in 20.0 s
[02:21:06]    + utente 13 (pid 3675226, wayland-17, seme 1613, porte 10030)
[02:21:20]      utente 13 nato in 14.0 s
[02:21:20]    + utente 14 (pid 3678857, wayland-18, seme 1614, porte 10040)
[02:21:38]      utente 14 nato in 18.0 s
[02:21:38]    + utente 15 (pid 3682841, wayland-19, seme 1615, porte 10050)
[02:21:53]      utente 15 nato in 14.5 s
[02:21:53]    + utente 16 (pid 3686103, wayland-20, seme 1616, porte 10060)
[02:22:16]      utente 16 nato in 23.0 s
[02:22:16]    tutti dentro (269 s dopo l'inizio del livello): lavoro fino alle 02:52:16
[02:49:46]    SIGUSR1 a 16 attori (foto piena), 30 s prima della finestra
[02:49:48]    foto scritte: 16/16 in 2 s
[02:50:16]    controllo corto: firefox su wayland-4
[02:51:23]    controllo corto: BLOCKED (codice 3)
[02:52:57]    ▶ livello-16-ripetizione: FAIL (significativo) — 14 GREEN · 2 DEGRADED · 1 FAIL
[02:52:57] ⛔ confermato: 16 utenti FAIL due volte
[02:52:57] 🔎 ricerca a meta' fra 12 (buono) e 16 (rotto): 14 utenti
[02:52:57]    fermo 16 attori (SIGTERM: sgomberano da se')
[02:53:06]    scatola accendi: codice 0 in 2 s ·   OK  dentro ci sono solo i nodi della Radeon: card0 card1 renderD128 renderD129
[02:53:07]    scatola prodotto: codice 0 in 1 s ·   OK  la catena PAM del prodotto e installata
[02:53:07]    scatola server: codice 0 in 1 s ·       righe rosse nel registro di avvio: 7
[02:53:08]    ⭐ scheda della scatola: AMD Radeon RX 6800 [amdgpu] 0000:03:00.0 = renderD128 dentro
[02:53:08]    ⭐ tetto delle sessioni in vigore: 17
[02:53:08]    scatola: binario 28a947f5 · pagina fb9a18f3 · --tetto-sessioni 17 -- --journal ; · dri card0,card1,renderD128,renderD129 · VA Driver version: Mesa Gallium driver 25.0.7-2+deb13u1 for AMD Radeon RX 6800 (radeonsi, navi21, LLVM 19.1.7, DRM 3.64, 7.0)
[02:53:08] ══ livello-14: 14 utenti, 10 min (ricerca) ══
[02:53:08]    + utente 01 (pid 3929307, wayland-5, seme 1601, porte 9910)
[02:53:21]      utente 01 nato in 12.5 s
[02:53:21]    + utente 02 (pid 3930778, wayland-6, seme 1602, porte 9920)
[02:53:41]      utente 02 nato in 20.0 s
[02:53:41]    + utente 03 (pid 3932859, wayland-7, seme 1603, porte 9930)
[02:53:53]      utente 03 nato in 12.0 s
[02:53:53]    + utente 04 (pid 3934340, wayland-8, seme 1604, porte 9940)
[02:54:16]      utente 04 nato in 23.0 s
[02:54:16]    + utente 05 (pid 3936490, wayland-9, seme 1605, porte 9950)
[02:54:30]      utente 05 nato in 14.0 s
[02:54:30]    + utente 06 (pid 3939241, wayland-10, seme 1606, porte 9960)
[02:54:51]      utente 06 nato in 21.0 s
[02:54:51]    + utente 07 (pid 3941982, wayland-11, seme 1607, porte 9970)
[02:55:04]      utente 07 nato in 13.0 s
[02:55:04]    + utente 08 (pid 3944025, wayland-12, seme 1608, porte 9980)
[02:55:26]      utente 08 nato in 22.0 s
[02:55:26]    + utente 09 (pid 3946928, wayland-13, seme 1609, porte 9990)
[02:55:38]      utente 09 nato in 12.5 s
[02:55:38]    + utente 10 (pid 3950193, wayland-14, seme 1610, porte 10000)
[02:55:57]      utente 10 nato in 19.0 s
[02:55:57]    + utente 11 (pid 3953728, wayland-15, seme 1611, porte 10010)
[02:56:12]      utente 11 nato in 14.5 s
[02:56:12]    + utente 12 (pid 3956328, wayland-16, seme 1612, porte 10020)
[02:56:34]      utente 12 nato in 22.0 s
[02:56:34]    + utente 13 (pid 3960131, wayland-17, seme 1613, porte 10030)
[02:56:48]      utente 13 nato in 14.5 s
[02:56:48]    + utente 14 (pid 3963550, wayland-18, seme 1614, porte 10040)
[02:57:10]      utente 14 nato in 21.5 s
[02:57:10]    tutti dentro (242 s dopo l'inizio del livello): lavoro fino alle 03:07:10
[03:04:40]    SIGUSR1 a 14 attori (foto piena), 30 s prima della finestra
[03:04:42]    foto scritte: 14/14 in 2 s
[03:05:10]    controllo corto: chrome su wayland-4
[03:06:25]    controllo corto: PASS (codice 0)
[03:07:24]    ▶ livello-14: DEGRADED — 14 GREEN · 1 DEGRADED · 0 FAIL · DEGRADED non significativo
[03:07:24] 🔎 ricerca a meta' fra 14 (buono) e 16 (rotto): 15 utenti
[03:07:24]    fermo 14 attori (SIGTERM: sgomberano da se')
[03:07:31]    scatola accendi: codice 0 in 2 s ·   OK  dentro ci sono solo i nodi della Radeon: card0 card1 renderD128 renderD129
[03:07:32]    scatola prodotto: codice 0 in 1 s ·   OK  la catena PAM del prodotto e installata
[03:07:33]    scatola server: codice 0 in 1 s ·       righe rosse nel registro di avvio: 7
[03:07:33]    ⭐ scheda della scatola: AMD Radeon RX 6800 [amdgpu] 0000:03:00.0 = renderD128 dentro
[03:07:34]    ⭐ tetto delle sessioni in vigore: 17
[03:07:34]    scatola: binario 28a947f5 · pagina fb9a18f3 · --tetto-sessioni 17 -- --journal ; · dri card0,card1,renderD128,renderD129 · VA Driver version: Mesa Gallium driver 25.0.7-2+deb13u1 for AMD Radeon RX 6800 (radeonsi, navi21, LLVM 19.1.7, DRM 3.64, 7.0)
[03:07:34] ══ livello-15: 15 utenti, 10 min (ricerca) ══
[03:07:34]    + utente 01 (pid 4044351, wayland-5, seme 1601, porte 9910)
[03:07:47]      utente 01 nato in 12.5 s
[03:07:47]    + utente 02 (pid 4045817, wayland-6, seme 1602, porte 9920)
[03:08:04]      utente 02 nato in 17.5 s
[03:08:04]    + utente 03 (pid 4047843, wayland-7, seme 1603, porte 9930)
[03:08:15]      utente 03 nato in 11.0 s
[03:08:15]    + utente 04 (pid 4049361, wayland-8, seme 1604, porte 9940)
[03:08:36]      utente 04 nato in 21.0 s
[03:08:36]    + utente 05 (pid 4051454, wayland-9, seme 1605, porte 9950)
[03:08:50]      utente 05 nato in 13.5 s
[03:08:50]    + utente 06 (pid 4054096, wayland-10, seme 1606, porte 9960)
[03:09:10]      utente 06 nato in 20.0 s
[03:09:10]    + utente 07 (pid 4056894, wayland-11, seme 1607, porte 9970)
[03:09:21]      utente 07 nato in 11.5 s
[03:09:21]    + utente 08 (pid 4058809, wayland-12, seme 1608, porte 9980)
[03:09:44]      utente 08 nato in 23.0 s
[03:09:44]    + utente 09 (pid 4061800, wayland-13, seme 1609, porte 9990)
[03:09:58]      utente 09 nato in 14.0 s
[03:09:58]    + utente 10 (pid 4065165, wayland-14, seme 1610, porte 10000)
[03:10:18]      utente 10 nato in 20.0 s
[03:10:18]    + utente 11 (pid 4068715, wayland-15, seme 1611, porte 10010)
[03:10:30]      utente 11 nato in 12.0 s
[03:10:30]    + utente 12 (pid 4071126, wayland-16, seme 1612, porte 10020)
[03:10:53]      utente 12 nato in 23.0 s
[03:10:53]    + utente 13 (pid 4074912, wayland-17, seme 1613, porte 10030)
[03:11:08]      utente 13 nato in 14.5 s
[03:11:08]    + utente 14 (pid 4078462, wayland-18, seme 1614, porte 10040)
[03:11:29]      utente 14 nato in 21.5 s
[03:11:29]    + utente 15 (pid 4083029, wayland-19, seme 1615, porte 10050)
[03:11:44]      utente 15 nato in 15.0 s
[03:11:44]    tutti dentro (250 s dopo l'inizio del livello): lavoro fino alle 03:21:44
[03:19:14]    SIGUSR1 a 15 attori (foto piena), 30 s prima della finestra
[03:19:16]    foto scritte: 15/15 in 2 s
[03:19:44]    controllo corto: firefox su wayland-4
[03:20:57]    controllo corto: PASS (codice 0)
[03:21:58]    ▶ livello-15: DEGRADED — 15 GREEN · 1 DEGRADED · 0 FAIL · DEGRADED non significativo
[03:21:58] ⏹ FINE: ultimo livello buono 15 · rottura 16
[03:21:58]    fermo 15 attori (SIGTERM: sgomberano da se')
[03:22:06]    compositori spenti (17)
[03:22:11]    server rimesso col tetto predefinito (codice 0, tetto 10)
[03:22:11] fine · [{"livello": 1, "nome": "livello-01", "tipo": "gradino", "classe": "GREEN", "significativo": false, "dir": "/media/REMOTIX/misure/fase16/amd-b-fhd-kde/livello-01"}, {"livello": 4, "nome": "livello-04", "tipo": "gradino", "classe": "GREEN", "significativo": false, "dir": "/media/REMOTIX/misure/fase16/amd-b-fhd-kde/livello-04"}, {"livello": 8, "nome": "livello-08", "tipo": "gradino", "classe": "GREEN", "significativo": false, "dir": "/media/REMOTIX/misure/fase16/amd-b-fhd-kde/livello-08"}, {"livello": 12, "nome": "livello-12", "tipo": "gradino", "classe": "DEGRADED", "significativo": true, "dir": "/media/REMOTIX/misure/fase16/amd-b-fhd-kde/livello-12"}, {"livello": 12, "nome": "livello-12-ripetizione", "tipo": "ripetizione", "classe": "DEGRADED", "significativo": false, "dir": "/media/REMOTIX/misure/fase16/amd-b-fhd-kde/livello-12-ripetizione"}, {"livello": 16, "nome": "livello-16", "tipo": "gradino", "classe": "DEGRADED", "significativo": true, "dir": "/media/REMOTIX/misure/fase16/amd-b-fhd-kde/livello-16"}, {"livello": 16, "nome": "livello-16-ripetizione", "tipo": "ripetizione", "classe": "FAIL", "significativo": true, "dir": "/media/REMOTIX/misure/fase16/amd-b-fhd-kde/livello-16-ripetizione"}, {"livello": 14, "nome": "livello-14", "tipo": "ricerca", "classe": "DEGRADED", "significativo": false, "dir": "/media/REMOTIX/misure/fase16/amd-b-fhd-kde/livello-14"}, {"livello": 15, "nome": "livello-15", "tipo": "ricerca", "classe": "DEGRADED", "significativo": false, "dir": "/media/REMOTIX/misure/fase16/amd-b-fhd-kde/livello-15"}]
[03:22:13] ⭐ SALITA amd-b-4k-xfce · xfce · 4k (3840x2160) · gradini 1,4,8,12,16 · 10 min (ultimo 30) · tetto 17
[03:22:13]    scheda della scatola: amd · browser-cliente sulla Intel
[03:22:13]    commit del prodotto: 678a2da
[03:22:13]    kernel 7.0 · Intel UHD 770 (i5-13500T) [i915] + AMD Radeon RX 6800 [amdgpu] · binario 28a947f5 · pagina fb9a18f3 · banchi 678a2da+modifiche
[03:22:15]    scatola accendi: codice 0 in 3 s ·   OK  dentro ci sono solo i nodi della Radeon: card0 card1 renderD128 renderD129
[03:22:16]    scatola prodotto: codice 0 in 1 s ·   OK  la catena PAM del prodotto e installata
[03:22:17]    scatola server: codice 0 in 1 s ·       righe rosse nel registro di avvio: 7
[03:22:17]    ⭐ scheda della scatola: AMD Radeon RX 6800 [amdgpu] 0000:03:00.0 = renderD128 dentro
[03:22:18]    ⭐ tetto delle sessioni in vigore: 17
[03:22:18]    scatola: binario 28a947f5 · pagina fb9a18f3 · --tetto-sessioni 17 -- --journal ; · dri card0,card1,renderD128,renderD129 · VA Driver version: Mesa Gallium driver 25.0.7-2+deb13u1 for AMD Radeon RX 6800 (radeonsi, navi21, LLVM 19.1.7, DRM 3.64, 7.0)
[03:22:18] ══ livello-01: 1 utenti, 10 min (gradino) ══
[03:22:19]    + utente 01 (pid 4167293, wayland-5, seme 1601, porte 9910)
[03:22:42]      utente 01 nato in 23.0 s
[03:22:42]    tutti dentro (24 s dopo l'inizio del livello): lavoro fino alle 03:32:42
[03:30:12]    SIGUSR1 a 1 attori (foto piena), 30 s prima della finestra
[03:30:13]    foto scritte: 1/1 in 1 s
[03:30:42]    controllo corto: firefox su wayland-4
[03:33:19]    controllo corto: PASS (codice 0)
[03:33:21]    ▶ livello-01: GREEN — 2 GREEN · 0 DEGRADED · 0 FAIL
[03:33:21] ══ livello-04: 4 utenti, 10 min (gradino) ══
[03:33:22]    + utente 02 (pid 4178640, wayland-6, seme 1602, porte 9920)
[03:33:46]      utente 02 nato in 24.0 s
[03:33:46]    + utente 03 (pid 4179741, wayland-7, seme 1603, porte 9930)
[03:34:08]      utente 03 nato in 22.5 s
[03:34:08]    + utente 04 (pid 4180948, wayland-8, seme 1604, porte 9940)
[03:34:34]      utente 04 nato in 25.5 s
[03:34:34]    tutti dentro (73 s dopo l'inizio del livello): lavoro fino alle 03:44:34
[03:42:04]    SIGUSR1 a 4 attori (foto piena), 30 s prima della finestra
[03:42:07]    foto scritte: 4/4 in 3 s
[03:42:34]    controllo corto: chrome su wayland-4
[03:45:15]    controllo corto: PASS (codice 0)
[03:45:18]    ▶ livello-04: DEGRADED (significativo) — 2 GREEN · 3 DEGRADED · 0 FAIL · ⛔ DEGRADED SIGNIFICATIVO (piu' di un quarto degli attori DEGRADED (3 su 4)): non si sale
[03:45:18] ⚠ 4 utenti: DEGRADED — si RIPETE nelle stesse condizioni (§14), da scatola pulita
[03:45:18]    fermo 4 attori (SIGTERM: sgomberano da se')
[03:45:24]    scatola accendi: codice 0 in 3 s ·   OK  dentro ci sono solo i nodi della Radeon: card0 card1 renderD128 renderD129
[03:45:25]    scatola prodotto: codice 0 in 1 s ·   OK  la catena PAM del prodotto e installata
[03:45:26]    scatola server: codice 0 in 1 s ·       righe rosse nel registro di avvio: 7
[03:45:26]    ⭐ scheda della scatola: AMD Radeon RX 6800 [amdgpu] 0000:03:00.0 = renderD128 dentro
[03:45:27]    ⭐ tetto delle sessioni in vigore: 17
[03:45:27]    scatola: binario 28a947f5 · pagina fb9a18f3 · --tetto-sessioni 17 -- --journal ; · dri card0,card1,renderD128,renderD129 · VA Driver version: Mesa Gallium driver 25.0.7-2+deb13u1 for AMD Radeon RX 6800 (radeonsi, navi21, LLVM 19.1.7, DRM 3.64, 7.0)
[03:45:27] ══ livello-04-ripetizione: 4 utenti, 10 min (ripetizione) ══
[03:45:27]    + utente 01 (pid 18410, wayland-5, seme 1601, porte 9910)
[03:45:50]      utente 01 nato in 22.5 s
[03:45:50]    + utente 02 (pid 19644, wayland-6, seme 1602, porte 9920)
[03:46:14]      utente 02 nato in 24.0 s
[03:46:14]    + utente 03 (pid 21525, wayland-7, seme 1603, porte 9930)
[03:46:36]      utente 03 nato in 22.5 s
[03:46:36]    + utente 04 (pid 22735, wayland-8, seme 1604, porte 9940)
[03:47:02]      utente 04 nato in 26.0 s
[03:47:02]    tutti dentro (95 s dopo l'inizio del livello): lavoro fino alle 03:57:02
[03:54:32]    SIGUSR1 a 4 attori (foto piena), 30 s prima della finestra
[03:54:35]    foto scritte: 4/4 in 3 s
[03:55:02]    controllo corto: firefox su wayland-4
[03:57:43]    controllo corto: PASS (codice 0)
[03:57:46]    ▶ livello-04-ripetizione: DEGRADED (significativo) — 3 GREEN · 2 DEGRADED · 0 FAIL · ⛔ DEGRADED SIGNIFICATIVO (piu' di un quarto degli attori DEGRADED (2 su 4)): non si sale
[03:57:46] ⛔ confermato: 4 utenti DEGRADED due volte
[03:57:46] 🔎 ricerca a meta' fra 1 (buono) e 4 (rotto): 2 utenti
[03:57:46]    fermo 4 attori (SIGTERM: sgomberano da se')
[03:57:53]    scatola accendi: codice 0 in 3 s ·   OK  dentro ci sono solo i nodi della Radeon: card0 card1 renderD128 renderD129
[03:57:54]    scatola prodotto: codice 0 in 1 s ·   OK  la catena PAM del prodotto e installata
[03:57:55]    scatola server: codice 0 in 1 s ·       righe rosse nel registro di avvio: 7
[03:57:55]    ⭐ scheda della scatola: AMD Radeon RX 6800 [amdgpu] 0000:03:00.0 = renderD128 dentro
[03:57:55]    ⭐ tetto delle sessioni in vigore: 17
[03:57:55]    scatola: binario 28a947f5 · pagina fb9a18f3 · --tetto-sessioni 17 -- --journal ; · dri card0,card1,renderD128,renderD129 · VA Driver version: Mesa Gallium driver 25.0.7-2+deb13u1 for AMD Radeon RX 6800 (radeonsi, navi21, LLVM 19.1.7, DRM 3.64, 7.0)
[03:57:55] ══ livello-02: 2 utenti, 10 min (ricerca) ══
[03:57:56]    + utente 01 (pid 53335, wayland-5, seme 1601, porte 9910)
[03:58:18]      utente 01 nato in 22.5 s
[03:58:18]    + utente 02 (pid 54511, wayland-6, seme 1602, porte 9920)
[03:58:42]      utente 02 nato in 24.0 s
[03:58:42]    tutti dentro (47 s dopo l'inizio del livello): lavoro fino alle 04:08:42
[04:06:12]    SIGUSR1 a 2 attori (foto piena), 30 s prima della finestra
[04:06:13]    foto scritte: 2/2 in 1 s
[04:06:42]    controllo corto: chrome su wayland-4
[04:09:23]    controllo corto: PASS (codice 0)
[04:09:25]    ▶ livello-02: DEGRADED (significativo) — 2 GREEN · 1 DEGRADED · 0 FAIL · ⛔ DEGRADED SIGNIFICATIVO (piu' di un quarto degli attori DEGRADED (1 su 2)): non si sale
[04:09:25] ⏹ FINE: ultimo livello buono 1 · rottura 2
[04:09:25]    fermo 2 attori (SIGTERM: sgomberano da se')
[04:09:29]    compositori spenti (5)
[04:09:34]    server rimesso col tetto predefinito (codice 0, tetto 10)
[04:09:34] fine · [{"livello": 1, "nome": "livello-01", "tipo": "gradino", "classe": "GREEN", "significativo": false, "dir": "/media/REMOTIX/misure/fase16/amd-b-4k-xfce/livello-01"}, {"livello": 4, "nome": "livello-04", "tipo": "gradino", "classe": "DEGRADED", "significativo": true, "dir": "/media/REMOTIX/misure/fase16/amd-b-4k-xfce/livello-04"}, {"livello": 4, "nome": "livello-04-ripetizione", "tipo": "ripetizione", "classe": "DEGRADED", "significativo": true, "dir": "/media/REMOTIX/misure/fase16/amd-b-4k-xfce/livello-04-ripetizione"}, {"livello": 2, "nome": "livello-02", "tipo": "ricerca", "classe": "DEGRADED", "significativo": true, "dir": "/media/REMOTIX/misure/fase16/amd-b-4k-xfce/livello-02"}]
[04:09:46] ⭐ SALITA amd-b-3k-xfce · xfce · 3k (3200x1800) · gradini 1,4,8,12,16 · 10 min (ultimo 30) · tetto 17
[04:09:46]    scheda della scatola: amd · browser-cliente sulla Intel
[04:09:46]    commit del prodotto: 678a2da
[04:09:46]    kernel 7.0 · Intel UHD 770 (i5-13500T) [i915] + AMD Radeon RX 6800 [amdgpu] · binario 28a947f5 · pagina fb9a18f3 · banchi 678a2da+modifiche
[04:09:49]    scatola accendi: codice 0 in 2 s ·   OK  dentro ci sono solo i nodi della Radeon: card0 card1 renderD128 renderD129
[04:09:49]    scatola prodotto: codice 0 in 1 s ·   OK  la catena PAM del prodotto e installata
[04:09:50]    scatola server: codice 0 in 1 s ·       righe rosse nel registro di avvio: 7
[04:09:50]    ⭐ scheda della scatola: AMD Radeon RX 6800 [amdgpu] 0000:03:00.0 = renderD128 dentro
[04:09:51]    ⭐ tetto delle sessioni in vigore: 17
[04:09:51]    scatola: binario 28a947f5 · pagina fb9a18f3 · --tetto-sessioni 17 -- --journal ; · dri card0,card1,renderD128,renderD129 · VA Driver version: Mesa Gallium driver 25.0.7-2+deb13u1 for AMD Radeon RX 6800 (radeonsi, navi21, LLVM 19.1.7, DRM 3.64, 7.0)
[04:09:51] ══ livello-01: 1 utenti, 10 min (gradino) ══
[04:09:52]    + utente 01 (pid 72803, wayland-5, seme 1601, porte 9910)
[04:10:15]      utente 01 nato in 23.0 s
[04:10:15]    tutti dentro (24 s dopo l'inizio del livello): lavoro fino alle 04:20:15
[04:17:45]    SIGUSR1 a 1 attori (foto piena), 30 s prima della finestra
[04:17:46]    foto scritte: 1/1 in 1 s
[04:18:15]    controllo corto: firefox su wayland-4
[04:20:51]    controllo corto: PASS (codice 0)
[04:20:53]    ▶ livello-01: GREEN — 2 GREEN · 0 DEGRADED · 0 FAIL
[04:20:53] ══ livello-04: 4 utenti, 10 min (gradino) ══
[04:20:54]    + utente 02 (pid 84213, wayland-6, seme 1602, porte 9920)
[04:21:18]      utente 02 nato in 24.0 s
[04:21:18]    + utente 03 (pid 85295, wayland-7, seme 1603, porte 9930)
[04:21:39]      utente 03 nato in 21.5 s
[04:21:39]    + utente 04 (pid 86498, wayland-8, seme 1604, porte 9940)
[04:22:05]      utente 04 nato in 26.0 s
[04:22:05]    tutti dentro (73 s dopo l'inizio del livello): lavoro fino alle 04:32:05
[04:29:35]    SIGUSR1 a 4 attori (foto piena), 30 s prima della finestra
[04:29:36]    foto scritte: 4/4 in 1 s
[04:30:05]    controllo corto: chrome su wayland-4
[04:32:45]    controllo corto: PASS (codice 0)
[04:32:48]    ▶ livello-04: DEGRADED — 4 GREEN · 1 DEGRADED · 0 FAIL · DEGRADED non significativo
[04:32:48] ══ livello-08: 8 utenti, 10 min (gradino) ══
[04:32:49]    + utente 05 (pid 116435, wayland-9, seme 1605, porte 9950)
[04:33:13]      utente 05 nato in 23.5 s
[04:33:13]    + utente 06 (pid 118414, wayland-10, seme 1606, porte 9960)
[04:33:37]      utente 06 nato in 24.0 s
[04:33:37]    + utente 07 (pid 121152, wayland-11, seme 1607, porte 9970)
[04:33:59]      utente 07 nato in 22.0 s
[04:33:59]    + utente 08 (pid 122969, wayland-12, seme 1608, porte 9980)
[04:34:25]      utente 08 nato in 26.5 s
[04:34:25]    tutti dentro (97 s dopo l'inizio del livello): lavoro fino alle 04:44:25
[04:41:55]    SIGUSR1 a 8 attori (foto piena), 30 s prima della finestra
[04:41:58]    foto scritte: 8/8 in 3 s
[04:42:25]    controllo corto: firefox su wayland-4
[04:45:03]    controllo corto: PASS (codice 0)
[04:45:09]    ▶ livello-08: DEGRADED (significativo) — 8 GREEN · 1 DEGRADED · 0 FAIL · ⛔ DEGRADED SIGNIFICATIVO (oltre meta' fascia o non misurato: utente-04/blocco_max_s): non si sale
[04:45:09] ⚠ 8 utenti: DEGRADED — si RIPETE nelle stesse condizioni (§14), da scatola pulita
[04:45:09]    fermo 8 attori (SIGTERM: sgomberano da se')
[04:45:16]    scatola accendi: codice 0 in 3 s ·   OK  dentro ci sono solo i nodi della Radeon: card0 card1 renderD128 renderD129
[04:45:17]    scatola prodotto: codice 0 in 1 s ·   OK  la catena PAM del prodotto e installata
[04:45:18]    scatola server: codice 0 in 1 s ·       righe rosse nel registro di avvio: 7
[04:45:18]    ⭐ scheda della scatola: AMD Radeon RX 6800 [amdgpu] 0000:03:00.0 = renderD128 dentro
[04:45:18]    ⭐ tetto delle sessioni in vigore: 17
[04:45:19]    scatola: binario 28a947f5 · pagina fb9a18f3 · --tetto-sessioni 17 -- --journal ; · dri card0,card1,renderD128,renderD129 · VA Driver version: Mesa Gallium driver 25.0.7-2+deb13u1 for AMD Radeon RX 6800 (radeonsi, navi21, LLVM 19.1.7, DRM 3.64, 7.0)
[04:45:19] ══ livello-08-ripetizione: 8 utenti, 10 min (ripetizione) ══
[04:45:19]    + utente 01 (pid 177260, wayland-5, seme 1601, porte 9910)
[04:45:42]      utente 01 nato in 23.0 s
[04:45:42]    + utente 02 (pid 178443, wayland-6, seme 1602, porte 9920)
[04:46:06]      utente 02 nato in 24.0 s
[04:46:06]    + utente 03 (pid 180314, wayland-7, seme 1603, porte 9930)
[04:46:28]      utente 03 nato in 21.5 s
[04:46:28]    + utente 04 (pid 181532, wayland-8, seme 1604, porte 9940)
[04:46:53]      utente 04 nato in 25.5 s
[04:46:53]    + utente 05 (pid 183611, wayland-9, seme 1605, porte 9950)
[04:47:16]      utente 05 nato in 23.0 s
[04:47:16]    + utente 06 (pid 186243, wayland-10, seme 1606, porte 9960)
[04:47:40]      utente 06 nato in 24.0 s
[04:47:40]    + utente 07 (pid 189141, wayland-11, seme 1607, porte 9970)
[04:48:02]      utente 07 nato in 22.0 s
[04:48:02]    + utente 08 (pid 190995, wayland-12, seme 1608, porte 9980)
[04:48:28]      utente 08 nato in 26.0 s
[04:48:28]    tutti dentro (189 s dopo l'inizio del livello): lavoro fino alle 04:58:28
[04:55:58]    SIGUSR1 a 8 attori (foto piena), 30 s prima della finestra
[04:56:01]    foto scritte: 8/8 in 3 s
[04:56:28]    controllo corto: chrome su wayland-4
[04:59:07]    controllo corto: PASS (codice 0)
[04:59:13]    ▶ livello-08-ripetizione: DEGRADED — 7 GREEN · 2 DEGRADED · 0 FAIL · DEGRADED non significativo
[04:59:13]    la ripetizione dice DEGRADED: non confermato, si sale
[04:59:13] ══ livello-12: 12 utenti, 10 min (gradino) ══
[04:59:14]    + utente 09 (pid 244360, wayland-13, seme 1609, porte 9990)
[04:59:39]      utente 09 nato in 24.5 s
[04:59:39]    + utente 10 (pid 247092, wayland-14, seme 1610, porte 10000)
[05:00:03]      utente 10 nato in 24.0 s
[05:00:03]    + utente 11 (pid 250785, wayland-15, seme 1611, porte 10010)
[05:00:25]      utente 11 nato in 22.5 s
[05:00:25]    + utente 12 (pid 253479, wayland-16, seme 1612, porte 10020)
[05:00:52]      utente 12 nato in 26.5 s
[05:00:52]    tutti dentro (99 s dopo l'inizio del livello): lavoro fino alle 05:10:52
[05:08:22]    SIGUSR1 a 12 attori (foto piena), 30 s prima della finestra
[05:08:24]    foto scritte: 12/12 in 2 s
[05:08:52]    controllo corto: firefox su wayland-4
[05:11:31]    controllo corto: PASS (codice 0)
[05:11:40]    ▶ livello-12: DEGRADED (significativo) — 11 GREEN · 2 DEGRADED · 0 FAIL · ⛔ DEGRADED SIGNIFICATIVO (oltre meta' fascia o non misurato: utente-08/blocco_max_s, utente-11/blocco_max_s): non si sale
[05:11:40] ⚠ 12 utenti: DEGRADED — si RIPETE nelle stesse condizioni (§14), da scatola pulita
[05:11:40]    fermo 12 attori (SIGTERM: sgomberano da se')
[05:11:48]    scatola accendi: codice 0 in 3 s ·   OK  dentro ci sono solo i nodi della Radeon: card0 card1 renderD128 renderD129
[05:11:49]    scatola prodotto: codice 0 in 1 s ·   OK  la catena PAM del prodotto e installata
[05:11:50]    scatola server: codice 0 in 1 s ·       righe rosse nel registro di avvio: 7
[05:11:50]    ⭐ scheda della scatola: AMD Radeon RX 6800 [amdgpu] 0000:03:00.0 = renderD128 dentro
[05:11:50]    ⭐ tetto delle sessioni in vigore: 17
[05:11:51]    scatola: binario 28a947f5 · pagina fb9a18f3 · --tetto-sessioni 17 -- --journal ; · dri card0,card1,renderD128,renderD129 · VA Driver version: Mesa Gallium driver 25.0.7-2+deb13u1 for AMD Radeon RX 6800 (radeonsi, navi21, LLVM 19.1.7, DRM 3.64, 7.0)
[05:11:51] ══ livello-12-ripetizione: 12 utenti, 10 min (ripetizione) ══
[05:11:51]    + utente 01 (pid 330434, wayland-5, seme 1601, porte 9910)
[05:12:15]      utente 01 nato in 23.5 s
[05:12:15]    + utente 02 (pid 331611, wayland-6, seme 1602, porte 9920)
[05:12:39]      utente 02 nato in 24.0 s
[05:12:39]    + utente 03 (pid 333511, wayland-7, seme 1603, porte 9930)
[05:13:00]      utente 03 nato in 21.5 s
[05:13:00]    + utente 04 (pid 334723, wayland-8, seme 1604, porte 9940)
[05:13:26]      utente 04 nato in 25.5 s
[05:13:26]    + utente 05 (pid 336830, wayland-9, seme 1605, porte 9950)
[05:13:49]      utente 05 nato in 23.5 s
[05:13:49]    + utente 06 (pid 339457, wayland-10, seme 1606, porte 9960)
[05:14:13]      utente 06 nato in 24.0 s
[05:14:13]    + utente 07 (pid 342330, wayland-11, seme 1607, porte 9970)
[05:14:35]      utente 07 nato in 22.0 s
[05:14:35]    + utente 08 (pid 344211, wayland-12, seme 1608, porte 9980)
[05:15:02]      utente 08 nato in 26.5 s
[05:15:02]    + utente 09 (pid 347779, wayland-13, seme 1609, porte 9990)
[05:15:27]      utente 09 nato in 25.0 s
[05:15:27]    + utente 10 (pid 351274, wayland-14, seme 1610, porte 10000)
[05:15:51]      utente 10 nato in 24.0 s
[05:15:51]    + utente 11 (pid 355074, wayland-15, seme 1611, porte 10010)
[05:16:13]      utente 11 nato in 22.0 s
[05:16:13]    + utente 12 (pid 357863, wayland-16, seme 1612, porte 10020)
[05:16:39]      utente 12 nato in 26.5 s
[05:16:39]    tutti dentro (288 s dopo l'inizio del livello): lavoro fino alle 05:26:39
[05:24:09]    SIGUSR1 a 12 attori (foto piena), 30 s prima della finestra
[05:24:10]    foto scritte: 12/12 in 1 s
[05:24:39]    controllo corto: chrome su wayland-4
[05:27:21]    controllo corto: PASS (codice 0)
[05:27:30]    ▶ livello-12-ripetizione: DEGRADED — 11 GREEN · 2 DEGRADED · 0 FAIL · DEGRADED non significativo
[05:27:30]    la ripetizione dice DEGRADED: non confermato, si sale
[05:27:30] ══ livello-16: 16 utenti, 30 min (gradino) ══
[05:27:32]    + utente 13 (pid 434393, wayland-17, seme 1613, porte 10030)
[05:28:40]      utente 13 nato in 68.0 s
[05:28:40]    + utente 14 (pid 443044, wayland-18, seme 1614, porte 10040)
[05:29:48]      utente 14 nato in 68.0 s
[05:29:48]    + utente 15 (pid 451781, wayland-19, seme 1615, porte 10050)
[05:30:54]      utente 15 nato in 66.0 s
[05:30:54]    + utente 16 (pid 460634, wayland-20, seme 1616, porte 10060)
[05:32:03]      utente 16 nato in 69.5 s
[05:32:03]    tutti dentro (273 s dopo l'inizio del livello): lavoro fino alle 06:02:03
[05:59:33]    SIGUSR1 a 16 attori (foto piena), 30 s prima della finestra
[05:59:35]    foto scritte: 16/16 in 2 s
[06:00:03]    controllo corto: firefox su wayland-4
[06:01:42]    controllo corto: BLOCKED (codice 3)
[06:02:38]    ▶ livello-16: FAIL (significativo) — 5 GREEN · 7 DEGRADED · 5 FAIL
[06:02:38] ⚠ 16 utenti: FAIL — si RIPETE nelle stesse condizioni (§14), da scatola pulita
[06:02:38]    fermo 16 attori (SIGTERM: sgomberano da se')
[06:02:48]    scatola accendi: codice 0 in 2 s ·   OK  dentro ci sono solo i nodi della Radeon: card0 card1 renderD128 renderD129
[06:02:49]    scatola prodotto: codice 0 in 1 s ·   OK  la catena PAM del prodotto e installata
[06:02:49]    scatola server: codice 0 in 1 s ·       righe rosse nel registro di avvio: 7
[06:02:50]    ⭐ scheda della scatola: AMD Radeon RX 6800 [amdgpu] 0000:03:00.0 = renderD128 dentro
[06:02:50]    ⭐ tetto delle sessioni in vigore: 17
[06:02:50]    scatola: binario 28a947f5 · pagina fb9a18f3 · --tetto-sessioni 17 -- --journal ; · dri card0,card1,renderD128,renderD129 · VA Driver version: Mesa Gallium driver 25.0.7-2+deb13u1 for AMD Radeon RX 6800 (radeonsi, navi21, LLVM 19.1.7, DRM 3.64, 7.0)
[06:02:50] ══ livello-16-ripetizione: 16 utenti, 30 min (ripetizione) ══
[06:02:51]    + utente 01 (pid 748524, wayland-5, seme 1601, porte 9910)
[06:03:14]      utente 01 nato in 23.0 s
[06:03:14]    + utente 02 (pid 749726, wayland-6, seme 1602, porte 9920)
[06:03:38]      utente 02 nato in 24.0 s
[06:03:38]    + utente 03 (pid 751562, wayland-7, seme 1603, porte 9930)
[06:04:00]      utente 03 nato in 22.0 s
[06:04:00]    + utente 04 (pid 752811, wayland-8, seme 1604, porte 9940)
[06:04:25]      utente 04 nato in 25.5 s
[06:04:25]    + utente 05 (pid 754948, wayland-9, seme 1605, porte 9950)
[06:04:49]      utente 05 nato in 23.5 s
[06:04:49]    + utente 06 (pid 757598, wayland-10, seme 1606, porte 9960)
[06:05:13]      utente 06 nato in 24.0 s
[06:05:13]    + utente 07 (pid 760487, wayland-11, seme 1607, porte 9970)
[06:05:35]      utente 07 nato in 22.0 s
[06:05:35]    + utente 08 (pid 762344, wayland-12, seme 1608, porte 9980)
[06:06:00]      utente 08 nato in 25.5 s
[06:06:00]    + utente 09 (pid 765723, wayland-13, seme 1609, porte 9990)
[06:06:25]      utente 09 nato in 24.5 s
[06:06:25]    + utente 10 (pid 769166, wayland-14, seme 1610, porte 10000)
[06:06:49]      utente 10 nato in 24.0 s
[06:06:49]    + utente 11 (pid 773034, wayland-15, seme 1611, porte 10010)
[06:07:12]      utente 11 nato in 23.0 s
[06:07:12]    + utente 12 (pid 775778, wayland-16, seme 1612, porte 10020)
[06:07:37]      utente 12 nato in 25.0 s
[06:07:37]    + utente 13 (pid 779515, wayland-17, seme 1613, porte 10030)
[06:08:45]      utente 13 nato in 68.5 s
[06:08:45]    + utente 14 (pid 788717, wayland-18, seme 1614, porte 10040)
[06:09:53]      utente 14 nato in 68.0 s
[06:09:53]    + utente 15 (pid 798494, wayland-19, seme 1615, porte 10050)
[06:10:59]      utente 15 nato in 66.0 s
[06:10:59]    + utente 16 (pid 808365, wayland-20, seme 1616, porte 10060)
[06:12:09]      utente 16 nato in 69.5 s
[06:12:09]    tutti dentro (559 s dopo l'inizio del livello): lavoro fino alle 06:42:09
[06:39:39]    SIGUSR1 a 16 attori (foto piena), 30 s prima della finestra
[06:39:41]    foto scritte: 16/16 in 2 s
[06:40:09]    controllo corto: chrome su wayland-4
[06:41:49]    controllo corto: BLOCKED (codice 3)
[07:08:33] ⭐ SALITA amd-b-3k-xfce-0708 · xfce · 3k (3200x1800) · gradini 1,4,8,12,16 · 10 min (ultimo 30) · tetto 17
[07:08:33]    scheda della scatola: amd · browser-cliente sulla Intel
[07:08:33]    commit del prodotto: 678a2da
[07:08:33]    kernel 7.0 · Intel UHD 770 (i5-13500T) [i915] + AMD Radeon RX 6800 [amdgpu] · binario 28a947f5 · pagina fb9a18f3 · banchi 678a2da+modifiche
[07:08:35]    scatola accendi: codice 0 in 3 s ·   OK  dentro ci sono solo i nodi della Radeon: card0 card1 renderD128 renderD129
[07:08:36]    scatola prodotto: codice 0 in 1 s ·   OK  la catena PAM del prodotto e installata
[07:08:37]    scatola server: codice 0 in 1 s ·       righe rosse nel registro di avvio: 7
[07:08:37]    ⭐ scheda della scatola: AMD Radeon RX 6800 [amdgpu] 0000:03:00.0 = renderD128 dentro
[07:08:37]    ⭐ tetto delle sessioni in vigore: 17
[07:08:37]    scatola: binario 28a947f5 · pagina fb9a18f3 · --tetto-sessioni 17 -- --journal ; · dri card0,card1,renderD128,renderD129 · VA Driver version: Mesa Gallium driver 25.0.7-2+deb13u1 for AMD Radeon RX 6800 (radeonsi, navi21, LLVM 19.1.7, DRM 3.64, 7.0)
[07:08:37] ══ livello-01: 1 utenti, 10 min (gradino) ══
[07:08:38]    + utente 01 (pid 16654, wayland-1, seme 1601, porte 9910)
[07:09:02]      utente 01 nato in 23.5 s
[07:09:02]    tutti dentro (24 s dopo l'inizio del livello): lavoro fino alle 07:19:02
[07:16:32]    SIGUSR1 a 1 attori (foto piena), 30 s prima della finestra
[07:16:33]    foto scritte: 1/1 in 1 s
[07:17:02]    controllo corto: firefox su wayland-0
[07:19:38]    controllo corto: PASS (codice 0)
[07:19:40]    ▶ livello-01: GREEN — 2 GREEN · 0 DEGRADED · 0 FAIL
[07:19:40] ══ livello-04: 4 utenti, 10 min (gradino) ══
[07:19:41]    + utente 02 (pid 27982, wayland-2, seme 1602, porte 9920)
[07:20:05]      utente 02 nato in 24.0 s
[07:20:05]    + utente 03 (pid 29030, wayland-3, seme 1603, porte 9930)
[07:20:27]      utente 03 nato in 21.5 s
[07:20:27]    + utente 04 (pid 30278, wayland-4, seme 1604, porte 9940)
[07:20:53]      utente 04 nato in 26.0 s
[07:20:53]    tutti dentro (73 s dopo l'inizio del livello): lavoro fino alle 07:30:53
[07:28:23]    SIGUSR1 a 4 attori (foto piena), 30 s prima della finestra
[07:28:24]    foto scritte: 4/4 in 1 s
[07:28:53]    controllo corto: chrome su wayland-0
[07:31:33]    controllo corto: PASS (codice 0)
[07:31:36]    ▶ livello-04: GREEN — 5 GREEN · 0 DEGRADED · 0 FAIL
[07:31:36] ══ livello-08: 8 utenti, 10 min (gradino) ══
[07:31:38]    + utente 05 (pid 60325, wayland-5, seme 1605, porte 9950)
[07:32:02]      utente 05 nato in 24.0 s
[07:32:02]    + utente 06 (pid 62202, wayland-6, seme 1606, porte 9960)
[07:32:26]      utente 06 nato in 24.0 s
[07:32:26]    + utente 07 (pid 64957, wayland-7, seme 1607, porte 9970)
[07:32:48]      utente 07 nato in 22.0 s
[07:32:48]    + utente 08 (pid 66840, wayland-8, seme 1608, porte 9980)
[07:33:14]      utente 08 nato in 26.0 s
[07:33:14]    tutti dentro (98 s dopo l'inizio del livello): lavoro fino alle 07:43:14
[07:40:44]    SIGUSR1 a 8 attori (foto piena), 30 s prima della finestra
[07:40:46]    foto scritte: 8/8 in 2 s
[07:41:14]    controllo corto: firefox su wayland-0
[07:43:52]    controllo corto: PASS (codice 0)
[07:43:58]    ▶ livello-08: DEGRADED (significativo) — 5 GREEN · 4 DEGRADED · 0 FAIL · ⛔ DEGRADED SIGNIFICATIVO (piu' di un quarto degli attori DEGRADED (4 su 8)): non si sale
[07:43:58] ⚠ 8 utenti: DEGRADED — si RIPETE nelle stesse condizioni (§14), da scatola pulita
[07:43:58]    fermo 8 attori (SIGTERM: sgomberano da se')
[07:44:05]    scatola accendi: codice 0 in 3 s ·   OK  dentro ci sono solo i nodi della Radeon: card0 card1 renderD128 renderD129
[07:44:05]    scatola prodotto: codice 0 in 1 s ·   OK  la catena PAM del prodotto e installata
[07:44:06]    scatola server: codice 0 in 1 s ·       righe rosse nel registro di avvio: 7
[07:44:06]    ⭐ scheda della scatola: AMD Radeon RX 6800 [amdgpu] 0000:03:00.0 = renderD128 dentro
[07:44:07]    ⭐ tetto delle sessioni in vigore: 17
[07:44:07]    scatola: binario 28a947f5 · pagina fb9a18f3 · --tetto-sessioni 17 -- --journal ; · dri card0,card1,renderD128,renderD129 · VA Driver version: Mesa Gallium driver 25.0.7-2+deb13u1 for AMD Radeon RX 6800 (radeonsi, navi21, LLVM 19.1.7, DRM 3.64, 7.0)
[07:44:07] ══ livello-08-ripetizione: 8 utenti, 10 min (ripetizione) ══
[07:44:07]    + utente 01 (pid 121471, wayland-1, seme 1601, porte 9910)
[07:44:31]      utente 01 nato in 23.5 s
[07:44:31]    + utente 02 (pid 122665, wayland-2, seme 1602, porte 9920)
[07:44:55]      utente 02 nato in 24.0 s
[07:44:55]    + utente 03 (pid 124515, wayland-3, seme 1603, porte 9930)
[07:45:16]      utente 03 nato in 21.5 s
[07:45:16]    + utente 04 (pid 125719, wayland-4, seme 1604, porte 9940)
[07:45:42]      utente 04 nato in 26.0 s
[07:45:42]    + utente 05 (pid 127933, wayland-5, seme 1605, porte 9950)
[07:46:06]      utente 05 nato in 23.5 s
[07:46:06]    + utente 06 (pid 130567, wayland-6, seme 1606, porte 9960)
[07:46:30]      utente 06 nato in 24.0 s
[07:46:30]    + utente 07 (pid 133434, wayland-7, seme 1607, porte 9970)
[07:46:52]      utente 07 nato in 22.0 s
[07:46:52]    + utente 08 (pid 135335, wayland-8, seme 1608, porte 9980)
[07:47:18]      utente 08 nato in 26.5 s
[07:47:18]    tutti dentro (191 s dopo l'inizio del livello): lavoro fino alle 07:57:18
[07:54:48]    SIGUSR1 a 8 attori (foto piena), 30 s prima della finestra
[07:54:51]    foto scritte: 8/8 in 3 s
[07:55:18]    controllo corto: chrome su wayland-0
[07:57:57]    controllo corto: PASS (codice 0)
[07:58:03]    ▶ livello-08-ripetizione: DEGRADED — 8 GREEN · 1 DEGRADED · 0 FAIL · DEGRADED non significativo
[07:58:03]    la ripetizione dice DEGRADED: non confermato, si sale
[07:58:03] ══ livello-12: 12 utenti, 10 min (gradino) ══
[07:58:04]    + utente 09 (pid 188451, wayland-9, seme 1609, porte 9990)
[07:58:28]      utente 09 nato in 24.0 s
[07:58:28]    + utente 10 (pid 191177, wayland-10, seme 1610, porte 10000)
[07:58:53]      utente 10 nato in 24.5 s
[07:58:53]    + utente 11 (pid 194783, wayland-11, seme 1611, porte 10010)
[07:59:15]      utente 11 nato in 22.5 s
[07:59:15]    + utente 12 (pid 197500, wayland-12, seme 1612, porte 10020)
[07:59:42]      utente 12 nato in 26.5 s
[07:59:42]    tutti dentro (99 s dopo l'inizio del livello): lavoro fino alle 08:09:42
[08:07:12]    SIGUSR1 a 12 attori (foto piena), 30 s prima della finestra
[08:07:14]    foto scritte: 12/12 in 2 s
[08:07:42]    controllo corto: firefox su wayland-0
[08:10:21]    controllo corto: PASS (codice 0)
[08:10:30]    ▶ livello-12: DEGRADED — 11 GREEN · 2 DEGRADED · 0 FAIL · DEGRADED non significativo
[08:10:30] ══ livello-16: 16 utenti, 30 min (gradino) ══
[08:10:32]    + utente 13 (pid 272777, wayland-13, seme 1613, porte 10030)
[08:10:56]      utente 13 nato in 24.0 s
[08:10:56]    + utente 14 (pid 276158, wayland-14, seme 1614, porte 10040)
[08:11:20]      utente 14 nato in 24.5 s
[08:11:20]    + utente 15 (pid 280464, wayland-15, seme 1615, porte 10050)
[08:11:43]      utente 15 nato in 23.0 s
[08:11:43]    + utente 16 (pid 284287, wayland-16, seme 1616, porte 10060)
[08:12:09]      utente 16 nato in 26.0 s
[08:12:09]    tutti dentro (99 s dopo l'inizio del livello): lavoro fino alle 08:42:09
[08:39:39]    SIGUSR1 a 16 attori (foto piena), 30 s prima della finestra
[08:40:26]    foto scritte: 16/16 in 47 s
[08:40:26]    la finestra comincia 17 s dopo (foto lente): fine alle 08:42:26
[08:40:26]    controllo corto: chrome su wayland-0
[08:42:06]    controllo corto: BLOCKED (codice 3)
[08:42:43]    ▶ livello-16: FAIL (significativo) — 11 GREEN · 1 DEGRADED · 5 FAIL
[08:42:43] ⚠ 16 utenti: FAIL — si RIPETE nelle stesse condizioni (§14), da scatola pulita
[08:42:43]    fermo 16 attori (SIGTERM: sgomberano da se')
[08:44:35]    scatola accendi: codice 0 in 2 s ·   OK  dentro ci sono solo i nodi della Radeon: card0 card1 renderD128 renderD129
[08:44:36]    scatola prodotto: codice 0 in 1 s ·   OK  la catena PAM del prodotto e installata
[08:44:36]    scatola server: codice 0 in 1 s ·       righe rosse nel registro di avvio: 7
[08:44:37]    ⭐ scheda della scatola: AMD Radeon RX 6800 [amdgpu] 0000:03:00.0 = renderD128 dentro
[08:44:37]    ⭐ tetto delle sessioni in vigore: 17
[08:44:37]    scatola: binario 28a947f5 · pagina fb9a18f3 · --tetto-sessioni 17 -- --journal ; · dri card0,card1,renderD128,renderD129 · VA Driver version: Mesa Gallium driver 25.0.7-2+deb13u1 for AMD Radeon RX 6800 (radeonsi, navi21, LLVM 19.1.7, DRM 3.64, 7.0)
[08:44:37] ══ livello-16-ripetizione: 16 utenti, 30 min (ripetizione) ══
[08:44:37]    + utente 01 (pid 486135, wayland-1, seme 1601, porte 9910)
[08:45:00]      utente 01 nato in 23.0 s
[08:45:00]    + utente 02 (pid 487312, wayland-2, seme 1602, porte 9920)
[08:45:24]      utente 02 nato in 24.0 s
[08:45:24]    + utente 03 (pid 489159, wayland-3, seme 1603, porte 9930)
[08:45:46]      utente 03 nato in 21.5 s
[08:45:46]    + utente 04 (pid 490366, wayland-4, seme 1604, porte 9940)
[08:46:12]      utente 04 nato in 26.0 s
[08:46:12]    + utente 05 (pid 492493, wayland-5, seme 1605, porte 9950)
[08:46:35]      utente 05 nato in 23.0 s
[08:46:35]    + utente 06 (pid 495052, wayland-6, seme 1606, porte 9960)
[08:46:59]      utente 06 nato in 24.5 s
[08:46:59]    + utente 07 (pid 498018, wayland-7, seme 1607, porte 9970)
[08:47:21]      utente 07 nato in 21.5 s
[08:47:21]    + utente 08 (pid 499817, wayland-8, seme 1608, porte 9980)
[08:47:46]      utente 08 nato in 25.5 s
[08:47:46]    + utente 09 (pid 503390, wayland-9, seme 1609, porte 9990)
[08:48:10]      utente 09 nato in 23.5 s
[08:48:10]    + utente 10 (pid 506720, wayland-10, seme 1610, porte 10000)
[08:48:34]      utente 10 nato in 24.0 s
[08:48:34]    + utente 11 (pid 510472, wayland-11, seme 1611, porte 10010)
[08:48:57]      utente 11 nato in 23.0 s
[08:48:57]    + utente 12 (pid 513293, wayland-12, seme 1612, porte 10020)
[08:49:22]      utente 12 nato in 25.5 s
[08:49:22]    + utente 13 (pid 517346, wayland-13, seme 1613, porte 10030)
[08:49:46]      utente 13 nato in 23.5 s
[08:49:46]    + utente 14 (pid 521295, wayland-14, seme 1614, porte 10040)
[08:50:10]      utente 14 nato in 24.0 s
[08:50:10]    + utente 15 (pid 525727, wayland-15, seme 1615, porte 10050)
[08:50:33]      utente 15 nato in 23.0 s
[08:50:33]    + utente 16 (pid 529006, wayland-16, seme 1616, porte 10060)
[08:51:00]      utente 16 nato in 27.5 s
[08:51:00]    tutti dentro (383 s dopo l'inizio del livello): lavoro fino alle 09:21:00
[09:18:30]    SIGUSR1 a 16 attori (foto piena), 30 s prima della finestra
[09:18:32]    foto scritte: 16/16 in 2 s
[09:19:00]    controllo corto: firefox su wayland-0
[09:20:39]    controllo corto: BLOCKED (codice 3)
[09:21:31]    ▶ livello-16-ripetizione: FAIL (significativo) — 7 GREEN · 9 DEGRADED · 1 FAIL
[09:21:31] ⛔ confermato: 16 utenti FAIL due volte
[09:21:31] 🔎 ricerca a meta' fra 12 (buono) e 16 (rotto): 14 utenti
[09:21:31]    fermo 16 attori (SIGTERM: sgomberano da se')
[09:21:40]    scatola accendi: codice 0 in 3 s ·   OK  dentro ci sono solo i nodi della Radeon: card0 card1 renderD128 renderD129
[09:21:41]    scatola prodotto: codice 0 in 1 s ·   OK  la catena PAM del prodotto e installata
[09:21:42]    scatola server: codice 0 in 1 s ·       righe rosse nel registro di avvio: 7
[09:21:42]    ⭐ scheda della scatola: AMD Radeon RX 6800 [amdgpu] 0000:03:00.0 = renderD128 dentro
[09:21:42]    ⭐ tetto delle sessioni in vigore: 17
[09:21:43]    scatola: binario 28a947f5 · pagina fb9a18f3 · --tetto-sessioni 17 -- --journal ; · dri card0,card1,renderD128,renderD129 · VA Driver version: Mesa Gallium driver 25.0.7-2+deb13u1 for AMD Radeon RX 6800 (radeonsi, navi21, LLVM 19.1.7, DRM 3.64, 7.0)
[09:21:43] ══ livello-14: 14 utenti, 10 min (ricerca) ══
[09:21:43]    + utente 01 (pid 777064, wayland-1, seme 1601, porte 9910)
[09:22:06]      utente 01 nato in 23.0 s
[09:22:06]    + utente 02 (pid 778264, wayland-2, seme 1602, porte 9920)
[09:22:30]      utente 02 nato in 24.0 s
[09:22:30]    + utente 03 (pid 780153, wayland-3, seme 1603, porte 9930)
[09:22:51]      utente 03 nato in 21.5 s
[09:22:51]    + utente 04 (pid 781369, wayland-4, seme 1604, porte 9940)
[09:23:17]      utente 04 nato in 26.0 s
[09:23:17]    + utente 05 (pid 783466, wayland-5, seme 1605, porte 9950)
[09:23:40]      utente 05 nato in 23.0 s
[09:23:40]    + utente 06 (pid 786063, wayland-6, seme 1606, porte 9960)
[09:24:04]      utente 06 nato in 24.0 s
[09:24:04]    + utente 07 (pid 788946, wayland-7, seme 1607, porte 9970)
[09:24:27]      utente 07 nato in 22.5 s
[09:24:27]    + utente 08 (pid 790791, wayland-8, seme 1608, porte 9980)
[09:24:53]      utente 08 nato in 26.0 s
[09:24:53]    + utente 09 (pid 794358, wayland-9, seme 1609, porte 9990)
[09:25:16]      utente 09 nato in 23.5 s
[09:25:16]    + utente 10 (pid 797795, wayland-10, seme 1610, porte 10000)
[09:25:40]      utente 10 nato in 24.0 s
[09:25:40]    + utente 11 (pid 801635, wayland-11, seme 1611, porte 10010)
[09:26:03]      utente 11 nato in 23.0 s
[09:26:03]    + utente 12 (pid 804363, wayland-12, seme 1612, porte 10020)
[09:26:30]      utente 12 nato in 26.5 s
[09:26:30]    + utente 13 (pid 808288, wayland-13, seme 1613, porte 10030)
[09:26:54]      utente 13 nato in 24.0 s
[09:26:54]    + utente 14 (pid 812383, wayland-14, seme 1614, porte 10040)
[09:27:18]      utente 14 nato in 24.5 s
[09:27:18]    tutti dentro (336 s dopo l'inizio del livello): lavoro fino alle 09:37:18
[09:34:48]    SIGUSR1 a 14 attori (foto piena), 30 s prima della finestra
[09:34:51]    foto scritte: 14/14 in 2 s
[09:35:18]    controllo corto: chrome su wayland-0
[09:38:01]    controllo corto: PASS (codice 0)
[09:38:12]    ▶ livello-14: DEGRADED — 13 GREEN · 2 DEGRADED · 0 FAIL · DEGRADED non significativo
[09:38:12] 🔎 ricerca a meta' fra 14 (buono) e 16 (rotto): 15 utenti
[09:38:12]    fermo 14 attori (SIGTERM: sgomberano da se')
[09:38:22]    scatola accendi: codice 0 in 3 s ·   OK  dentro ci sono solo i nodi della Radeon: card0 card1 renderD128 renderD129
[09:38:23]    scatola prodotto: codice 0 in 1 s ·   OK  la catena PAM del prodotto e installata
[09:38:24]    scatola server: codice 0 in 1 s ·       righe rosse nel registro di avvio: 7
[09:38:24]    ⭐ scheda della scatola: AMD Radeon RX 6800 [amdgpu] 0000:03:00.0 = renderD128 dentro
[09:38:24]    ⭐ tetto delle sessioni in vigore: 17
[09:38:25]    scatola: binario 28a947f5 · pagina fb9a18f3 · --tetto-sessioni 17 -- --journal ; · dri card0,card1,renderD128,renderD129 · VA Driver version: Mesa Gallium driver 25.0.7-2+deb13u1 for AMD Radeon RX 6800 (radeonsi, navi21, LLVM 19.1.7, DRM 3.64, 7.0)
[09:38:25] ══ livello-15: 15 utenti, 10 min (ricerca) ══
[09:38:25]    + utente 01 (pid 901732, wayland-1, seme 1601, porte 9910)
[09:38:48]      utente 01 nato in 23.0 s
[09:38:48]    + utente 02 (pid 902912, wayland-2, seme 1602, porte 9920)
[09:39:12]      utente 02 nato in 24.0 s
[09:39:12]    + utente 03 (pid 904726, wayland-3, seme 1603, porte 9930)
[09:39:34]      utente 03 nato in 22.0 s
[09:39:34]    + utente 04 (pid 905994, wayland-4, seme 1604, porte 9940)
[09:40:00]      utente 04 nato in 26.0 s
[09:40:00]    + utente 05 (pid 908079, wayland-5, seme 1605, porte 9950)
[09:40:23]      utente 05 nato in 23.0 s
[09:40:23]    + utente 06 (pid 910681, wayland-6, seme 1606, porte 9960)
[09:40:47]      utente 06 nato in 24.0 s
[09:40:47]    + utente 07 (pid 913580, wayland-7, seme 1607, porte 9970)
[09:41:09]      utente 07 nato in 22.0 s
[09:41:09]    + utente 08 (pid 915357, wayland-8, seme 1608, porte 9980)
[09:41:35]      utente 08 nato in 26.0 s
[09:41:35]    + utente 09 (pid 918901, wayland-9, seme 1609, porte 9990)
[09:41:59]      utente 09 nato in 23.5 s
[09:41:59]    + utente 10 (pid 922270, wayland-10, seme 1610, porte 10000)
[09:42:23]      utente 10 nato in 24.0 s
[09:42:23]    + utente 11 (pid 925931, wayland-11, seme 1611, porte 10010)
[09:42:45]      utente 11 nato in 22.5 s
[09:42:45]    + utente 12 (pid 928595, wayland-12, seme 1612, porte 10020)
[09:43:11]      utente 12 nato in 26.0 s
[09:43:11]    + utente 13 (pid 932690, wayland-13, seme 1613, porte 10030)
[09:43:35]      utente 13 nato in 24.0 s
[09:43:35]    + utente 14 (pid 936726, wayland-14, seme 1614, porte 10040)
[09:43:59]      utente 14 nato in 24.0 s
[09:43:59]    + utente 15 (pid 941510, wayland-15, seme 1615, porte 10050)
[09:44:22]      utente 15 nato in 23.0 s
[09:44:22]    tutti dentro (357 s dopo l'inizio del livello): lavoro fino alle 09:54:22
[09:51:52]    SIGUSR1 a 15 attori (foto piena), 30 s prima della finestra
[09:51:55]    foto scritte: 15/15 in 3 s
[09:52:22]    controllo corto: firefox su wayland-0
[09:55:01]    controllo corto: PASS (codice 0)
[09:55:12]    ▶ livello-15: DEGRADED — 14 GREEN · 2 DEGRADED · 0 FAIL · DEGRADED non significativo
[09:55:12] ⏹ FINE: ultimo livello buono 15 · rottura 16
[09:55:12]    fermo 15 attori (SIGTERM: sgomberano da se')
[09:55:17]    compositori spenti (17)
[09:55:23]    server rimesso col tetto predefinito (codice 0, tetto 10)
[09:55:23] fine · [{"livello": 1, "nome": "livello-01", "tipo": "gradino", "classe": "GREEN", "significativo": false, "dir": "/media/REMOTIX/misure/fase16/amd-b-3k-xfce-0708/livello-01"}, {"livello": 4, "nome": "livello-04", "tipo": "gradino", "classe": "GREEN", "significativo": false, "dir": "/media/REMOTIX/misure/fase16/amd-b-3k-xfce-0708/livello-04"}, {"livello": 8, "nome": "livello-08", "tipo": "gradino", "classe": "DEGRADED", "significativo": true, "dir": "/media/REMOTIX/misure/fase16/amd-b-3k-xfce-0708/livello-08"}, {"livello": 8, "nome": "livello-08-ripetizione", "tipo": "ripetizione", "classe": "DEGRADED", "significativo": false, "dir": "/media/REMOTIX/misure/fase16/amd-b-3k-xfce-0708/livello-08-ripetizione"}, {"livello": 12, "nome": "livello-12", "tipo": "gradino", "classe": "DEGRADED", "significativo": false, "dir": "/media/REMOTIX/misure/fase16/amd-b-3k-xfce-0708/livello-12"}, {"livello": 16, "nome": "livello-16", "tipo": "gradino", "classe": "FAIL", "significativo": true, "dir": "/media/REMOTIX/misure/fase16/amd-b-3k-xfce-0708/livello-16"}, {"livello": 16, "nome": "livello-16-ripetizione", "tipo": "ripetizione", "classe": "FAIL", "significativo": true, "dir": "/media/REMOTIX/misure/fase16/amd-b-3k-xfce-0708/livello-16-ripetizione"}, {"livello": 14, "nome": "livello-14", "tipo": "ricerca", "classe": "DEGRADED", "significativo": false, "dir": "/media/REMOTIX/misure/fase16/amd-b-3k-xfce-0708/livello-14"}, {"livello": 15, "nome": "livello-15", "tipo": "ricerca", "classe": "DEGRADED", "significativo": false, "dir": "/media/REMOTIX/misure/fase16/amd-b-3k-xfce-0708/livello-15"}]
[09:55:34] ⭐ SALITA amd-b-2k-xfce · xfce · 2k (2560x1440) · gradini 1,4,8,12,16 · 10 min (ultimo 30) · tetto 17
[09:55:34]    scheda della scatola: amd · browser-cliente sulla Intel
[09:55:34]    commit del prodotto: 678a2da
[09:55:34]    kernel 7.0 · Intel UHD 770 (i5-13500T) [i915] + AMD Radeon RX 6800 [amdgpu] · binario 28a947f5 · pagina fb9a18f3 · banchi 678a2da+modifiche
[09:55:36]    scatola accendi: codice 0 in 2 s ·   OK  dentro ci sono solo i nodi della Radeon: card0 card1 renderD128 renderD129
[09:55:37]    scatola prodotto: codice 0 in 1 s ·   OK  la catena PAM del prodotto e installata
[09:55:38]    scatola server: codice 0 in 1 s ·       righe rosse nel registro di avvio: 7
[09:55:38]    ⭐ scheda della scatola: AMD Radeon RX 6800 [amdgpu] 0000:03:00.0 = renderD128 dentro
[09:55:38]    ⭐ tetto delle sessioni in vigore: 17
[09:55:39]    scatola: binario 28a947f5 · pagina fb9a18f3 · --tetto-sessioni 17 -- --journal ; · dri card0,card1,renderD128,renderD129 · VA Driver version: Mesa Gallium driver 25.0.7-2+deb13u1 for AMD Radeon RX 6800 (radeonsi, navi21, LLVM 19.1.7, DRM 3.64, 7.0)
[09:55:39] ══ livello-01: 1 utenti, 10 min (gradino) ══
[09:55:39]    + utente 01 (pid 1034705, wayland-1, seme 1601, porte 9910)
[09:55:50]      utente 01 nato in 10.5 s
[09:55:50]    tutti dentro (11 s dopo l'inizio del livello): lavoro fino alle 10:05:50
[10:03:20]    SIGUSR1 a 1 attori (foto piena), 30 s prima della finestra
[10:03:21]    foto scritte: 1/1 in 1 s
[10:03:50]    controllo corto: firefox su wayland-0
[10:04:56]    controllo corto: PASS (codice 0)
[10:05:52]    ▶ livello-01: GREEN — 2 GREEN · 0 DEGRADED · 0 FAIL
[10:05:52] ══ livello-04: 4 utenti, 10 min (gradino) ══
[10:05:53]    + utente 02 (pid 1045605, wayland-2, seme 1602, porte 9920)
[10:06:04]      utente 02 nato in 11.0 s
[10:06:04]    + utente 03 (pid 1046578, wayland-3, seme 1603, porte 9930)
[10:06:12]      utente 03 nato in 8.0 s
[10:06:12]    + utente 04 (pid 1047756, wayland-4, seme 1604, porte 9940)
[10:06:24]      utente 04 nato in 12.0 s
[10:06:24]    tutti dentro (32 s dopo l'inizio del livello): lavoro fino alle 10:16:24
[10:13:54]    SIGUSR1 a 4 attori (foto piena), 30 s prima della finestra
[10:13:55]    foto scritte: 4/4 in 1 s
[10:14:24]    controllo corto: chrome su wayland-0
[10:15:33]    controllo corto: PASS (codice 0)
[10:16:27]    ▶ livello-04: GREEN — 5 GREEN · 0 DEGRADED · 0 FAIL
[10:16:27] ══ livello-08: 8 utenti, 10 min (gradino) ══
[10:16:29]    + utente 05 (pid 1075297, wayland-5, seme 1605, porte 9950)
[10:16:39]      utente 05 nato in 10.0 s
[10:16:39]    + utente 06 (pid 1076728, wayland-6, seme 1606, porte 9960)
[10:16:50]      utente 06 nato in 11.0 s
[10:16:50]    + utente 07 (pid 1079007, wayland-7, seme 1607, porte 9970)
[10:16:58]      utente 07 nato in 8.5 s
[10:16:58]    + utente 08 (pid 1080455, wayland-8, seme 1608, porte 9980)
[10:17:10]      utente 08 nato in 12.0 s
[10:17:10]    tutti dentro (43 s dopo l'inizio del livello): lavoro fino alle 10:27:10
[10:24:40]    SIGUSR1 a 8 attori (foto piena), 30 s prima della finestra
[10:24:42]    foto scritte: 8/8 in 2 s
[10:25:10]    controllo corto: firefox su wayland-0
[10:26:17]    controllo corto: PASS (codice 0)
[10:27:15]    ▶ livello-08: GREEN — 9 GREEN · 0 DEGRADED · 0 FAIL
[10:27:15] ══ livello-12: 12 utenti, 10 min (gradino) ══
[10:27:17]    + utente 09 (pid 1130945, wayland-9, seme 1609, porte 9990)
[10:27:27]      utente 09 nato in 10.5 s
[10:27:27]    + utente 10 (pid 1132531, wayland-10, seme 1610, porte 10000)
[10:27:38]      utente 10 nato in 11.0 s
[10:27:38]    + utente 11 (pid 1134958, wayland-11, seme 1611, porte 10010)
[10:27:47]      utente 11 nato in 9.0 s
[10:27:47]    + utente 12 (pid 1136798, wayland-12, seme 1612, porte 10020)
[10:28:01]      utente 12 nato in 13.5 s
[10:28:01]    tutti dentro (46 s dopo l'inizio del livello): lavoro fino alle 10:38:01
[10:35:31]    SIGUSR1 a 12 attori (foto piena), 30 s prima della finestra
[10:35:34]    foto scritte: 12/12 in 3 s
[10:36:01]    controllo corto: chrome su wayland-0
[10:37:12]    controllo corto: PASS (codice 0)
[10:38:09]    ▶ livello-12: GREEN — 13 GREEN · 0 DEGRADED · 0 FAIL
[10:38:09] ══ livello-16: 16 utenti, 30 min (gradino) ══
[10:38:10]    + utente 13 (pid 1206209, wayland-13, seme 1613, porte 10030)
[10:38:20]      utente 13 nato in 10.0 s
[10:38:20]    + utente 14 (pid 1208072, wayland-14, seme 1614, porte 10040)
[10:38:31]      utente 14 nato in 10.5 s
[10:38:31]    + utente 15 (pid 1210620, wayland-15, seme 1615, porte 10050)
[10:38:40]      utente 15 nato in 9.5 s
[10:38:40]    + utente 16 (pid 1212710, wayland-16, seme 1616, porte 10060)
[10:38:53]      utente 16 nato in 13.0 s
[10:38:53]    tutti dentro (45 s dopo l'inizio del livello): lavoro fino alle 11:08:53
[11:06:23]    SIGUSR1 a 16 attori (foto piena), 30 s prima della finestra
[11:06:26]    foto scritte: 16/16 in 2 s
[11:06:53]    controllo corto: firefox su wayland-0
[11:08:32]    controllo corto: BLOCKED (codice 3)
[11:09:22]    ▶ livello-16: FAIL (significativo) — 15 GREEN · 1 DEGRADED · 1 FAIL
[11:09:22] ⚠ 16 utenti: FAIL — si RIPETE nelle stesse condizioni (§14), da scatola pulita
[11:09:22]    fermo 16 attori (SIGTERM: sgomberano da se')
[11:09:32]    scatola accendi: codice 0 in 3 s ·   OK  dentro ci sono solo i nodi della Radeon: card0 card1 renderD128 renderD129
[11:09:33]    scatola prodotto: codice 0 in 1 s ·   OK  la catena PAM del prodotto e installata
[11:09:33]    scatola server: codice 0 in 1 s ·       righe rosse nel registro di avvio: 7
[11:09:34]    ⭐ scheda della scatola: AMD Radeon RX 6800 [amdgpu] 0000:03:00.0 = renderD128 dentro
[11:09:34]    ⭐ tetto delle sessioni in vigore: 17
[11:09:34]    scatola: binario 28a947f5 · pagina fb9a18f3 · --tetto-sessioni 17 -- --journal ; · dri card0,card1,renderD128,renderD129 · VA Driver version: Mesa Gallium driver 25.0.7-2+deb13u1 for AMD Radeon RX 6800 (radeonsi, navi21, LLVM 19.1.7, DRM 3.64, 7.0)
[11:09:34] ══ livello-16-ripetizione: 16 utenti, 30 min (ripetizione) ══
[11:09:34]    + utente 01 (pid 1455760, wayland-1, seme 1601, porte 9910)
[11:09:44]      utente 01 nato in 10.0 s
[11:09:44]    + utente 02 (pid 1456931, wayland-2, seme 1602, porte 9920)
[11:09:55]      utente 02 nato in 11.0 s
[11:09:56]    + utente 03 (pid 1458523, wayland-3, seme 1603, porte 9930)
[11:10:04]      utente 03 nato in 8.5 s
[11:10:04]    + utente 04 (pid 1459787, wayland-4, seme 1604, porte 9940)
[11:10:17]      utente 04 nato in 13.0 s
[11:10:17]    + utente 05 (pid 1461326, wayland-5, seme 1605, porte 9950)
[11:10:28]      utente 05 nato in 10.5 s
[11:10:28]    + utente 06 (pid 1463684, wayland-6, seme 1606, porte 9960)
[11:10:39]      utente 06 nato in 11.0 s
[11:10:39]    + utente 07 (pid 1465715, wayland-7, seme 1607, porte 9970)
[11:10:48]      utente 07 nato in 9.0 s
[11:10:48]    + utente 08 (pid 1467375, wayland-8, seme 1608, porte 9980)
[11:11:00]      utente 08 nato in 12.5 s
[11:11:00]    + utente 09 (pid 1469241, wayland-9, seme 1609, porte 9990)
[11:11:11]      utente 09 nato in 10.5 s
[11:11:11]    + utente 10 (pid 1471993, wayland-10, seme 1610, porte 10000)
[11:11:21]      utente 10 nato in 10.5 s
[11:11:21]    + utente 11 (pid 1474792, wayland-11, seme 1611, porte 10010)
[11:11:30]      utente 11 nato in 9.0 s
[11:11:30]    + utente 12 (pid 1476824, wayland-12, seme 1612, porte 10020)
[11:11:43]      utente 12 nato in 13.0 s
[11:11:43]    + utente 13 (pid 1479224, wayland-13, seme 1613, porte 10030)
[11:11:55]      utente 13 nato in 11.5 s
[11:11:55]    + utente 14 (pid 1482307, wayland-14, seme 1614, porte 10040)
[11:12:06]      utente 14 nato in 11.0 s
[11:12:06]    + utente 15 (pid 1485091, wayland-15, seme 1615, porte 10050)
[11:12:15]      utente 15 nato in 9.0 s
[11:12:15]    + utente 16 (pid 1487633, wayland-16, seme 1616, porte 10060)
[11:12:29]      utente 16 nato in 14.5 s
[11:12:29]    tutti dentro (175 s dopo l'inizio del livello): lavoro fino alle 11:42:29
[11:39:59]    SIGUSR1 a 16 attori (foto piena), 30 s prima della finestra
[11:40:01]    foto scritte: 16/16 in 2 s
[11:40:29]    controllo corto: chrome su wayland-0
[11:42:09]    controllo corto: BLOCKED (codice 3)
[11:42:57]    ▶ livello-16-ripetizione: FAIL (significativo) — 15 GREEN · 0 DEGRADED · 2 FAIL
[11:42:57] ⛔ confermato: 16 utenti FAIL due volte
[11:42:57] 🔎 ricerca a meta' fra 12 (buono) e 16 (rotto): 14 utenti
[11:42:57]    fermo 16 attori (SIGTERM: sgomberano da se')
[11:43:07]    scatola accendi: codice 0 in 3 s ·   OK  dentro ci sono solo i nodi della Radeon: card0 card1 renderD128 renderD129
[11:43:08]    scatola prodotto: codice 0 in 1 s ·   OK  la catena PAM del prodotto e installata
[11:43:08]    scatola server: codice 0 in 1 s ·       righe rosse nel registro di avvio: 7
[11:43:09]    ⭐ scheda della scatola: AMD Radeon RX 6800 [amdgpu] 0000:03:00.0 = renderD128 dentro
[11:43:09]    ⭐ tetto delle sessioni in vigore: 17
[11:43:09]    scatola: binario 28a947f5 · pagina fb9a18f3 · --tetto-sessioni 17 -- --journal ; · dri card0,card1,renderD128,renderD129 · VA Driver version: Mesa Gallium driver 25.0.7-2+deb13u1 for AMD Radeon RX 6800 (radeonsi, navi21, LLVM 19.1.7, DRM 3.64, 7.0)
[11:43:09] ══ livello-14: 14 utenti, 10 min (ricerca) ══
[11:43:09]    + utente 01 (pid 1733579, wayland-1, seme 1601, porte 9910)
[11:43:19]      utente 01 nato in 10.0 s
[11:43:19]    + utente 02 (pid 1734747, wayland-2, seme 1602, porte 9920)
[11:43:30]      utente 02 nato in 11.0 s
[11:43:30]    + utente 03 (pid 1736322, wayland-3, seme 1603, porte 9930)
[11:43:39]      utente 03 nato in 8.5 s
[11:43:39]    + utente 04 (pid 1737610, wayland-4, seme 1604, porte 9940)
[11:43:52]      utente 04 nato in 13.0 s
[11:43:52]    + utente 05 (pid 1739126, wayland-5, seme 1605, porte 9950)
[11:44:02]      utente 05 nato in 10.0 s
[11:44:02]    + utente 06 (pid 1741462, wayland-6, seme 1606, porte 9960)
[11:44:13]      utente 06 nato in 11.0 s
[11:44:13]    + utente 07 (pid 1743420, wayland-7, seme 1607, porte 9970)
[11:44:22]      utente 07 nato in 9.0 s
[11:44:22]    + utente 08 (pid 1745120, wayland-8, seme 1608, porte 9980)
[11:44:35]      utente 08 nato in 13.0 s
[11:44:35]    + utente 09 (pid 1747036, wayland-9, seme 1609, porte 9990)
[11:44:46]      utente 09 nato in 11.0 s
[11:44:46]    + utente 10 (pid 1749753, wayland-10, seme 1610, porte 10000)
[11:44:57]      utente 10 nato in 11.0 s
[11:44:57]    + utente 11 (pid 1752542, wayland-11, seme 1611, porte 10010)
[11:45:06]      utente 11 nato in 9.5 s
[11:45:06]    + utente 12 (pid 1754515, wayland-12, seme 1612, porte 10020)
[11:45:21]      utente 12 nato in 14.5 s
[11:45:21]    + utente 13 (pid 1757059, wayland-13, seme 1613, porte 10030)
[11:45:32]      utente 13 nato in 10.5 s
[11:45:32]    + utente 14 (pid 1760192, wayland-14, seme 1614, porte 10040)
[11:45:43]      utente 14 nato in 11.0 s
[11:45:43]    tutti dentro (153 s dopo l'inizio del livello): lavoro fino alle 11:55:43
[11:53:13]    SIGUSR1 a 14 attori (foto piena), 30 s prima della finestra
[11:53:15]    foto scritte: 14/14 in 2 s
[11:53:43]    controllo corto: firefox su wayland-0
[11:54:50]    controllo corto: PASS (codice 0)
[11:55:51]    ▶ livello-14: DEGRADED — 13 GREEN · 2 DEGRADED · 0 FAIL · DEGRADED non significativo
[11:55:51] 🔎 ricerca a meta' fra 14 (buono) e 16 (rotto): 15 utenti
[11:55:51]    fermo 14 attori (SIGTERM: sgomberano da se')
[11:56:00]    scatola accendi: codice 0 in 3 s ·   OK  dentro ci sono solo i nodi della Radeon: card0 card1 renderD128 renderD129
[11:56:01]    scatola prodotto: codice 0 in 1 s ·   OK  la catena PAM del prodotto e installata
[11:56:01]    scatola server: codice 0 in 1 s ·       righe rosse nel registro di avvio: 7
[11:56:02]    ⭐ scheda della scatola: AMD Radeon RX 6800 [amdgpu] 0000:03:00.0 = renderD128 dentro
[11:56:02]    ⭐ tetto delle sessioni in vigore: 17
[11:56:02]    scatola: binario 28a947f5 · pagina fb9a18f3 · --tetto-sessioni 17 -- --journal ; · dri card0,card1,renderD128,renderD129 · VA Driver version: Mesa Gallium driver 25.0.7-2+deb13u1 for AMD Radeon RX 6800 (radeonsi, navi21, LLVM 19.1.7, DRM 3.64, 7.0)
[11:56:02] ══ livello-15: 15 utenti, 10 min (ricerca) ══
[11:56:03]    + utente 01 (pid 1842570, wayland-1, seme 1601, porte 9910)
[11:56:13]      utente 01 nato in 10.0 s
[11:56:13]    + utente 02 (pid 1843734, wayland-2, seme 1602, porte 9920)
[11:56:23]      utente 02 nato in 10.5 s
[11:56:23]    + utente 03 (pid 1845328, wayland-3, seme 1603, porte 9930)
[11:56:32]      utente 03 nato in 8.5 s
[11:56:32]    + utente 04 (pid 1846561, wayland-4, seme 1604, porte 9940)
[11:56:44]      utente 04 nato in 12.5 s
[11:56:44]    + utente 05 (pid 1848131, wayland-5, seme 1605, porte 9950)
[11:56:54]      utente 05 nato in 9.5 s
[11:56:54]    + utente 06 (pid 1850425, wayland-6, seme 1606, porte 9960)
[11:57:05]      utente 06 nato in 11.0 s
[11:57:05]    + utente 07 (pid 1852434, wayland-7, seme 1607, porte 9970)
[11:57:13]      utente 07 nato in 8.5 s
[11:57:13]    + utente 08 (pid 1854053, wayland-8, seme 1608, porte 9980)
[11:57:26]      utente 08 nato in 13.0 s
[11:57:26]    + utente 09 (pid 1855819, wayland-9, seme 1609, porte 9990)
[11:57:37]      utente 09 nato in 10.5 s
[11:57:37]    + utente 10 (pid 1858596, wayland-10, seme 1610, porte 10000)
[11:57:48]      utente 10 nato in 11.0 s
[11:57:48]    + utente 11 (pid 1861318, wayland-11, seme 1611, porte 10010)
[11:57:57]      utente 11 nato in 9.0 s
[11:57:57]    + utente 12 (pid 1863483, wayland-12, seme 1612, porte 10020)
[11:58:11]      utente 12 nato in 14.0 s
[11:58:11]    + utente 13 (pid 1866071, wayland-13, seme 1613, porte 10030)
[11:58:21]      utente 13 nato in 10.0 s
[11:58:21]    + utente 14 (pid 1868933, wayland-14, seme 1614, porte 10040)
[11:58:32]      utente 14 nato in 11.0 s
[11:58:32]    + utente 15 (pid 1871868, wayland-15, seme 1615, porte 10050)
[11:58:41]      utente 15 nato in 9.5 s
[11:58:41]    tutti dentro (159 s dopo l'inizio del livello): lavoro fino alle 12:08:41
[12:06:11]    SIGUSR1 a 15 attori (foto piena), 30 s prima della finestra
[12:06:13]    foto scritte: 15/15 in 2 s
[12:06:41]    controllo corto: chrome su wayland-0
[12:07:51]    controllo corto: PASS (codice 0)
[12:08:51]    ▶ livello-15: DEGRADED — 14 GREEN · 2 DEGRADED · 0 FAIL · DEGRADED non significativo
[12:08:51] ⏹ FINE: ultimo livello buono 15 · rottura 16
[12:08:51]    fermo 15 attori (SIGTERM: sgomberano da se')
[12:08:59]    compositori spenti (17)
[12:09:04]    server rimesso col tetto predefinito (codice 0, tetto 10)
[12:09:04] fine · [{"livello": 1, "nome": "livello-01", "tipo": "gradino", "classe": "GREEN", "significativo": false, "dir": "/media/REMOTIX/misure/fase16/amd-b-2k-xfce/livello-01"}, {"livello": 4, "nome": "livello-04", "tipo": "gradino", "classe": "GREEN", "significativo": false, "dir": "/media/REMOTIX/misure/fase16/amd-b-2k-xfce/livello-04"}, {"livello": 8, "nome": "livello-08", "tipo": "gradino", "classe": "GREEN", "significativo": false, "dir": "/media/REMOTIX/misure/fase16/amd-b-2k-xfce/livello-08"}, {"livello": 12, "nome": "livello-12", "tipo": "gradino", "classe": "GREEN", "significativo": false, "dir": "/media/REMOTIX/misure/fase16/amd-b-2k-xfce/livello-12"}, {"livello": 16, "nome": "livello-16", "tipo": "gradino", "classe": "FAIL", "significativo": true, "dir": "/media/REMOTIX/misure/fase16/amd-b-2k-xfce/livello-16"}, {"livello": 16, "nome": "livello-16-ripetizione", "tipo": "ripetizione", "classe": "FAIL", "significativo": true, "dir": "/media/REMOTIX/misure/fase16/amd-b-2k-xfce/livello-16-ripetizione"}, {"livello": 14, "nome": "livello-14", "tipo": "ricerca", "classe": "DEGRADED", "significativo": false, "dir": "/media/REMOTIX/misure/fase16/amd-b-2k-xfce/livello-14"}, {"livello": 15, "nome": "livello-15", "tipo": "ricerca", "classe": "DEGRADED", "significativo": false, "dir": "/media/REMOTIX/misure/fase16/amd-b-2k-xfce/livello-15"}]
[12:09:05] ⭐ SALITA amd-b-fhd-xfce · xfce · fhd (1920x1080) · gradini 1,4,8,12,16 · 10 min (ultimo 30) · tetto 17
[12:09:05]    scheda della scatola: amd · browser-cliente sulla Intel
[12:09:05]    commit del prodotto: 678a2da
[12:09:05]    kernel 7.0 · Intel UHD 770 (i5-13500T) [i915] + AMD Radeon RX 6800 [amdgpu] · binario 28a947f5 · pagina fb9a18f3 · banchi 678a2da+modifiche
[12:09:07]    scatola accendi: codice 0 in 2 s ·   OK  dentro ci sono solo i nodi della Radeon: card0 card1 renderD128 renderD129
[12:09:08]    scatola prodotto: codice 0 in 1 s ·   OK  la catena PAM del prodotto e installata
[12:09:08]    scatola server: codice 0 in 1 s ·       righe rosse nel registro di avvio: 7
[12:09:09]    ⭐ scheda della scatola: AMD Radeon RX 6800 [amdgpu] 0000:03:00.0 = renderD128 dentro
[12:09:09]    ⭐ tetto delle sessioni in vigore: 17
[12:09:09]    scatola: binario 28a947f5 · pagina fb9a18f3 · --tetto-sessioni 17 -- --journal ; · dri card0,card1,renderD128,renderD129 · VA Driver version: Mesa Gallium driver 25.0.7-2+deb13u1 for AMD Radeon RX 6800 (radeonsi, navi21, LLVM 19.1.7, DRM 3.64, 7.0)
[12:09:09] ══ livello-01: 1 utenti, 10 min (gradino) ══
[12:09:10]    + utente 01 (pid 1959032, wayland-1, seme 1601, porte 9910)
[12:09:20]      utente 01 nato in 10.0 s
[12:09:20]    tutti dentro (11 s dopo l'inizio del livello): lavoro fino alle 12:19:20
[12:16:50]    SIGUSR1 a 1 attori (foto piena), 30 s prima della finestra
[12:16:51]    foto scritte: 1/1 in 1 s
[12:17:20]    controllo corto: firefox su wayland-0
[12:18:25]    controllo corto: PASS (codice 0)
[12:19:22]    ▶ livello-01: GREEN — 2 GREEN · 0 DEGRADED · 0 FAIL
[12:19:22] ══ livello-04: 4 utenti, 10 min (gradino) ══
[12:19:23]    + utente 02 (pid 1969892, wayland-2, seme 1602, porte 9920)
[12:19:34]      utente 02 nato in 11.0 s
[12:19:34]    + utente 03 (pid 1970854, wayland-3, seme 1603, porte 9930)
[12:19:42]      utente 03 nato in 8.0 s
[12:19:42]    + utente 04 (pid 1972010, wayland-4, seme 1604, porte 9940)
[12:19:54]      utente 04 nato in 12.5 s
[12:19:54]    tutti dentro (33 s dopo l'inizio del livello): lavoro fino alle 12:29:54
[12:27:24]    SIGUSR1 a 4 attori (foto piena), 30 s prima della finestra
[12:27:25]    foto scritte: 4/4 in 1 s
[12:27:54]    controllo corto: chrome su wayland-0
[12:29:05]    controllo corto: PASS (codice 0)
[12:29:58]    ▶ livello-04: GREEN — 5 GREEN · 0 DEGRADED · 0 FAIL
[12:29:58] ══ livello-08: 8 utenti, 10 min (gradino) ══
[12:29:59]    + utente 05 (pid 1999737, wayland-5, seme 1605, porte 9950)
[12:30:09]      utente 05 nato in 10.0 s
[12:30:09]    + utente 06 (pid 2001256, wayland-6, seme 1606, porte 9960)
[12:30:20]      utente 06 nato in 11.0 s
[12:30:20]    + utente 07 (pid 2003427, wayland-7, seme 1607, porte 9970)
[12:30:29]      utente 07 nato in 9.0 s
[12:30:29]    + utente 08 (pid 2004867, wayland-8, seme 1608, porte 9980)
[12:30:42]      utente 08 nato in 13.0 s
[12:30:42]    tutti dentro (45 s dopo l'inizio del livello): lavoro fino alle 12:40:42
[12:38:12]    SIGUSR1 a 8 attori (foto piena), 30 s prima della finestra
[12:38:14]    foto scritte: 8/8 in 2 s
[12:38:42]    controllo corto: firefox su wayland-0
[12:39:49]    controllo corto: PASS (codice 0)
[12:40:48]    ▶ livello-08: GREEN — 9 GREEN · 0 DEGRADED · 0 FAIL
[12:40:48] ══ livello-12: 12 utenti, 10 min (gradino) ══
[12:40:50]    + utente 09 (pid 2055372, wayland-9, seme 1609, porte 9990)
[12:41:00]      utente 09 nato in 10.5 s
[12:41:00]    + utente 10 (pid 2057018, wayland-10, seme 1610, porte 10000)
[12:41:11]      utente 10 nato in 11.0 s
[12:41:11]    + utente 11 (pid 2059461, wayland-11, seme 1611, porte 10010)
[12:41:20]      utente 11 nato in 8.5 s
[12:41:20]    + utente 12 (pid 2061188, wayland-12, seme 1612, porte 10020)
[12:41:32]      utente 12 nato in 12.5 s
[12:41:32]    tutti dentro (44 s dopo l'inizio del livello): lavoro fino alle 12:51:32
[12:49:02]    SIGUSR1 a 12 attori (foto piena), 30 s prima della finestra
[12:49:05]    foto scritte: 12/12 in 3 s
[12:49:32]    controllo corto: chrome su wayland-0
[12:50:43]    controllo corto: PASS (codice 0)
[12:51:40]    ▶ livello-12: GREEN — 13 GREEN · 0 DEGRADED · 0 FAIL
[12:51:40] ══ livello-16: 16 utenti, 30 min (gradino) ══
[12:51:41]    + utente 13 (pid 2129645, wayland-13, seme 1613, porte 10030)
[12:51:51]      utente 13 nato in 10.0 s
[12:51:51]    + utente 14 (pid 2131690, wayland-14, seme 1614, porte 10040)
[12:52:02]      utente 14 nato in 10.5 s
[12:52:02]    + utente 15 (pid 2134339, wayland-15, seme 1615, porte 10050)
[12:52:11]      utente 15 nato in 9.0 s
[12:52:11]    + utente 16 (pid 2136243, wayland-16, seme 1616, porte 10060)
[12:52:24]      utente 16 nato in 13.5 s
[12:52:24]    tutti dentro (45 s dopo l'inizio del livello): lavoro fino alle 13:22:24
[13:19:54]    SIGUSR1 a 16 attori (foto piena), 30 s prima della finestra
[13:19:56]    foto scritte: 16/16 in 2 s
[13:20:24]    controllo corto: firefox su wayland-0
[13:22:03]    controllo corto: BLOCKED (codice 3)
[13:22:51]    ▶ livello-16: FAIL (significativo) — 16 GREEN · 0 DEGRADED · 1 FAIL
[13:22:51] ⚠ 16 utenti: FAIL — si RIPETE nelle stesse condizioni (§14), da scatola pulita
[13:22:51]    fermo 16 attori (SIGTERM: sgomberano da se')
[13:23:00]    scatola accendi: codice 0 in 3 s ·   OK  dentro ci sono solo i nodi della Radeon: card0 card1 renderD128 renderD129
[13:23:01]    scatola prodotto: codice 0 in 1 s ·   OK  la catena PAM del prodotto e installata
[13:23:02]    scatola server: codice 0 in 1 s ·       righe rosse nel registro di avvio: 7
[13:23:02]    ⭐ scheda della scatola: AMD Radeon RX 6800 [amdgpu] 0000:03:00.0 = renderD128 dentro
[13:23:02]    ⭐ tetto delle sessioni in vigore: 17
[13:23:02]    scatola: binario 28a947f5 · pagina fb9a18f3 · --tetto-sessioni 17 -- --journal ; · dri card0,card1,renderD128,renderD129 · VA Driver version: Mesa Gallium driver 25.0.7-2+deb13u1 for AMD Radeon RX 6800 (radeonsi, navi21, LLVM 19.1.7, DRM 3.64, 7.0)
[13:23:02] ══ livello-16-ripetizione: 16 utenti, 30 min (ripetizione) ══
[13:23:03]    + utente 01 (pid 2379546, wayland-1, seme 1601, porte 9910)
[13:23:13]      utente 01 nato in 10.0 s
[13:23:13]    + utente 02 (pid 2380714, wayland-2, seme 1602, porte 9920)
[13:23:24]      utente 02 nato in 11.0 s
[13:23:24]    + utente 03 (pid 2382323, wayland-3, seme 1603, porte 9930)
[13:23:32]      utente 03 nato in 8.5 s
[13:23:32]    + utente 04 (pid 2383615, wayland-4, seme 1604, porte 9940)
[13:23:45]      utente 04 nato in 12.5 s
[13:23:45]    + utente 05 (pid 2385142, wayland-5, seme 1605, porte 9950)
[13:23:55]      utente 05 nato in 10.0 s
[13:23:55]    + utente 06 (pid 2387482, wayland-6, seme 1606, porte 9960)
[13:24:05]      utente 06 nato in 10.5 s
[13:24:05]    + utente 07 (pid 2389438, wayland-7, seme 1607, porte 9970)
[13:24:14]      utente 07 nato in 8.5 s
[13:24:14]    + utente 08 (pid 2391027, wayland-8, seme 1608, porte 9980)
[13:24:26]      utente 08 nato in 12.5 s
[13:24:26]    + utente 09 (pid 2392950, wayland-9, seme 1609, porte 9990)
[13:24:37]      utente 09 nato in 11.0 s
[13:24:37]    + utente 10 (pid 2395594, wayland-10, seme 1610, porte 10000)
[13:24:48]      utente 10 nato in 11.0 s
[13:24:48]    + utente 11 (pid 2398262, wayland-11, seme 1611, porte 10010)
[13:24:57]      utente 11 nato in 8.5 s
[13:24:57]    + utente 12 (pid 2400281, wayland-12, seme 1612, porte 10020)
[13:25:11]      utente 12 nato in 14.5 s
[13:25:11]    + utente 13 (pid 2402810, wayland-13, seme 1613, porte 10030)
[13:25:21]      utente 13 nato in 10.0 s
[13:25:21]    + utente 14 (pid 2405539, wayland-14, seme 1614, porte 10040)
[13:25:32]      utente 14 nato in 11.0 s
[13:25:32]    + utente 15 (pid 2408311, wayland-15, seme 1615, porte 10050)
[13:25:42]      utente 15 nato in 9.5 s
[13:25:42]    + utente 16 (pid 2410837, wayland-16, seme 1616, porte 10060)
[13:25:56]      utente 16 nato in 14.5 s
[13:25:56]    tutti dentro (174 s dopo l'inizio del livello): lavoro fino alle 13:55:56
[13:53:26]    SIGUSR1 a 16 attori (foto piena), 30 s prima della finestra
[13:53:28]    foto scritte: 16/16 in 2 s
[13:53:56]    controllo corto: chrome su wayland-0
[13:55:37]    controllo corto: BLOCKED (codice 3)
[13:56:24]    ▶ livello-16-ripetizione: FAIL (significativo) — 14 GREEN · 2 DEGRADED · 1 FAIL
[13:56:24] ⛔ confermato: 16 utenti FAIL due volte
[13:56:24] 🔎 ricerca a meta' fra 12 (buono) e 16 (rotto): 14 utenti
[13:56:24]    fermo 16 attori (SIGTERM: sgomberano da se')
[13:56:33]    scatola accendi: codice 0 in 2 s ·   OK  dentro ci sono solo i nodi della Radeon: card0 card1 renderD128 renderD129
[13:56:34]    scatola prodotto: codice 0 in 1 s ·   OK  la catena PAM del prodotto e installata
[13:56:35]    scatola server: codice 0 in 1 s ·       righe rosse nel registro di avvio: 7
[13:56:35]    ⭐ scheda della scatola: AMD Radeon RX 6800 [amdgpu] 0000:03:00.0 = renderD128 dentro
[13:56:35]    ⭐ tetto delle sessioni in vigore: 17
[13:56:35]    scatola: binario 28a947f5 · pagina fb9a18f3 · --tetto-sessioni 17 -- --journal ; · dri card0,card1,renderD128,renderD129 · VA Driver version: Mesa Gallium driver 25.0.7-2+deb13u1 for AMD Radeon RX 6800 (radeonsi, navi21, LLVM 19.1.7, DRM 3.64, 7.0)
[13:56:35] ══ livello-14: 14 utenti, 10 min (ricerca) ══
[13:56:36]    + utente 01 (pid 2658035, wayland-1, seme 1601, porte 9910)
[13:56:45]      utente 01 nato in 9.5 s
[13:56:45]    + utente 02 (pid 2659201, wayland-2, seme 1602, porte 9920)
[13:56:56]      utente 02 nato in 11.0 s
[13:56:56]    + utente 03 (pid 2660800, wayland-3, seme 1603, porte 9930)
[13:57:05]      utente 03 nato in 8.5 s
[13:57:05]    + utente 04 (pid 2662026, wayland-4, seme 1604, porte 9940)
[13:57:18]      utente 04 nato in 13.0 s
[13:57:18]    + utente 05 (pid 2663593, wayland-5, seme 1605, porte 9950)
[13:57:28]      utente 05 nato in 10.5 s
[13:57:28]    + utente 06 (pid 2665926, wayland-6, seme 1606, porte 9960)
[13:57:39]      utente 06 nato in 11.0 s
[13:57:39]    + utente 07 (pid 2667863, wayland-7, seme 1607, porte 9970)
[13:57:48]      utente 07 nato in 8.5 s
[13:57:48]    + utente 08 (pid 2669562, wayland-8, seme 1608, porte 9980)
[13:58:00]      utente 08 nato in 12.5 s
[13:58:00]    + utente 09 (pid 2671398, wayland-9, seme 1609, porte 9990)
[13:58:10]      utente 09 nato in 10.0 s
[13:58:10]    + utente 10 (pid 2674127, wayland-10, seme 1610, porte 10000)
[13:58:21]      utente 10 nato in 11.0 s
[13:58:21]    + utente 11 (pid 2676869, wayland-11, seme 1611, porte 10010)
[13:58:31]      utente 11 nato in 10.0 s
[13:58:31]    + utente 12 (pid 2679010, wayland-12, seme 1612, porte 10020)
[13:58:46]      utente 12 nato in 14.5 s
[13:58:46]    + utente 13 (pid 2681666, wayland-13, seme 1613, porte 10030)
[13:58:56]      utente 13 nato in 10.0 s
[13:58:56]    + utente 14 (pid 2684619, wayland-14, seme 1614, porte 10040)
[13:59:07]      utente 14 nato in 11.0 s
[13:59:07]    tutti dentro (151 s dopo l'inizio del livello): lavoro fino alle 14:09:07
[14:06:37]    SIGUSR1 a 14 attori (foto piena), 30 s prima della finestra
[14:06:39]    foto scritte: 14/14 in 2 s
[14:07:07]    controllo corto: firefox su wayland-0
[14:08:15]    controllo corto: PASS (codice 0)
[14:09:15]    ▶ livello-14: DEGRADED — 13 GREEN · 2 DEGRADED · 0 FAIL · DEGRADED non significativo
[14:09:15] 🔎 ricerca a meta' fra 14 (buono) e 16 (rotto): 15 utenti
[14:09:15]    fermo 14 attori (SIGTERM: sgomberano da se')
[14:09:23]    scatola accendi: codice 0 in 2 s ·   OK  dentro ci sono solo i nodi della Radeon: card0 card1 renderD128 renderD129
[14:09:24]    scatola prodotto: codice 0 in 1 s ·   OK  la catena PAM del prodotto e installata
[14:09:24]    scatola server: codice 0 in 1 s ·       righe rosse nel registro di avvio: 7
[14:09:25]    ⭐ scheda della scatola: AMD Radeon RX 6800 [amdgpu] 0000:03:00.0 = renderD128 dentro
[14:09:25]    ⭐ tetto delle sessioni in vigore: 17
[14:09:25]    scatola: binario 28a947f5 · pagina fb9a18f3 · --tetto-sessioni 17 -- --journal ; · dri card0,card1,renderD128,renderD129 · VA Driver version: Mesa Gallium driver 25.0.7-2+deb13u1 for AMD Radeon RX 6800 (radeonsi, navi21, LLVM 19.1.7, DRM 3.64, 7.0)
[14:09:25] ══ livello-15: 15 utenti, 10 min (ricerca) ══
[14:09:25]    + utente 01 (pid 2767304, wayland-1, seme 1601, porte 9910)
[14:09:35]      utente 01 nato in 10.0 s
[14:09:35]    + utente 02 (pid 2768467, wayland-2, seme 1602, porte 9920)
[14:09:46]      utente 02 nato in 11.0 s
[14:09:46]    + utente 03 (pid 2770039, wayland-3, seme 1603, porte 9930)
[14:09:55]      utente 03 nato in 8.5 s
[14:09:55]    + utente 04 (pid 2771303, wayland-4, seme 1604, porte 9940)
[14:10:07]      utente 04 nato in 12.0 s
[14:10:07]    + utente 05 (pid 2772831, wayland-5, seme 1605, porte 9950)
[14:10:17]      utente 05 nato in 10.0 s
[14:10:17]    + utente 06 (pid 2775100, wayland-6, seme 1606, porte 9960)
[14:10:28]      utente 06 nato in 11.0 s
[14:10:28]    + utente 07 (pid 2777086, wayland-7, seme 1607, porte 9970)
[14:10:36]      utente 07 nato in 8.5 s
[14:10:36]    + utente 08 (pid 2778757, wayland-8, seme 1608, porte 9980)
[14:10:49]      utente 08 nato in 12.5 s
[14:10:49]    + utente 09 (pid 2780627, wayland-9, seme 1609, porte 9990)
[14:10:59]      utente 09 nato in 10.0 s
[14:10:59]    + utente 10 (pid 2783350, wayland-10, seme 1610, porte 10000)
[14:11:10]      utente 10 nato in 11.0 s
[14:11:10]    + utente 11 (pid 2786132, wayland-11, seme 1611, porte 10010)
[14:11:19]      utente 11 nato in 9.5 s
[14:11:19]    + utente 12 (pid 2788303, wayland-12, seme 1612, porte 10020)
[14:11:32]      utente 12 nato in 13.0 s
[14:11:32]    + utente 13 (pid 2790773, wayland-13, seme 1613, porte 10030)
[14:11:43]      utente 13 nato in 11.0 s
[14:11:43]    + utente 14 (pid 2793795, wayland-14, seme 1614, porte 10040)
[14:11:54]      utente 14 nato in 11.0 s
[14:11:54]    + utente 15 (pid 2796739, wayland-15, seme 1615, porte 10050)
[14:12:03]      utente 15 nato in 9.0 s
[14:12:03]    tutti dentro (158 s dopo l'inizio del livello): lavoro fino alle 14:22:03
[14:19:33]    SIGUSR1 a 15 attori (foto piena), 30 s prima della finestra
[14:19:35]    foto scritte: 15/15 in 2 s
[14:20:03]    controllo corto: chrome su wayland-0
[14:21:13]    controllo corto: PASS (codice 0)
[14:22:13]    ▶ livello-15: DEGRADED — 14 GREEN · 2 DEGRADED · 0 FAIL · DEGRADED non significativo
[14:22:13] ⏹ FINE: ultimo livello buono 15 · rottura 16
[14:22:13]    fermo 15 attori (SIGTERM: sgomberano da se')
[14:22:20]    compositori spenti (17)
[14:22:25]    server rimesso col tetto predefinito (codice 0, tetto 10)
[14:22:25] fine · [{"livello": 1, "nome": "livello-01", "tipo": "gradino", "classe": "GREEN", "significativo": false, "dir": "/media/REMOTIX/misure/fase16/amd-b-fhd-xfce/livello-01"}, {"livello": 4, "nome": "livello-04", "tipo": "gradino", "classe": "GREEN", "significativo": false, "dir": "/media/REMOTIX/misure/fase16/amd-b-fhd-xfce/livello-04"}, {"livello": 8, "nome": "livello-08", "tipo": "gradino", "classe": "GREEN", "significativo": false, "dir": "/media/REMOTIX/misure/fase16/amd-b-fhd-xfce/livello-08"}, {"livello": 12, "nome": "livello-12", "tipo": "gradino", "classe": "GREEN", "significativo": false, "dir": "/media/REMOTIX/misure/fase16/amd-b-fhd-xfce/livello-12"}, {"livello": 16, "nome": "livello-16", "tipo": "gradino", "classe": "FAIL", "significativo": true, "dir": "/media/REMOTIX/misure/fase16/amd-b-fhd-xfce/livello-16"}, {"livello": 16, "nome": "livello-16-ripetizione", "tipo": "ripetizione", "classe": "FAIL", "significativo": true, "dir": "/media/REMOTIX/misure/fase16/amd-b-fhd-xfce/livello-16-ripetizione"}, {"livello": 14, "nome": "livello-14", "tipo": "ricerca", "classe": "DEGRADED", "significativo": false, "dir": "/media/REMOTIX/misure/fase16/amd-b-fhd-xfce/livello-14"}, {"livello": 15, "nome": "livello-15", "tipo": "ricerca", "classe": "DEGRADED", "significativo": false, "dir": "/media/REMOTIX/misure/fase16/amd-b-fhd-xfce/livello-15"}]
[14:22:25] ⭐ SALITA amd-b-4k-lxqt · lxqt · 4k (3840x2160) · gradini 1,4,8,12,16 · 10 min (ultimo 30) · tetto 17
[14:22:25]    scheda della scatola: amd · browser-cliente sulla Intel
[14:22:25]    commit del prodotto: 678a2da
[14:22:25]    kernel 7.0 · Intel UHD 770 (i5-13500T) [i915] + AMD Radeon RX 6800 [amdgpu] · binario 28a947f5 · pagina fb9a18f3 · banchi 678a2da+modifiche
[14:22:28]    scatola accendi: codice 0 in 2 s ·   OK  dentro ci sono solo i nodi della Radeon: card0 card1 renderD128 renderD129
[14:22:28]    scatola prodotto: codice 0 in 1 s ·   OK  la catena PAM del prodotto e installata
[14:22:29]    scatola server: codice 0 in 1 s ·       righe rosse nel registro di avvio: 7
[14:22:29]    ⭐ scheda della scatola: AMD Radeon RX 6800 [amdgpu] 0000:03:00.0 = renderD128 dentro
[14:22:29]    ⭐ tetto delle sessioni in vigore: 17
[14:22:30]    scatola: binario 28a947f5 · pagina fb9a18f3 · --tetto-sessioni 17 -- --journal ; · dri card0,card1,renderD128,renderD129 · VA Driver version: Mesa Gallium driver 25.0.7-2+deb13u1 for AMD Radeon RX 6800 (radeonsi, navi21, LLVM 19.1.7, DRM 3.64, 7.0)
[14:22:30] ══ livello-01: 1 utenti, 10 min (gradino) ══
[14:22:31]    + utente 01 (pid 2883852, wayland-1, seme 1601, porte 9910)
[14:22:41]      utente 01 nato in 10.0 s
[14:22:41]    tutti dentro (11 s dopo l'inizio del livello): lavoro fino alle 14:32:41
[14:30:11]    SIGUSR1 a 1 attori (foto piena), 30 s prima della finestra
[14:30:12]    foto scritte: 1/1 in 1 s
[14:30:41]    controllo corto: firefox su wayland-0
[14:31:49]    controllo corto: PASS (codice 0)
[14:32:42]    ▶ livello-01: GREEN — 2 GREEN · 0 DEGRADED · 0 FAIL
[14:32:42] ══ livello-04: 4 utenti, 10 min (gradino) ══
[14:32:44]    + utente 02 (pid 2894434, wayland-2, seme 1602, porte 9920)
[14:32:55]      utente 02 nato in 11.0 s
[14:32:55]    + utente 03 (pid 2895284, wayland-3, seme 1603, porte 9930)
[14:33:03]      utente 03 nato in 8.5 s
[14:33:03]    + utente 04 (pid 2896327, wayland-4, seme 1604, porte 9940)
[14:33:16]      utente 04 nato in 12.5 s
[14:33:16]    tutti dentro (33 s dopo l'inizio del livello): lavoro fino alle 14:43:16
[14:40:46]    SIGUSR1 a 4 attori (foto piena), 30 s prima della finestra
[14:40:48]    foto scritte: 4/4 in 2 s
[14:41:16]    controllo corto: chrome su wayland-0
[14:42:29]    controllo corto: PASS (codice 0)
[14:43:18]    ▶ livello-04: DEGRADED (significativo) — 3 GREEN · 2 DEGRADED · 0 FAIL · ⛔ DEGRADED SIGNIFICATIVO (piu' di un quarto degli attori DEGRADED (2 su 4)): non si sale
[14:43:18] ⚠ 4 utenti: DEGRADED — si RIPETE nelle stesse condizioni (§14), da scatola pulita
[14:43:18]    fermo 4 attori (SIGTERM: sgomberano da se')
[14:43:25]    scatola accendi: codice 0 in 3 s ·   OK  dentro ci sono solo i nodi della Radeon: card0 card1 renderD128 renderD129
[14:43:26]    scatola prodotto: codice 0 in 1 s ·   OK  la catena PAM del prodotto e installata
[14:43:27]    scatola server: codice 0 in 1 s ·       righe rosse nel registro di avvio: 7
[14:43:27]    ⭐ scheda della scatola: AMD Radeon RX 6800 [amdgpu] 0000:03:00.0 = renderD128 dentro
[14:43:27]    ⭐ tetto delle sessioni in vigore: 17
[14:43:27]    scatola: binario 28a947f5 · pagina fb9a18f3 · --tetto-sessioni 17 -- --journal ; · dri card0,card1,renderD128,renderD129 · VA Driver version: Mesa Gallium driver 25.0.7-2+deb13u1 for AMD Radeon RX 6800 (radeonsi, navi21, LLVM 19.1.7, DRM 3.64, 7.0)
[14:43:27] ══ livello-04-ripetizione: 4 utenti, 10 min (ripetizione) ══
[14:43:28]    + utente 01 (pid 2926291, wayland-1, seme 1601, porte 9910)
[14:43:38]      utente 01 nato in 10.0 s
[14:43:38]    + utente 02 (pid 2927373, wayland-2, seme 1602, porte 9920)
[14:43:49]      utente 02 nato in 11.0 s
[14:43:49]    + utente 03 (pid 2928826, wayland-3, seme 1603, porte 9930)
[14:43:57]      utente 03 nato in 8.5 s
[14:43:57]    + utente 04 (pid 2929936, wayland-4, seme 1604, porte 9940)
[14:44:10]      utente 04 nato in 12.5 s
[14:44:10]    tutti dentro (42 s dopo l'inizio del livello): lavoro fino alle 14:54:10
[14:51:40]    SIGUSR1 a 4 attori (foto piena), 30 s prima della finestra
[14:51:42]    foto scritte: 4/4 in 2 s
[14:52:10]    controllo corto: firefox su wayland-0
[14:53:20]    controllo corto: PASS (codice 0)
[14:54:14]    ▶ livello-04-ripetizione: DEGRADED (significativo) — 3 GREEN · 2 DEGRADED · 0 FAIL · ⛔ DEGRADED SIGNIFICATIVO (piu' di un quarto degli attori DEGRADED (2 su 4)): non si sale
[14:54:14] ⛔ confermato: 4 utenti DEGRADED due volte
[14:54:14] 🔎 ricerca a meta' fra 1 (buono) e 4 (rotto): 2 utenti
[14:54:14]    fermo 4 attori (SIGTERM: sgomberano da se')
[14:54:20]    scatola accendi: codice 0 in 2 s ·   OK  dentro ci sono solo i nodi della Radeon: card0 card1 renderD128 renderD129
[14:54:21]    scatola prodotto: codice 0 in 1 s ·   OK  la catena PAM del prodotto e installata
[14:54:22]    scatola server: codice 0 in 1 s ·       righe rosse nel registro di avvio: 7
[14:54:22]    ⭐ scheda della scatola: AMD Radeon RX 6800 [amdgpu] 0000:03:00.0 = renderD128 dentro
[14:54:22]    ⭐ tetto delle sessioni in vigore: 17
[14:54:22]    scatola: binario 28a947f5 · pagina fb9a18f3 · --tetto-sessioni 17 -- --journal ; · dri card0,card1,renderD128,renderD129 · VA Driver version: Mesa Gallium driver 25.0.7-2+deb13u1 for AMD Radeon RX 6800 (radeonsi, navi21, LLVM 19.1.7, DRM 3.64, 7.0)
[14:54:22] ══ livello-02: 2 utenti, 10 min (ricerca) ══
[14:54:23]    + utente 01 (pid 2959447, wayland-1, seme 1601, porte 9910)
[14:54:33]      utente 01 nato in 10.0 s
[14:54:33]    + utente 02 (pid 2960522, wayland-2, seme 1602, porte 9920)
[14:54:44]      utente 02 nato in 11.0 s
[14:54:44]    tutti dentro (21 s dopo l'inizio del livello): lavoro fino alle 15:04:44
[15:02:14]    SIGUSR1 a 2 attori (foto piena), 30 s prima della finestra
[15:02:16]    foto scritte: 2/2 in 2 s
[15:02:44]    controllo corto: chrome su wayland-0
[15:03:55]    controllo corto: PASS (codice 0)
[15:04:45]    ▶ livello-02: GREEN — 3 GREEN · 0 DEGRADED · 0 FAIL
[15:04:45] 🔎 ricerca a meta' fra 2 (buono) e 4 (rotto): 3 utenti
[15:04:45]    fermo 2 attori (SIGTERM: sgomberano da se')
[15:04:50]    scatola accendi: codice 0 in 2 s ·   OK  dentro ci sono solo i nodi della Radeon: card0 card1 renderD128 renderD129
[15:04:51]    scatola prodotto: codice 0 in 1 s ·   OK  la catena PAM del prodotto e installata
[15:04:52]    scatola server: codice 0 in 1 s ·       righe rosse nel registro di avvio: 7
[15:04:52]    ⭐ scheda della scatola: AMD Radeon RX 6800 [amdgpu] 0000:03:00.0 = renderD128 dentro
[15:04:52]    ⭐ tetto delle sessioni in vigore: 17
[15:04:53]    scatola: binario 28a947f5 · pagina fb9a18f3 · --tetto-sessioni 17 -- --journal ; · dri card0,card1,renderD128,renderD129 · VA Driver version: Mesa Gallium driver 25.0.7-2+deb13u1 for AMD Radeon RX 6800 (radeonsi, navi21, LLVM 19.1.7, DRM 3.64, 7.0)
[15:04:53] ══ livello-03: 3 utenti, 10 min (ricerca) ══
[15:04:53]    + utente 01 (pid 2976448, wayland-1, seme 1601, porte 9910)
[15:05:02]      utente 01 nato in 9.5 s
[15:05:02]    + utente 02 (pid 2977506, wayland-2, seme 1602, porte 9920)
[15:05:13]      utente 02 nato in 10.5 s
[15:05:13]    + utente 03 (pid 2978977, wayland-3, seme 1603, porte 9930)
[15:05:21]      utente 03 nato in 8.5 s
[15:05:21]    tutti dentro (29 s dopo l'inizio del livello): lavoro fino alle 15:15:21
[15:12:51]    SIGUSR1 a 3 attori (foto piena), 30 s prima della finestra
[15:12:54]    foto scritte: 3/3 in 3 s
[15:13:21]    controllo corto: firefox su wayland-0
[15:14:31]    controllo corto: PASS (codice 0)
[15:15:24]    ▶ livello-03: GREEN — 4 GREEN · 0 DEGRADED · 0 FAIL
[15:15:24] ⏹ FINE: ultimo livello buono 3 · rottura 4
[15:15:24]    fermo 3 attori (SIGTERM: sgomberano da se')
[15:15:27]    compositori spenti (5)
[15:15:32]    server rimesso col tetto predefinito (codice 0, tetto 10)
[15:15:32] fine · [{"livello": 1, "nome": "livello-01", "tipo": "gradino", "classe": "GREEN", "significativo": false, "dir": "/media/REMOTIX/misure/fase16/amd-b-4k-lxqt/livello-01"}, {"livello": 4, "nome": "livello-04", "tipo": "gradino", "classe": "DEGRADED", "significativo": true, "dir": "/media/REMOTIX/misure/fase16/amd-b-4k-lxqt/livello-04"}, {"livello": 4, "nome": "livello-04-ripetizione", "tipo": "ripetizione", "classe": "DEGRADED", "significativo": true, "dir": "/media/REMOTIX/misure/fase16/amd-b-4k-lxqt/livello-04-ripetizione"}, {"livello": 2, "nome": "livello-02", "tipo": "ricerca", "classe": "GREEN", "significativo": false, "dir": "/media/REMOTIX/misure/fase16/amd-b-4k-lxqt/livello-02"}, {"livello": 3, "nome": "livello-03", "tipo": "ricerca", "classe": "GREEN", "significativo": false, "dir": "/media/REMOTIX/misure/fase16/amd-b-4k-lxqt/livello-03"}]
[15:15:44] ⭐ SALITA amd-b-3k-lxqt · lxqt · 3k (3200x1800) · gradini 1,4,8,12,16 · 10 min (ultimo 30) · tetto 17
[15:15:44]    scheda della scatola: amd · browser-cliente sulla Intel
[15:15:44]    commit del prodotto: 678a2da
[15:15:44]    kernel 7.0 · Intel UHD 770 (i5-13500T) [i915] + AMD Radeon RX 6800 [amdgpu] · binario 28a947f5 · pagina fb9a18f3 · banchi 678a2da+modifiche
[15:15:46]    scatola accendi: codice 0 in 3 s ·   OK  dentro ci sono solo i nodi della Radeon: card0 card1 renderD128 renderD129
[15:15:47]    scatola prodotto: codice 0 in 1 s ·   OK  la catena PAM del prodotto e installata
[15:15:48]    scatola server: codice 0 in 1 s ·       righe rosse nel registro di avvio: 7
[15:15:48]    ⭐ scheda della scatola: AMD Radeon RX 6800 [amdgpu] 0000:03:00.0 = renderD128 dentro
[15:15:48]    ⭐ tetto delle sessioni in vigore: 17
[15:15:49]    scatola: binario 28a947f5 · pagina fb9a18f3 · --tetto-sessioni 17 -- --journal ; · dri card0,card1,renderD128,renderD129 · VA Driver version: Mesa Gallium driver 25.0.7-2+deb13u1 for AMD Radeon RX 6800 (radeonsi, navi21, LLVM 19.1.7, DRM 3.64, 7.0)
[15:15:49] ══ livello-01: 1 utenti, 10 min (gradino) ══
[15:15:50]    + utente 01 (pid 3000976, wayland-1, seme 1601, porte 9910)
[15:16:00]      utente 01 nato in 10.0 s
[15:16:00]    tutti dentro (11 s dopo l'inizio del livello): lavoro fino alle 15:26:00
[15:23:30]    SIGUSR1 a 1 attori (foto piena), 30 s prima della finestra
[15:23:31]    foto scritte: 1/1 in 1 s
[15:24:00]    controllo corto: firefox su wayland-0
[15:25:06]    controllo corto: PASS (codice 0)
[15:26:02]    ▶ livello-01: GREEN — 2 GREEN · 0 DEGRADED · 0 FAIL
[15:26:02] ══ livello-04: 4 utenti, 10 min (gradino) ══
[15:26:03]    + utente 02 (pid 3011651, wayland-2, seme 1602, porte 9920)
[15:26:14]      utente 02 nato in 11.0 s
[15:26:14]    + utente 03 (pid 3012501, wayland-3, seme 1603, porte 9930)
[15:26:22]      utente 03 nato in 8.5 s
[15:26:22]    + utente 04 (pid 3013534, wayland-4, seme 1604, porte 9940)
[15:26:35]      utente 04 nato in 13.0 s
[15:26:35]    tutti dentro (34 s dopo l'inizio del livello): lavoro fino alle 15:36:35
[15:34:05]    SIGUSR1 a 4 attori (foto piena), 30 s prima della finestra
[15:34:07]    foto scritte: 4/4 in 2 s
[15:34:35]    controllo corto: chrome su wayland-0
[15:35:47]    controllo corto: PASS (codice 0)
[15:36:39]    ▶ livello-04: GREEN — 5 GREEN · 0 DEGRADED · 0 FAIL
[15:36:39] ══ livello-08: 8 utenti, 10 min (gradino) ══
[15:36:41]    + utente 05 (pid 3042203, wayland-5, seme 1605, porte 9950)
[15:36:51]      utente 05 nato in 10.5 s
[15:36:51]    + utente 06 (pid 3043560, wayland-6, seme 1606, porte 9960)
[15:37:02]      utente 06 nato in 10.5 s
[15:37:02]    + utente 07 (pid 3045448, wayland-7, seme 1607, porte 9970)
[15:37:10]      utente 07 nato in 8.5 s
[15:37:10]    + utente 08 (pid 3046696, wayland-8, seme 1608, porte 9980)
[15:37:23]      utente 08 nato in 13.0 s
[15:37:23]    tutti dentro (44 s dopo l'inizio del livello): lavoro fino alle 15:47:23
[15:44:53]    SIGUSR1 a 8 attori (foto piena), 30 s prima della finestra
[15:44:55]    foto scritte: 8/8 in 2 s
[15:45:23]    controllo corto: firefox su wayland-0
[15:46:31]    controllo corto: PASS (codice 0)
[15:47:28]    ▶ livello-08: DEGRADED (significativo) — 6 GREEN · 3 DEGRADED · 0 FAIL · ⛔ DEGRADED SIGNIFICATIVO (piu' di un quarto degli attori DEGRADED (3 su 8)): non si sale
[15:47:28] ⚠ 8 utenti: DEGRADED — si RIPETE nelle stesse condizioni (§14), da scatola pulita
[15:47:28]    fermo 8 attori (SIGTERM: sgomberano da se')
[15:47:36]    scatola accendi: codice 0 in 2 s ·   OK  dentro ci sono solo i nodi della Radeon: card0 card1 renderD128 renderD129
[15:47:37]    scatola prodotto: codice 0 in 1 s ·   OK  la catena PAM del prodotto e installata
[15:47:37]    scatola server: codice 0 in 1 s ·       righe rosse nel registro di avvio: 7
[15:47:37]    ⭐ scheda della scatola: AMD Radeon RX 6800 [amdgpu] 0000:03:00.0 = renderD128 dentro
[15:47:38]    ⭐ tetto delle sessioni in vigore: 17
[15:47:38]    scatola: binario 28a947f5 · pagina fb9a18f3 · --tetto-sessioni 17 -- --journal ; · dri card0,card1,renderD128,renderD129 · VA Driver version: Mesa Gallium driver 25.0.7-2+deb13u1 for AMD Radeon RX 6800 (radeonsi, navi21, LLVM 19.1.7, DRM 3.64, 7.0)
[15:47:38] ══ livello-08-ripetizione: 8 utenti, 10 min (ripetizione) ══
[15:47:38]    + utente 01 (pid 3097970, wayland-1, seme 1601, porte 9910)
[15:47:48]      utente 01 nato in 9.5 s
[15:47:48]    + utente 02 (pid 3099037, wayland-2, seme 1602, porte 9920)
[15:47:58]      utente 02 nato in 10.5 s
[15:47:58]    + utente 03 (pid 3100518, wayland-3, seme 1603, porte 9930)
[15:48:06]      utente 03 nato in 8.0 s
[15:48:06]    + utente 04 (pid 3101610, wayland-4, seme 1604, porte 9940)
[15:48:19]      utente 04 nato in 12.5 s
[15:48:19]    + utente 05 (pid 3103116, wayland-5, seme 1605, porte 9950)
[15:48:29]      utente 05 nato in 10.5 s
[15:48:29]    + utente 06 (pid 3105357, wayland-6, seme 1606, porte 9960)
[15:48:40]      utente 06 nato in 11.0 s
[15:48:40]    + utente 07 (pid 3107227, wayland-7, seme 1607, porte 9970)
[15:48:49]      utente 07 nato in 9.0 s
[15:48:49]    + utente 08 (pid 3108780, wayland-8, seme 1608, porte 9980)
[15:49:02]      utente 08 nato in 13.0 s
[15:49:02]    tutti dentro (84 s dopo l'inizio del livello): lavoro fino alle 15:59:02
[15:56:32]    SIGUSR1 a 8 attori (foto piena), 30 s prima della finestra
[15:56:34]    foto scritte: 8/8 in 2 s
[15:57:02]    controllo corto: chrome su wayland-0
[15:58:11]    controllo corto: PASS (codice 0)
[15:59:07]    ▶ livello-08-ripetizione: GREEN — 9 GREEN · 0 DEGRADED · 0 FAIL
[15:59:07]    la ripetizione dice GREEN: non confermato, si sale
[15:59:07] ══ livello-12: 12 utenti, 10 min (gradino) ══
[15:59:09]    + utente 09 (pid 3158590, wayland-9, seme 1609, porte 9990)
[15:59:19]      utente 09 nato in 10.5 s
[15:59:19]    + utente 10 (pid 3160219, wayland-10, seme 1610, porte 10000)
[15:59:31]      utente 10 nato in 11.5 s
[15:59:31]    + utente 11 (pid 3162495, wayland-11, seme 1611, porte 10010)
[15:59:40]      utente 11 nato in 9.0 s
[15:59:40]    + utente 12 (pid 3164392, wayland-12, seme 1612, porte 10020)
[15:59:53]      utente 12 nato in 13.0 s
[15:59:53]    tutti dentro (46 s dopo l'inizio del livello): lavoro fino alle 16:09:53
[16:07:23]    SIGUSR1 a 12 attori (foto piena), 30 s prima della finestra
[16:07:25]    foto scritte: 12/12 in 2 s
[16:07:53]    controllo corto: firefox su wayland-0
[16:09:04]    controllo corto: PASS (codice 0)
[16:10:02]    ▶ livello-12: FAIL (significativo) — 11 GREEN · 1 DEGRADED · 1 FAIL
[16:10:02] ⚠ 12 utenti: FAIL — si RIPETE nelle stesse condizioni (§14), da scatola pulita
[16:10:02]    fermo 12 attori (SIGTERM: sgomberano da se')
[16:10:09]    scatola accendi: codice 0 in 2 s ·   OK  dentro ci sono solo i nodi della Radeon: card0 card1 renderD128 renderD129
[16:10:10]    scatola prodotto: codice 0 in 1 s ·   OK  la catena PAM del prodotto e installata
[16:10:10]    scatola server: codice 0 in 1 s ·       righe rosse nel registro di avvio: 7
[16:10:11]    ⭐ scheda della scatola: AMD Radeon RX 6800 [amdgpu] 0000:03:00.0 = renderD128 dentro
[16:10:11]    ⭐ tetto delle sessioni in vigore: 17
[16:10:11]    scatola: binario 28a947f5 · pagina fb9a18f3 · --tetto-sessioni 17 -- --journal ; · dri card0,card1,renderD128,renderD129 · VA Driver version: Mesa Gallium driver 25.0.7-2+deb13u1 for AMD Radeon RX 6800 (radeonsi, navi21, LLVM 19.1.7, DRM 3.64, 7.0)
[16:10:11] ══ livello-12-ripetizione: 12 utenti, 10 min (ripetizione) ══
[16:10:11]    + utente 01 (pid 3234926, wayland-1, seme 1601, porte 9910)
[16:10:21]      utente 01 nato in 9.5 s
[16:10:21]    + utente 02 (pid 3235994, wayland-2, seme 1602, porte 9920)
[16:10:32]      utente 02 nato in 11.0 s
[16:10:32]    + utente 03 (pid 3237465, wayland-3, seme 1603, porte 9930)
[16:10:40]      utente 03 nato in 8.0 s
[16:10:40]    + utente 04 (pid 3238549, wayland-4, seme 1604, porte 9940)
[16:10:51]      utente 04 nato in 11.5 s
[16:10:51]    + utente 05 (pid 3240044, wayland-5, seme 1605, porte 9950)
[16:11:01]      utente 05 nato in 10.0 s
[16:11:01]    + utente 06 (pid 3242226, wayland-6, seme 1606, porte 9960)
[16:11:12]      utente 06 nato in 11.0 s
[16:11:12]    + utente 07 (pid 3244101, wayland-7, seme 1607, porte 9970)
[16:11:22]      utente 07 nato in 9.5 s
[16:11:22]    + utente 08 (pid 3245626, wayland-8, seme 1608, porte 9980)
[16:11:35]      utente 08 nato in 13.5 s
[16:11:35]    + utente 09 (pid 3247504, wayland-9, seme 1609, porte 9990)
[16:11:46]      utente 09 nato in 11.0 s
[16:11:46]    + utente 10 (pid 3250211, wayland-10, seme 1610, porte 10000)
[16:11:57]      utente 10 nato in 11.0 s
[16:11:57]    + utente 11 (pid 3252785, wayland-11, seme 1611, porte 10010)
[16:12:07]      utente 11 nato in 9.5 s
[16:12:07]    + utente 12 (pid 3254818, wayland-12, seme 1612, porte 10020)
[16:12:21]      utente 12 nato in 14.5 s
[16:12:21]    tutti dentro (130 s dopo l'inizio del livello): lavoro fino alle 16:22:21
[16:19:51]    SIGUSR1 a 12 attori (foto piena), 30 s prima della finestra
[16:19:54]    foto scritte: 12/12 in 3 s
[16:20:21]    controllo corto: chrome su wayland-0
[16:21:34]    controllo corto: PASS (codice 0)
[16:22:29]    ▶ livello-12-ripetizione: DEGRADED — 10 GREEN · 3 DEGRADED · 0 FAIL · DEGRADED non significativo
[16:22:29]    la ripetizione dice DEGRADED: non confermato, si sale
[16:22:29] ══ livello-16: 16 utenti, 30 min (gradino) ══
[16:22:31]    + utente 13 (pid 3326096, wayland-13, seme 1613, porte 10030)
[16:22:41]      utente 13 nato in 10.0 s
[16:22:41]    + utente 14 (pid 3327857, wayland-14, seme 1614, porte 10040)
[16:22:52]      utente 14 nato in 11.5 s
[16:22:52]    + utente 15 (pid 3330726, wayland-15, seme 1615, porte 10050)
[16:23:02]      utente 15 nato in 9.5 s
[16:23:02]    + utente 16 (pid 3332394, wayland-16, seme 1616, porte 10060)
[16:23:14]      utente 16 nato in 12.5 s
[16:23:14]    tutti dentro (45 s dopo l'inizio del livello): lavoro fino alle 16:53:14
[16:50:44]    SIGUSR1 a 16 attori (foto piena), 30 s prima della finestra
[16:50:47]    foto scritte: 16/16 in 3 s
[16:51:14]    controllo corto: firefox su wayland-0
[16:52:54]    controllo corto: BLOCKED (codice 3)
[16:53:42]    ▶ livello-16: FAIL (significativo) — 10 GREEN · 6 DEGRADED · 1 FAIL
[16:53:42] ⚠ 16 utenti: FAIL — si RIPETE nelle stesse condizioni (§14), da scatola pulita
[16:53:42]    fermo 16 attori (SIGTERM: sgomberano da se')
[16:53:51]    scatola accendi: codice 0 in 2 s ·   OK  dentro ci sono solo i nodi della Radeon: card0 card1 renderD128 renderD129
[16:53:51]    scatola prodotto: codice 0 in 1 s ·   OK  la catena PAM del prodotto e installata
[16:53:52]    scatola server: codice 0 in 1 s ·       righe rosse nel registro di avvio: 7
[16:53:52]    ⭐ scheda della scatola: AMD Radeon RX 6800 [amdgpu] 0000:03:00.0 = renderD128 dentro
[16:53:53]    ⭐ tetto delle sessioni in vigore: 17
[16:53:53]    scatola: binario 28a947f5 · pagina fb9a18f3 · --tetto-sessioni 17 -- --journal ; · dri card0,card1,renderD128,renderD129 · VA Driver version: Mesa Gallium driver 25.0.7-2+deb13u1 for AMD Radeon RX 6800 (radeonsi, navi21, LLVM 19.1.7, DRM 3.64, 7.0)
[16:53:53] ══ livello-16-ripetizione: 16 utenti, 30 min (ripetizione) ══
[16:53:53]    + utente 01 (pid 3572529, wayland-1, seme 1601, porte 9910)
[16:54:03]      utente 01 nato in 10.0 s
[16:54:03]    + utente 02 (pid 3573585, wayland-2, seme 1602, porte 9920)
[16:54:14]      utente 02 nato in 11.0 s
[16:54:14]    + utente 03 (pid 3575062, wayland-3, seme 1603, porte 9930)
[16:54:23]      utente 03 nato in 8.5 s
[16:54:23]    + utente 04 (pid 3576155, wayland-4, seme 1604, porte 9940)
[16:54:35]      utente 04 nato in 12.0 s
[16:54:35]    + utente 05 (pid 3577635, wayland-5, seme 1605, porte 9950)
[16:54:45]      utente 05 nato in 10.0 s
[16:54:45]    + utente 06 (pid 3579804, wayland-6, seme 1606, porte 9960)
[16:54:56]      utente 06 nato in 11.0 s
[16:54:56]    + utente 07 (pid 3581676, wayland-7, seme 1607, porte 9970)
[16:55:05]      utente 07 nato in 9.0 s
[16:55:05]    + utente 08 (pid 3583200, wayland-8, seme 1608, porte 9980)
[16:55:18]      utente 08 nato in 13.0 s
[16:55:18]    + utente 09 (pid 3585024, wayland-9, seme 1609, porte 9990)
[16:55:29]      utente 09 nato in 11.0 s
[16:55:29]    + utente 10 (pid 3587720, wayland-10, seme 1610, porte 10000)
[16:55:40]      utente 10 nato in 11.0 s
[16:55:40]    + utente 11 (pid 3590262, wayland-11, seme 1611, porte 10010)
[16:55:50]      utente 11 nato in 10.0 s
[16:55:50]    + utente 12 (pid 3592359, wayland-12, seme 1612, porte 10020)
[16:56:03]      utente 12 nato in 13.5 s
[16:56:03]    + utente 13 (pid 3594666, wayland-13, seme 1613, porte 10030)
[16:56:15]      utente 13 nato in 12.0 s
[16:56:15]    + utente 14 (pid 3597963, wayland-14, seme 1614, porte 10040)
[16:56:26]      utente 14 nato in 11.0 s
[16:56:26]    + utente 15 (pid 3600434, wayland-15, seme 1615, porte 10050)
[16:56:36]      utente 15 nato in 9.5 s
[16:56:36]    + utente 16 (pid 3602898, wayland-16, seme 1616, porte 10060)
[16:56:49]      utente 16 nato in 13.5 s
[16:56:49]    tutti dentro (176 s dopo l'inizio del livello): lavoro fino alle 17:26:49
[17:24:19]    SIGUSR1 a 16 attori (foto piena), 30 s prima della finestra
[17:24:21]    foto scritte: 16/16 in 2 s
[17:24:49]    controllo corto: chrome su wayland-0
[17:26:30]    controllo corto: BLOCKED (codice 3)
[17:27:17]    ▶ livello-16-ripetizione: FAIL (significativo) — 5 GREEN · 10 DEGRADED · 2 FAIL
[17:27:17] ⛔ confermato: 16 utenti FAIL due volte
[17:27:17] 🔎 ricerca a meta' fra 12 (buono) e 16 (rotto): 14 utenti
[17:27:17]    fermo 16 attori (SIGTERM: sgomberano da se')
[17:27:27]    scatola accendi: codice 0 in 2 s ·   OK  dentro ci sono solo i nodi della Radeon: card0 card1 renderD128 renderD129
[17:27:27]    scatola prodotto: codice 0 in 1 s ·   OK  la catena PAM del prodotto e installata
[17:27:28]    scatola server: codice 0 in 1 s ·       righe rosse nel registro di avvio: 7
[17:27:28]    ⭐ scheda della scatola: AMD Radeon RX 6800 [amdgpu] 0000:03:00.0 = renderD128 dentro
[17:27:29]    ⭐ tetto delle sessioni in vigore: 17
[17:27:29]    scatola: binario 28a947f5 · pagina fb9a18f3 · --tetto-sessioni 17 -- --journal ; · dri card0,card1,renderD128,renderD129 · VA Driver version: Mesa Gallium driver 25.0.7-2+deb13u1 for AMD Radeon RX 6800 (radeonsi, navi21, LLVM 19.1.7, DRM 3.64, 7.0)
[17:27:29] ══ livello-14: 14 utenti, 10 min (ricerca) ══
[17:27:29]    + utente 01 (pid 3847073, wayland-1, seme 1601, porte 9910)
[17:27:39]      utente 01 nato in 9.5 s
[17:27:39]    + utente 02 (pid 3848147, wayland-2, seme 1602, porte 9920)
[17:27:50]      utente 02 nato in 11.0 s
[17:27:50]    + utente 03 (pid 3849600, wayland-3, seme 1603, porte 9930)
[17:27:58]      utente 03 nato in 8.5 s
[17:27:58]    + utente 04 (pid 3850725, wayland-4, seme 1604, porte 9940)
[17:28:11]      utente 04 nato in 12.5 s
[17:28:11]    + utente 05 (pid 3852183, wayland-5, seme 1605, porte 9950)
[17:28:21]      utente 05 nato in 10.5 s
[17:28:21]    + utente 06 (pid 3854419, wayland-6, seme 1606, porte 9960)
[17:28:32]      utente 06 nato in 11.0 s
[17:28:32]    + utente 07 (pid 3856234, wayland-7, seme 1607, porte 9970)
[17:28:41]      utente 07 nato in 9.0 s
[17:28:41]    + utente 08 (pid 3857774, wayland-8, seme 1608, porte 9980)
[17:28:55]      utente 08 nato in 13.5 s
[17:28:55]    + utente 09 (pid 3859663, wayland-9, seme 1609, porte 9990)
[17:29:05]      utente 09 nato in 10.0 s
[17:29:05]    + utente 10 (pid 3862218, wayland-10, seme 1610, porte 10000)
[17:29:16]      utente 10 nato in 11.0 s
[17:29:16]    + utente 11 (pid 3864729, wayland-11, seme 1611, porte 10010)
[17:29:25]      utente 11 nato in 9.5 s
[17:29:25]    + utente 12 (pid 3866861, wayland-12, seme 1612, porte 10020)
[17:29:39]      utente 12 nato in 13.5 s
[17:29:39]    + utente 13 (pid 3869169, wayland-13, seme 1613, porte 10030)
[17:29:49]      utente 13 nato in 10.0 s
[17:29:49]    + utente 14 (pid 3872130, wayland-14, seme 1614, porte 10040)
[17:30:00]      utente 14 nato in 11.0 s
[17:30:00]    tutti dentro (151 s dopo l'inizio del livello): lavoro fino alle 17:40:00
[17:37:30]    SIGUSR1 a 14 attori (foto piena), 30 s prima della finestra
[17:37:32]    foto scritte: 14/14 in 2 s
[17:38:00]    controllo corto: firefox su wayland-0
[17:39:11]    controllo corto: PASS (codice 0)
[17:40:09]    ▶ livello-14: DEGRADED — 14 GREEN · 1 DEGRADED · 0 FAIL · DEGRADED non significativo
[17:40:09] 🔎 ricerca a meta' fra 14 (buono) e 16 (rotto): 15 utenti
[17:40:09]    fermo 14 attori (SIGTERM: sgomberano da se')
[17:40:16]    scatola accendi: codice 0 in 2 s ·   OK  dentro ci sono solo i nodi della Radeon: card0 card1 renderD128 renderD129
[17:40:17]    scatola prodotto: codice 0 in 1 s ·   OK  la catena PAM del prodotto e installata
[17:40:18]    scatola server: codice 0 in 1 s ·       righe rosse nel registro di avvio: 7
[17:40:18]    ⭐ scheda della scatola: AMD Radeon RX 6800 [amdgpu] 0000:03:00.0 = renderD128 dentro
[17:40:18]    ⭐ tetto delle sessioni in vigore: 17
[17:40:18]    scatola: binario 28a947f5 · pagina fb9a18f3 · --tetto-sessioni 17 -- --journal ; · dri card0,card1,renderD128,renderD129 · VA Driver version: Mesa Gallium driver 25.0.7-2+deb13u1 for AMD Radeon RX 6800 (radeonsi, navi21, LLVM 19.1.7, DRM 3.64, 7.0)
[17:40:18] ══ livello-15: 15 utenti, 10 min (ricerca) ══
[17:40:19]    + utente 01 (pid 3953732, wayland-1, seme 1601, porte 9910)
[17:40:29]      utente 01 nato in 10.0 s
[17:40:29]    + utente 02 (pid 3954802, wayland-2, seme 1602, porte 9920)
[17:40:39]      utente 02 nato in 10.5 s
[17:40:39]    + utente 03 (pid 3956253, wayland-3, seme 1603, porte 9930)
[17:40:48]      utente 03 nato in 8.5 s
[17:40:48]    + utente 04 (pid 3957335, wayland-4, seme 1604, porte 9940)
[17:41:00]      utente 04 nato in 12.0 s
[17:41:00]    + utente 05 (pid 3958837, wayland-5, seme 1605, porte 9950)
[17:41:10]      utente 05 nato in 10.5 s
[17:41:10]    + utente 06 (pid 3961044, wayland-6, seme 1606, porte 9960)
[17:41:21]      utente 06 nato in 11.0 s
[17:41:21]    + utente 07 (pid 3962933, wayland-7, seme 1607, porte 9970)
[17:41:30]      utente 07 nato in 9.0 s
[17:41:30]    + utente 08 (pid 3964456, wayland-8, seme 1608, porte 9980)
[17:41:44]      utente 08 nato in 14.0 s
[17:41:44]    + utente 09 (pid 3966364, wayland-9, seme 1609, porte 9990)
[17:41:54]      utente 09 nato in 10.0 s
[17:41:54]    + utente 10 (pid 3968878, wayland-10, seme 1610, porte 10000)
[17:42:05]      utente 10 nato in 11.0 s
[17:42:05]    + utente 11 (pid 3971552, wayland-11, seme 1611, porte 10010)
[17:42:15]      utente 11 nato in 9.5 s
[17:42:15]    + utente 12 (pid 3973440, wayland-12, seme 1612, porte 10020)
[17:42:28]      utente 12 nato in 13.0 s
[17:42:28]    + utente 13 (pid 3975804, wayland-13, seme 1613, porte 10030)
[17:42:38]      utente 13 nato in 10.5 s
[17:42:38]    + utente 14 (pid 3978806, wayland-14, seme 1614, porte 10040)
[17:42:49]      utente 14 nato in 11.0 s
[17:42:49]    + utente 15 (pid 3981425, wayland-15, seme 1615, porte 10050)
[17:43:00]      utente 15 nato in 10.5 s
[17:43:00]    tutti dentro (161 s dopo l'inizio del livello): lavoro fino alle 17:53:00
[17:50:30]    SIGUSR1 a 15 attori (foto piena), 30 s prima della finestra
[17:50:32]    foto scritte: 15/15 in 2 s
[17:51:00]    controllo corto: chrome su wayland-0
[17:52:13]    controllo corto: PASS (codice 0)
[17:53:09]    ▶ livello-15: DEGRADED (significativo) — 12 GREEN · 4 DEGRADED · 0 FAIL · ⛔ DEGRADED SIGNIFICATIVO (piu' di un quarto degli attori DEGRADED (4 su 15)): non si sale
[17:53:09] ⏹ FINE: ultimo livello buono 14 · rottura 15
[17:53:09]    fermo 15 attori (SIGTERM: sgomberano da se')
[17:53:15]    compositori spenti (17)
[17:53:21]    server rimesso col tetto predefinito (codice 0, tetto 10)
[17:53:21] fine · [{"livello": 1, "nome": "livello-01", "tipo": "gradino", "classe": "GREEN", "significativo": false, "dir": "/media/REMOTIX/misure/fase16/amd-b-3k-lxqt/livello-01"}, {"livello": 4, "nome": "livello-04", "tipo": "gradino", "classe": "GREEN", "significativo": false, "dir": "/media/REMOTIX/misure/fase16/amd-b-3k-lxqt/livello-04"}, {"livello": 8, "nome": "livello-08", "tipo": "gradino", "classe": "DEGRADED", "significativo": true, "dir": "/media/REMOTIX/misure/fase16/amd-b-3k-lxqt/livello-08"}, {"livello": 8, "nome": "livello-08-ripetizione", "tipo": "ripetizione", "classe": "GREEN", "significativo": false, "dir": "/media/REMOTIX/misure/fase16/amd-b-3k-lxqt/livello-08-ripetizione"}, {"livello": 12, "nome": "livello-12", "tipo": "gradino", "classe": "FAIL", "significativo": true, "dir": "/media/REMOTIX/misure/fase16/amd-b-3k-lxqt/livello-12"}, {"livello": 12, "nome": "livello-12-ripetizione", "tipo": "ripetizione", "classe": "DEGRADED", "significativo": false, "dir": "/media/REMOTIX/misure/fase16/amd-b-3k-lxqt/livello-12-ripetizione"}, {"livello": 16, "nome": "livello-16", "tipo": "gradino", "classe": "FAIL", "significativo": true, "dir": "/media/REMOTIX/misure/fase16/amd-b-3k-lxqt/livello-16"}, {"livello": 16, "nome": "livello-16-ripetizione", "tipo": "ripetizione", "classe": "FAIL", "significativo": true, "dir": "/media/REMOTIX/misure/fase16/amd-b-3k-lxqt/livello-16-ripetizione"}, {"livello": 14, "nome": "livello-14", "tipo": "ricerca", "classe": "DEGRADED", "significativo": false, "dir": "/media/REMOTIX/misure/fase16/amd-b-3k-lxqt/livello-14"}, {"livello": 15, "nome": "livello-15", "tipo": "ricerca", "classe": "DEGRADED", "significativo": true, "dir": "/media/REMOTIX/misure/fase16/amd-b-3k-lxqt/livello-15"}]
[17:53:33] ⭐ SALITA amd-b-2k-lxqt · lxqt · 2k (2560x1440) · gradini 1,4,8,12,16 · 10 min (ultimo 30) · tetto 17
[17:53:33]    scheda della scatola: amd · browser-cliente sulla Intel
[17:53:33]    commit del prodotto: 678a2da
[17:53:33]    kernel 7.0 · Intel UHD 770 (i5-13500T) [i915] + AMD Radeon RX 6800 [amdgpu] · binario 28a947f5 · pagina fb9a18f3 · banchi 678a2da+modifiche
[17:53:35]    scatola accendi: codice 0 in 3 s ·   OK  dentro ci sono solo i nodi della Radeon: card0 card1 renderD128 renderD129
[17:53:36]    scatola prodotto: codice 0 in 1 s ·   OK  la catena PAM del prodotto e installata
[17:53:37]    scatola server: codice 0 in 1 s ·       righe rosse nel registro di avvio: 7
[17:53:37]    ⭐ scheda della scatola: AMD Radeon RX 6800 [amdgpu] 0000:03:00.0 = renderD128 dentro
[17:53:37]    ⭐ tetto delle sessioni in vigore: 17
[17:53:37]    scatola: binario 28a947f5 · pagina fb9a18f3 · --tetto-sessioni 17 -- --journal ; · dri card0,card1,renderD128,renderD129 · VA Driver version: Mesa Gallium driver 25.0.7-2+deb13u1 for AMD Radeon RX 6800 (radeonsi, navi21, LLVM 19.1.7, DRM 3.64, 7.0)
[17:53:37] ══ livello-01: 1 utenti, 10 min (gradino) ══
[17:53:38]    + utente 01 (pid 4067754, wayland-1, seme 1601, porte 9910)
[17:53:48]      utente 01 nato in 10.0 s
[17:53:48]    tutti dentro (11 s dopo l'inizio del livello): lavoro fino alle 18:03:48
[18:01:18]    SIGUSR1 a 1 attori (foto piena), 30 s prima della finestra
[18:01:19]    foto scritte: 1/1 in 1 s
[18:01:48]    controllo corto: firefox su wayland-0
[18:02:53]    controllo corto: PASS (codice 0)
[18:03:51]    ▶ livello-01: GREEN — 2 GREEN · 0 DEGRADED · 0 FAIL
[18:03:51] ══ livello-04: 4 utenti, 10 min (gradino) ══
[18:03:52]    + utente 02 (pid 4078433, wayland-2, seme 1602, porte 9920)
[18:04:03]      utente 02 nato in 10.5 s
[18:04:03]    + utente 03 (pid 4079288, wayland-3, seme 1603, porte 9930)
[18:04:11]      utente 03 nato in 8.0 s
[18:04:11]    + utente 04 (pid 4080337, wayland-4, seme 1604, porte 9940)
[18:04:23]      utente 04 nato in 12.0 s
[18:04:23]    tutti dentro (32 s dopo l'inizio del livello): lavoro fino alle 18:14:23
[18:11:53]    SIGUSR1 a 4 attori (foto piena), 30 s prima della finestra
[18:11:55]    foto scritte: 4/4 in 2 s
[18:12:23]    controllo corto: chrome su wayland-0
[18:13:32]    controllo corto: PASS (codice 0)
[18:14:26]    ▶ livello-04: GREEN — 5 GREEN · 0 DEGRADED · 0 FAIL
[18:14:26] ══ livello-08: 8 utenti, 10 min (gradino) ══
[18:14:28]    + utente 05 (pid 4108828, wayland-5, seme 1605, porte 9950)
[18:14:38]      utente 05 nato in 10.5 s
[18:14:38]    + utente 06 (pid 4110239, wayland-6, seme 1606, porte 9960)
[18:14:49]      utente 06 nato in 11.0 s
[18:14:49]    + utente 07 (pid 4112163, wayland-7, seme 1607, porte 9970)
[18:14:58]      utente 07 nato in 8.5 s
[18:14:58]    + utente 08 (pid 4113479, wayland-8, seme 1608, porte 9980)
[18:15:10]      utente 08 nato in 12.0 s
[18:15:10]    tutti dentro (44 s dopo l'inizio del livello): lavoro fino alle 18:25:10
[18:22:40]    SIGUSR1 a 8 attori (foto piena), 30 s prima della finestra
[18:22:43]    foto scritte: 8/8 in 3 s
[18:23:10]    controllo corto: firefox su wayland-0
[18:24:17]    controllo corto: PASS (codice 0)
[18:25:16]    ▶ livello-08: DEGRADED — 8 GREEN · 1 DEGRADED · 0 FAIL · DEGRADED non significativo
[18:25:16] ══ livello-12: 12 utenti, 10 min (gradino) ══
[18:25:17]    + utente 09 (pid 4162618, wayland-9, seme 1609, porte 9990)
[18:25:28]      utente 09 nato in 10.5 s
[18:25:28]    + utente 10 (pid 4164178, wayland-10, seme 1610, porte 10000)
[18:25:39]      utente 10 nato in 11.5 s
[18:25:39]    + utente 11 (pid 4166377, wayland-11, seme 1611, porte 10010)
[18:25:48]      utente 11 nato in 8.5 s
[18:25:48]    + utente 12 (pid 4168083, wayland-12, seme 1612, porte 10020)
[18:26:00]      utente 12 nato in 12.5 s
[18:26:00]    tutti dentro (45 s dopo l'inizio del livello): lavoro fino alle 18:36:00
[18:33:30]    SIGUSR1 a 12 attori (foto piena), 30 s prima della finestra
[18:33:33]    foto scritte: 12/12 in 3 s
[18:34:00]    controllo corto: chrome su wayland-0
[18:35:12]    controllo corto: PASS (codice 0)
[18:36:08]    ▶ livello-12: GREEN — 13 GREEN · 0 DEGRADED · 0 FAIL
[18:36:08] ══ livello-16: 16 utenti, 30 min (gradino) ══
[18:36:10]    + utente 13 (pid 42249, wayland-13, seme 1613, porte 10030)
[18:36:21]      utente 13 nato in 10.5 s
[18:36:21]    + utente 14 (pid 43925, wayland-14, seme 1614, porte 10040)
[18:36:32]      utente 14 nato in 11.0 s
[18:36:32]    + utente 15 (pid 46783, wayland-15, seme 1615, porte 10050)
[18:36:41]      utente 15 nato in 9.0 s
[18:36:41]    + utente 16 (pid 48444, wayland-16, seme 1616, porte 10060)
[18:36:53]      utente 16 nato in 12.5 s
[18:36:53]    tutti dentro (45 s dopo l'inizio del livello): lavoro fino alle 19:06:53
[19:04:23]    SIGUSR1 a 16 attori (foto piena), 30 s prima della finestra
[19:04:26]    foto scritte: 16/16 in 3 s
[19:04:53]    controllo corto: firefox su wayland-0
[19:06:32]    controllo corto: BLOCKED (codice 3)
[19:07:21]    ▶ livello-16: FAIL (significativo) — 15 GREEN · 1 DEGRADED · 1 FAIL
[19:07:21] ⚠ 16 utenti: FAIL — si RIPETE nelle stesse condizioni (§14), da scatola pulita
[19:07:21]    fermo 16 attori (SIGTERM: sgomberano da se')
[19:07:30]    scatola accendi: codice 0 in 3 s ·   OK  dentro ci sono solo i nodi della Radeon: card0 card1 renderD128 renderD129
[19:07:31]    scatola prodotto: codice 0 in 1 s ·   OK  la catena PAM del prodotto e installata
[19:07:32]    scatola server: codice 0 in 1 s ·       righe rosse nel registro di avvio: 7
[19:07:32]    ⭐ scheda della scatola: AMD Radeon RX 6800 [amdgpu] 0000:03:00.0 = renderD128 dentro
[19:07:32]    ⭐ tetto delle sessioni in vigore: 17
[19:07:33]    scatola: binario 28a947f5 · pagina fb9a18f3 · --tetto-sessioni 17 -- --journal ; · dri card0,card1,renderD128,renderD129 · VA Driver version: Mesa Gallium driver 25.0.7-2+deb13u1 for AMD Radeon RX 6800 (radeonsi, navi21, LLVM 19.1.7, DRM 3.64, 7.0)
[19:07:33] ══ livello-16-ripetizione: 16 utenti, 30 min (ripetizione) ══
[19:07:33]    + utente 01 (pid 289409, wayland-1, seme 1601, porte 9910)
[19:07:43]      utente 01 nato in 10.0 s
[19:07:43]    + utente 02 (pid 290477, wayland-2, seme 1602, porte 9920)
[19:07:54]      utente 02 nato in 10.5 s
[19:07:54]    + utente 03 (pid 291937, wayland-3, seme 1603, porte 9930)
[19:08:02]      utente 03 nato in 8.0 s
[19:08:02]    + utente 04 (pid 293015, wayland-4, seme 1604, porte 9940)
[19:08:14]      utente 04 nato in 12.0 s
[19:08:14]    + utente 05 (pid 294508, wayland-5, seme 1605, porte 9950)
[19:08:24]      utente 05 nato in 10.0 s
[19:08:24]    + utente 06 (pid 296670, wayland-6, seme 1606, porte 9960)
[19:08:34]      utente 06 nato in 10.5 s
[19:08:34]    + utente 07 (pid 298524, wayland-7, seme 1607, porte 9970)
[19:08:43]      utente 07 nato in 8.5 s
[19:08:43]    + utente 08 (pid 299917, wayland-8, seme 1608, porte 9980)
[19:08:57]      utente 08 nato in 14.0 s
[19:08:57]    + utente 09 (pid 301861, wayland-9, seme 1609, porte 9990)
[19:09:07]      utente 09 nato in 10.0 s
[19:09:07]    + utente 10 (pid 304539, wayland-10, seme 1610, porte 10000)
[19:09:17]      utente 10 nato in 10.5 s
[19:09:17]    + utente 11 (pid 307031, wayland-11, seme 1611, porte 10010)
[19:09:26]      utente 11 nato in 9.0 s
[19:09:26]    + utente 12 (pid 309023, wayland-12, seme 1612, porte 10020)
[19:09:40]      utente 12 nato in 13.5 s
[19:09:40]    + utente 13 (pid 311409, wayland-13, seme 1613, porte 10030)
[19:09:50]      utente 13 nato in 10.0 s
[19:09:50]    + utente 14 (pid 314270, wayland-14, seme 1614, porte 10040)
[19:10:01]      utente 14 nato in 11.5 s
[19:10:01]    + utente 15 (pid 317015, wayland-15, seme 1615, porte 10050)
[19:10:10]      utente 15 nato in 8.5 s
[19:10:10]    + utente 16 (pid 318997, wayland-16, seme 1616, porte 10060)
[19:10:24]      utente 16 nato in 14.5 s
[19:10:24]    tutti dentro (171 s dopo l'inizio del livello): lavoro fino alle 19:40:24
[19:37:54]    SIGUSR1 a 16 attori (foto piena), 30 s prima della finestra
[19:37:55]    foto scritte: 16/16 in 1 s
[19:38:24]    controllo corto: chrome su wayland-0
[19:40:04]    controllo corto: BLOCKED (codice 3)
[19:40:52]    ▶ livello-16-ripetizione: FAIL (significativo) — 15 GREEN · 1 DEGRADED · 1 FAIL
[19:40:52] ⛔ confermato: 16 utenti FAIL due volte
[19:40:52] 🔎 ricerca a meta' fra 12 (buono) e 16 (rotto): 14 utenti
[19:40:52]    fermo 16 attori (SIGTERM: sgomberano da se')
[19:41:00]    scatola accendi: codice 0 in 2 s ·   OK  dentro ci sono solo i nodi della Radeon: card0 card1 renderD128 renderD129
[19:41:01]    scatola prodotto: codice 0 in 1 s ·   OK  la catena PAM del prodotto e installata
[19:41:02]    scatola server: codice 0 in 1 s ·       righe rosse nel registro di avvio: 7
[19:41:02]    ⭐ scheda della scatola: AMD Radeon RX 6800 [amdgpu] 0000:03:00.0 = renderD128 dentro
[19:41:02]    ⭐ tetto delle sessioni in vigore: 17
[19:41:02]    scatola: binario 28a947f5 · pagina fb9a18f3 · --tetto-sessioni 17 -- --journal ; · dri card0,card1,renderD128,renderD129 · VA Driver version: Mesa Gallium driver 25.0.7-2+deb13u1 for AMD Radeon RX 6800 (radeonsi, navi21, LLVM 19.1.7, DRM 3.64, 7.0)
[19:41:02] ══ livello-14: 14 utenti, 10 min (ricerca) ══
[19:41:03]    + utente 01 (pid 564327, wayland-1, seme 1601, porte 9910)
[19:41:12]      utente 01 nato in 9.5 s
[19:41:12]    + utente 02 (pid 565393, wayland-2, seme 1602, porte 9920)
[19:41:23]      utente 02 nato in 11.0 s
[19:41:23]    + utente 03 (pid 566854, wayland-3, seme 1603, porte 9930)
[19:41:31]      utente 03 nato in 8.0 s
[19:41:31]    + utente 04 (pid 567944, wayland-4, seme 1604, porte 9940)
[19:41:43]      utente 04 nato in 12.0 s
[19:41:43]    + utente 05 (pid 569447, wayland-5, seme 1605, porte 9950)
[19:41:53]      utente 05 nato in 10.0 s
[19:41:53]    + utente 06 (pid 571623, wayland-6, seme 1606, porte 9960)
[19:42:04]      utente 06 nato in 11.0 s
[19:42:04]    + utente 07 (pid 573459, wayland-7, seme 1607, porte 9970)
[19:42:13]      utente 07 nato in 9.0 s
[19:42:13]    + utente 08 (pid 574961, wayland-8, seme 1608, porte 9980)
[19:42:28]      utente 08 nato in 14.5 s
[19:42:28]    + utente 09 (pid 576922, wayland-9, seme 1609, porte 9990)
[19:42:38]      utente 09 nato in 10.0 s
[19:42:38]    + utente 10 (pid 579463, wayland-10, seme 1610, porte 10000)
[19:42:49]      utente 10 nato in 11.0 s
[19:42:49]    + utente 11 (pid 582067, wayland-11, seme 1611, porte 10010)
[19:42:57]      utente 11 nato in 8.5 s
[19:42:57]    + utente 12 (pid 584062, wayland-12, seme 1612, porte 10020)
[19:43:12]      utente 12 nato in 15.0 s
[19:43:12]    + utente 13 (pid 586556, wayland-13, seme 1613, porte 10030)
[19:43:24]      utente 13 nato in 12.0 s
[19:43:24]    + utente 14 (pid 589818, wayland-14, seme 1614, porte 10040)
[19:43:35]      utente 14 nato in 11.0 s
[19:43:35]    tutti dentro (153 s dopo l'inizio del livello): lavoro fino alle 19:53:35
[19:51:05]    SIGUSR1 a 14 attori (foto piena), 30 s prima della finestra
[19:51:06]    foto scritte: 14/14 in 1 s
[19:51:35]    controllo corto: firefox su wayland-0
[19:52:42]    controllo corto: PASS (codice 0)
[19:53:44]    ▶ livello-14: DEGRADED — 13 GREEN · 2 DEGRADED · 0 FAIL · DEGRADED non significativo
[19:53:44] 🔎 ricerca a meta' fra 14 (buono) e 16 (rotto): 15 utenti
[19:53:44]    fermo 14 attori (SIGTERM: sgomberano da se')
[19:53:52]    scatola accendi: codice 0 in 3 s ·   OK  dentro ci sono solo i nodi della Radeon: card0 card1 renderD128 renderD129
[19:53:53]    scatola prodotto: codice 0 in 1 s ·   OK  la catena PAM del prodotto e installata
[19:53:53]    scatola server: codice 0 in 1 s ·       righe rosse nel registro di avvio: 7
[19:53:54]    ⭐ scheda della scatola: AMD Radeon RX 6800 [amdgpu] 0000:03:00.0 = renderD128 dentro
[19:53:54]    ⭐ tetto delle sessioni in vigore: 17
[19:53:54]    scatola: binario 28a947f5 · pagina fb9a18f3 · --tetto-sessioni 17 -- --journal ; · dri card0,card1,renderD128,renderD129 · VA Driver version: Mesa Gallium driver 25.0.7-2+deb13u1 for AMD Radeon RX 6800 (radeonsi, navi21, LLVM 19.1.7, DRM 3.64, 7.0)
[19:53:54] ══ livello-15: 15 utenti, 10 min (ricerca) ══
[19:53:55]    + utente 01 (pid 671282, wayland-1, seme 1601, porte 9910)
[19:54:05]      utente 01 nato in 10.0 s
[19:54:05]    + utente 02 (pid 672349, wayland-2, seme 1602, porte 9920)
[19:54:16]      utente 02 nato in 11.0 s
[19:54:16]    + utente 03 (pid 673801, wayland-3, seme 1603, porte 9930)
[19:54:24]      utente 03 nato in 8.5 s
[19:54:24]    + utente 04 (pid 674916, wayland-4, seme 1604, porte 9940)
[19:54:36]      utente 04 nato in 12.0 s
[19:54:36]    + utente 05 (pid 676375, wayland-5, seme 1605, porte 9950)
[19:54:46]      utente 05 nato in 9.5 s
[19:54:46]    + utente 06 (pid 678565, wayland-6, seme 1606, porte 9960)
[19:54:57]      utente 06 nato in 11.0 s
[19:54:57]    + utente 07 (pid 680459, wayland-7, seme 1607, porte 9970)
[19:55:06]      utente 07 nato in 9.0 s
[19:55:06]    + utente 08 (pid 681962, wayland-8, seme 1608, porte 9980)
[19:55:19]      utente 08 nato in 13.5 s
[19:55:19]    + utente 09 (pid 683837, wayland-9, seme 1609, porte 9990)
[19:55:29]      utente 09 nato in 10.0 s
[19:55:29]    + utente 10 (pid 686429, wayland-10, seme 1610, porte 10000)
[19:55:40]      utente 10 nato in 11.0 s
[19:55:40]    + utente 11 (pid 688995, wayland-11, seme 1611, porte 10010)
[19:55:50]      utente 11 nato in 9.5 s
[19:55:50]    + utente 12 (pid 691027, wayland-12, seme 1612, porte 10020)
[19:56:03]      utente 12 nato in 13.0 s
[19:56:03]    + utente 13 (pid 693376, wayland-13, seme 1613, porte 10030)
[19:56:14]      utente 13 nato in 11.0 s
[19:56:14]    + utente 14 (pid 696414, wayland-14, seme 1614, porte 10040)
[19:56:25]      utente 14 nato in 11.5 s
[19:56:25]    + utente 15 (pid 699117, wayland-15, seme 1615, porte 10050)
[19:56:35]      utente 15 nato in 9.5 s
[19:56:35]    tutti dentro (160 s dopo l'inizio del livello): lavoro fino alle 20:06:35
[20:04:05]    SIGUSR1 a 15 attori (foto piena), 30 s prima della finestra
[20:04:07]    foto scritte: 15/15 in 2 s
[20:04:35]    controllo corto: chrome su wayland-0
[20:05:47]    controllo corto: PASS (codice 0)
[20:06:44]    ▶ livello-15: DEGRADED — 14 GREEN · 2 DEGRADED · 0 FAIL · DEGRADED non significativo
[20:06:44] ⏹ FINE: ultimo livello buono 15 · rottura 16
[20:06:44]    fermo 15 attori (SIGTERM: sgomberano da se')
[20:06:50]    compositori spenti (17)
[20:06:55]    server rimesso col tetto predefinito (codice 0, tetto 10)
[20:06:55] fine · [{"livello": 1, "nome": "livello-01", "tipo": "gradino", "classe": "GREEN", "significativo": false, "dir": "/media/REMOTIX/misure/fase16/amd-b-2k-lxqt/livello-01"}, {"livello": 4, "nome": "livello-04", "tipo": "gradino", "classe": "GREEN", "significativo": false, "dir": "/media/REMOTIX/misure/fase16/amd-b-2k-lxqt/livello-04"}, {"livello": 8, "nome": "livello-08", "tipo": "gradino", "classe": "DEGRADED", "significativo": false, "dir": "/media/REMOTIX/misure/fase16/amd-b-2k-lxqt/livello-08"}, {"livello": 12, "nome": "livello-12", "tipo": "gradino", "classe": "GREEN", "significativo": false, "dir": "/media/REMOTIX/misure/fase16/amd-b-2k-lxqt/livello-12"}, {"livello": 16, "nome": "livello-16", "tipo": "gradino", "classe": "FAIL", "significativo": true, "dir": "/media/REMOTIX/misure/fase16/amd-b-2k-lxqt/livello-16"}, {"livello": 16, "nome": "livello-16-ripetizione", "tipo": "ripetizione", "classe": "FAIL", "significativo": true, "dir": "/media/REMOTIX/misure/fase16/amd-b-2k-lxqt/livello-16-ripetizione"}, {"livello": 14, "nome": "livello-14", "tipo": "ricerca", "classe": "DEGRADED", "significativo": false, "dir": "/media/REMOTIX/misure/fase16/amd-b-2k-lxqt/livello-14"}, {"livello": 15, "nome": "livello-15", "tipo": "ricerca", "classe": "DEGRADED", "significativo": false, "dir": "/media/REMOTIX/misure/fase16/amd-b-2k-lxqt/livello-15"}]
[20:07:07] ⭐ SALITA amd-b-fhd-lxqt · lxqt · fhd (1920x1080) · gradini 1,4,8,12,16 · 10 min (ultimo 30) · tetto 17
[20:07:07]    scheda della scatola: amd · browser-cliente sulla Intel
[20:07:07]    commit del prodotto: 678a2da
[20:07:07]    kernel 7.0 · Intel UHD 770 (i5-13500T) [i915] + AMD Radeon RX 6800 [amdgpu] · binario 28a947f5 · pagina fb9a18f3 · banchi 678a2da+modifiche
[20:07:10]    scatola accendi: codice 0 in 3 s ·   OK  dentro ci sono solo i nodi della Radeon: card0 card1 renderD128 renderD129
[20:07:11]    scatola prodotto: codice 0 in 1 s ·   OK  la catena PAM del prodotto e installata
[20:07:11]    scatola server: codice 0 in 1 s ·       righe rosse nel registro di avvio: 7
[20:07:12]    ⭐ scheda della scatola: AMD Radeon RX 6800 [amdgpu] 0000:03:00.0 = renderD128 dentro
[20:07:12]    ⭐ tetto delle sessioni in vigore: 17
[20:07:12]    scatola: binario 28a947f5 · pagina fb9a18f3 · --tetto-sessioni 17 -- --journal ; · dri card0,card1,renderD128,renderD129 · VA Driver version: Mesa Gallium driver 25.0.7-2+deb13u1 for AMD Radeon RX 6800 (radeonsi, navi21, LLVM 19.1.7, DRM 3.64, 7.0)
[20:07:12] ══ livello-01: 1 utenti, 10 min (gradino) ══
[20:07:13]    + utente 01 (pid 785501, wayland-1, seme 1601, porte 9910)
[20:07:23]      utente 01 nato in 10.0 s
[20:07:23]    tutti dentro (11 s dopo l'inizio del livello): lavoro fino alle 20:17:23
[20:14:53]    SIGUSR1 a 1 attori (foto piena), 30 s prima della finestra
[20:14:54]    foto scritte: 1/1 in 1 s
[20:15:23]    controllo corto: firefox su wayland-0
[20:16:30]    controllo corto: PASS (codice 0)
[20:17:25]    ▶ livello-01: GREEN — 2 GREEN · 0 DEGRADED · 0 FAIL
[20:17:25] ══ livello-04: 4 utenti, 10 min (gradino) ══
[20:17:26]    + utente 02 (pid 796263, wayland-2, seme 1602, porte 9920)
[20:17:37]      utente 02 nato in 11.0 s
[20:17:37]    + utente 03 (pid 797108, wayland-3, seme 1603, porte 9930)
[20:17:46]      utente 03 nato in 8.5 s
[20:17:46]    + utente 04 (pid 798206, wayland-4, seme 1604, porte 9940)
[20:17:59]      utente 04 nato in 13.0 s
[20:17:59]    tutti dentro (34 s dopo l'inizio del livello): lavoro fino alle 20:27:59
[20:25:29]    SIGUSR1 a 4 attori (foto piena), 30 s prima della finestra
[20:25:31]    foto scritte: 4/4 in 2 s
[20:25:59]    controllo corto: chrome su wayland-0
[20:27:09]    controllo corto: PASS (codice 0)
[20:28:02]    ▶ livello-04: GREEN — 5 GREEN · 0 DEGRADED · 0 FAIL
[20:28:02] ══ livello-08: 8 utenti, 10 min (gradino) ══
[20:28:04]    + utente 05 (pid 826848, wayland-5, seme 1605, porte 9950)
[20:28:13]      utente 05 nato in 9.5 s
[20:28:13]    + utente 06 (pid 828203, wayland-6, seme 1606, porte 9960)
[20:28:24]      utente 06 nato in 11.0 s
[20:28:24]    + utente 07 (pid 830084, wayland-7, seme 1607, porte 9970)
[20:28:33]      utente 07 nato in 9.0 s
[20:28:33]    + utente 08 (pid 831420, wayland-8, seme 1608, porte 9980)
[20:28:46]      utente 08 nato in 13.0 s
[20:28:46]    tutti dentro (44 s dopo l'inizio del livello): lavoro fino alle 20:38:46
[20:36:16]    SIGUSR1 a 8 attori (foto piena), 30 s prima della finestra
[20:36:18]    foto scritte: 8/8 in 2 s
[20:36:46]    controllo corto: firefox su wayland-0
[20:37:53]    controllo corto: PASS (codice 0)
[20:38:52]    ▶ livello-08: DEGRADED — 8 GREEN · 1 DEGRADED · 0 FAIL · DEGRADED non significativo
[20:38:52] ══ livello-12: 12 utenti, 10 min (gradino) ══
[20:38:53]    + utente 09 (pid 880790, wayland-9, seme 1609, porte 9990)
[20:39:04]      utente 09 nato in 10.5 s
[20:39:04]    + utente 10 (pid 882356, wayland-10, seme 1610, porte 10000)
[20:39:15]      utente 10 nato in 11.0 s
[20:39:15]    + utente 11 (pid 884511, wayland-11, seme 1611, porte 10010)
[20:39:23]      utente 11 nato in 8.5 s
[20:39:23]    + utente 12 (pid 886175, wayland-12, seme 1612, porte 10020)
[20:39:35]      utente 12 nato in 12.0 s
[20:39:35]    tutti dentro (44 s dopo l'inizio del livello): lavoro fino alle 20:49:35
[20:47:05]    SIGUSR1 a 12 attori (foto piena), 30 s prima della finestra
[20:47:07]    foto scritte: 12/12 in 2 s
[20:47:35]    controllo corto: chrome su wayland-0
[20:48:45]    controllo corto: PASS (codice 0)
[20:49:43]    ▶ livello-12: GREEN — 13 GREEN · 0 DEGRADED · 0 FAIL
[20:49:43] ══ livello-16: 16 utenti, 30 min (gradino) ══
[20:49:45]    + utente 13 (pid 954276, wayland-13, seme 1613, porte 10030)
[20:49:55]      utente 13 nato in 10.0 s
[20:49:55]    + utente 14 (pid 955970, wayland-14, seme 1614, porte 10040)
[20:50:06]      utente 14 nato in 11.5 s
[20:50:06]    + utente 15 (pid 958804, wayland-15, seme 1615, porte 10050)
[20:50:15]      utente 15 nato in 9.0 s
[20:50:15]    + utente 16 (pid 960440, wayland-16, seme 1616, porte 10060)
[20:50:29]      utente 16 nato in 13.5 s
[20:50:29]    tutti dentro (46 s dopo l'inizio del livello): lavoro fino alle 21:20:29
[21:17:59]    SIGUSR1 a 16 attori (foto piena), 30 s prima della finestra
[21:18:01]    foto scritte: 16/16 in 2 s
[21:18:29]    controllo corto: firefox su wayland-0
[21:20:07]    controllo corto: BLOCKED (codice 3)
[21:20:56]    ▶ livello-16: FAIL (significativo) — 13 GREEN · 2 DEGRADED · 2 FAIL
[21:20:56] ⚠ 16 utenti: FAIL — si RIPETE nelle stesse condizioni (§14), da scatola pulita
[21:20:56]    fermo 16 attori (SIGTERM: sgomberano da se')
[21:21:04]    scatola accendi: codice 0 in 3 s ·   OK  dentro ci sono solo i nodi della Radeon: card0 card1 renderD128 renderD129
[21:21:05]    scatola prodotto: codice 0 in 1 s ·   OK  la catena PAM del prodotto e installata
[21:21:06]    scatola server: codice 0 in 1 s ·       righe rosse nel registro di avvio: 7
[21:21:06]    ⭐ scheda della scatola: AMD Radeon RX 6800 [amdgpu] 0000:03:00.0 = renderD128 dentro
[21:21:07]    ⭐ tetto delle sessioni in vigore: 17
[21:21:07]    scatola: binario 28a947f5 · pagina fb9a18f3 · --tetto-sessioni 17 -- --journal ; · dri card0,card1,renderD128,renderD129 · VA Driver version: Mesa Gallium driver 25.0.7-2+deb13u1 for AMD Radeon RX 6800 (radeonsi, navi21, LLVM 19.1.7, DRM 3.64, 7.0)
[21:21:07] ══ livello-16-ripetizione: 16 utenti, 30 min (ripetizione) ══
[21:21:07]    + utente 01 (pid 1201657, wayland-1, seme 1601, porte 9910)
[21:21:17]      utente 01 nato in 10.0 s
[21:21:17]    + utente 02 (pid 1202717, wayland-2, seme 1602, porte 9920)
[21:21:28]      utente 02 nato in 10.5 s
[21:21:28]    + utente 03 (pid 1204175, wayland-3, seme 1603, porte 9930)
[21:21:36]      utente 03 nato in 8.0 s
[21:21:36]    + utente 04 (pid 1205266, wayland-4, seme 1604, porte 9940)
[21:21:49]      utente 04 nato in 13.0 s
[21:21:49]    + utente 05 (pid 1206802, wayland-5, seme 1605, porte 9950)
[21:21:59]      utente 05 nato in 10.5 s
[21:21:59]    + utente 06 (pid 1209034, wayland-6, seme 1606, porte 9960)
[21:22:10]      utente 06 nato in 11.0 s
[21:22:10]    + utente 07 (pid 1210849, wayland-7, seme 1607, porte 9970)
[21:22:19]      utente 07 nato in 8.5 s
[21:22:19]    + utente 08 (pid 1212418, wayland-8, seme 1608, porte 9980)
[21:22:31]      utente 08 nato in 12.5 s
[21:22:31]    + utente 09 (pid 1214188, wayland-9, seme 1609, porte 9990)
[21:22:42]      utente 09 nato in 10.5 s
[21:22:42]    + utente 10 (pid 1216799, wayland-10, seme 1610, porte 10000)
[21:22:52]      utente 10 nato in 10.0 s
[21:22:52]    + utente 11 (pid 1219336, wayland-11, seme 1611, porte 10010)
[21:23:01]      utente 11 nato in 9.0 s
[21:23:01]    + utente 12 (pid 1221304, wayland-12, seme 1612, porte 10020)
[21:23:16]      utente 12 nato in 15.5 s
[21:23:16]    + utente 13 (pid 1223883, wayland-13, seme 1613, porte 10030)
[21:23:28]      utente 13 nato in 11.5 s
[21:23:28]    + utente 14 (pid 1227048, wayland-14, seme 1614, porte 10040)
[21:23:39]      utente 14 nato in 11.0 s
[21:23:39]    + utente 15 (pid 1229545, wayland-15, seme 1615, porte 10050)
[21:23:48]      utente 15 nato in 9.5 s
[21:23:48]    + utente 16 (pid 1231888, wayland-16, seme 1616, porte 10060)
[21:24:04]      utente 16 nato in 15.5 s
[21:24:04]    tutti dentro (177 s dopo l'inizio del livello): lavoro fino alle 21:54:04
[21:51:34]    SIGUSR1 a 16 attori (foto piena), 30 s prima della finestra
[21:51:36]    foto scritte: 16/16 in 2 s
[21:52:04]    controllo corto: chrome su wayland-0
[21:53:44]    controllo corto: BLOCKED (codice 3)
[21:54:31]    ▶ livello-16-ripetizione: FAIL (significativo) — 15 GREEN · 0 DEGRADED · 2 FAIL
[21:54:31] ⛔ confermato: 16 utenti FAIL due volte
[21:54:31] 🔎 ricerca a meta' fra 12 (buono) e 16 (rotto): 14 utenti
[21:54:31]    fermo 16 attori (SIGTERM: sgomberano da se')
[21:54:39]    scatola accendi: codice 0 in 2 s ·   OK  dentro ci sono solo i nodi della Radeon: card0 card1 renderD128 renderD129
[21:54:40]    scatola prodotto: codice 0 in 1 s ·   OK  la catena PAM del prodotto e installata
[21:54:41]    scatola server: codice 0 in 1 s ·       righe rosse nel registro di avvio: 7
[21:54:41]    ⭐ scheda della scatola: AMD Radeon RX 6800 [amdgpu] 0000:03:00.0 = renderD128 dentro
[21:54:41]    ⭐ tetto delle sessioni in vigore: 17
[21:54:42]    scatola: binario 28a947f5 · pagina fb9a18f3 · --tetto-sessioni 17 -- --journal ; · dri card0,card1,renderD128,renderD129 · VA Driver version: Mesa Gallium driver 25.0.7-2+deb13u1 for AMD Radeon RX 6800 (radeonsi, navi21, LLVM 19.1.7, DRM 3.64, 7.0)
[21:54:42] ══ livello-14: 14 utenti, 10 min (ricerca) ══
[21:54:42]    + utente 01 (pid 1476978, wayland-1, seme 1601, porte 9910)
[21:54:51]      utente 01 nato in 9.5 s
[21:54:51]    + utente 02 (pid 1478062, wayland-2, seme 1602, porte 9920)
[21:55:02]      utente 02 nato in 11.0 s
[21:55:02]    + utente 03 (pid 1479525, wayland-3, seme 1603, porte 9930)
[21:55:11]      utente 03 nato in 8.5 s
[21:55:11]    + utente 04 (pid 1480696, wayland-4, seme 1604, porte 9940)
[21:55:23]      utente 04 nato in 12.5 s
[21:55:23]    + utente 05 (pid 1482119, wayland-5, seme 1605, porte 9950)
[21:55:33]      utente 05 nato in 9.5 s
[21:55:33]    + utente 06 (pid 1484275, wayland-6, seme 1606, porte 9960)
[21:55:44]      utente 06 nato in 11.0 s
[21:55:44]    + utente 07 (pid 1486137, wayland-7, seme 1607, porte 9970)
[21:55:52]      utente 07 nato in 8.5 s
[21:55:52]    + utente 08 (pid 1487595, wayland-8, seme 1608, porte 9980)
[21:56:05]      utente 08 nato in 13.0 s
[21:56:05]    + utente 09 (pid 1489414, wayland-9, seme 1609, porte 9990)
[21:56:16]      utente 09 nato in 10.5 s
[21:56:16]    + utente 10 (pid 1492052, wayland-10, seme 1610, porte 10000)
[21:56:27]      utente 10 nato in 11.0 s
[21:56:27]    + utente 11 (pid 1494592, wayland-11, seme 1611, porte 10010)
[21:56:36]      utente 11 nato in 9.5 s
[21:56:36]    + utente 12 (pid 1496627, wayland-12, seme 1612, porte 10020)
[21:56:51]      utente 12 nato in 15.0 s
[21:56:51]    + utente 13 (pid 1499152, wayland-13, seme 1613, porte 10030)
[21:57:01]      utente 13 nato in 10.0 s
[21:57:01]    + utente 14 (pid 1502009, wayland-14, seme 1614, porte 10040)
[21:57:12]      utente 14 nato in 11.0 s
[21:57:12]    tutti dentro (151 s dopo l'inizio del livello): lavoro fino alle 22:07:12
[22:04:42]    SIGUSR1 a 14 attori (foto piena), 30 s prima della finestra
[22:04:44]    foto scritte: 14/14 in 2 s
[22:05:12]    controllo corto: firefox su wayland-0
[22:06:21]    controllo corto: PASS (codice 0)
[22:07:21]    ▶ livello-14: DEGRADED — 13 GREEN · 2 DEGRADED · 0 FAIL · DEGRADED non significativo
[22:07:21] 🔎 ricerca a meta' fra 14 (buono) e 16 (rotto): 15 utenti
[22:07:21]    fermo 14 attori (SIGTERM: sgomberano da se')
[22:07:30]    scatola accendi: codice 0 in 3 s ·   OK  dentro ci sono solo i nodi della Radeon: card0 card1 renderD128 renderD129
[22:07:31]    scatola prodotto: codice 0 in 1 s ·   OK  la catena PAM del prodotto e installata
[22:07:31]    scatola server: codice 0 in 1 s ·       righe rosse nel registro di avvio: 7
[22:07:32]    ⭐ scheda della scatola: AMD Radeon RX 6800 [amdgpu] 0000:03:00.0 = renderD128 dentro
[22:07:32]    ⭐ tetto delle sessioni in vigore: 17
[22:07:32]    scatola: binario 28a947f5 · pagina fb9a18f3 · --tetto-sessioni 17 -- --journal ; · dri card0,card1,renderD128,renderD129 · VA Driver version: Mesa Gallium driver 25.0.7-2+deb13u1 for AMD Radeon RX 6800 (radeonsi, navi21, LLVM 19.1.7, DRM 3.64, 7.0)
[22:07:32] ══ livello-15: 15 utenti, 10 min (ricerca) ══
[22:07:32]    + utente 01 (pid 1583666, wayland-1, seme 1601, porte 9910)
[22:07:42]      utente 01 nato in 9.5 s
[22:07:42]    + utente 02 (pid 1584738, wayland-2, seme 1602, porte 9920)
[22:07:53]      utente 02 nato in 11.0 s
[22:07:53]    + utente 03 (pid 1586223, wayland-3, seme 1603, porte 9930)
[22:08:01]      utente 03 nato in 8.0 s
[22:08:01]    + utente 04 (pid 1587320, wayland-4, seme 1604, porte 9940)
[22:08:13]      utente 04 nato in 12.0 s
[22:08:13]    + utente 05 (pid 1588797, wayland-5, seme 1605, porte 9950)
[22:08:23]      utente 05 nato in 10.0 s
[22:08:23]    + utente 06 (pid 1590968, wayland-6, seme 1606, porte 9960)
[22:08:33]      utente 06 nato in 10.5 s
[22:08:33]    + utente 07 (pid 1592910, wayland-7, seme 1607, porte 9970)
[22:08:42]      utente 07 nato in 8.5 s
[22:08:42]    + utente 08 (pid 1594316, wayland-8, seme 1608, porte 9980)
[22:08:54]      utente 08 nato in 12.5 s
[22:08:54]    + utente 09 (pid 1596188, wayland-9, seme 1609, porte 9990)
[22:09:05]      utente 09 nato in 11.0 s
[22:09:05]    + utente 10 (pid 1598790, wayland-10, seme 1610, porte 10000)
[22:09:16]      utente 10 nato in 11.0 s
[22:09:16]    + utente 11 (pid 1601293, wayland-11, seme 1611, porte 10010)
[22:09:25]      utente 11 nato in 9.0 s
[22:09:25]    + utente 12 (pid 1603288, wayland-12, seme 1612, porte 10020)
[22:09:38]      utente 12 nato in 13.0 s
[22:09:38]    + utente 13 (pid 1605672, wayland-13, seme 1613, porte 10030)
[22:09:48]      utente 13 nato in 10.0 s
[22:09:48]    + utente 14 (pid 1608592, wayland-14, seme 1614, porte 10040)
[22:10:00]      utente 14 nato in 11.5 s
[22:10:00]    + utente 15 (pid 1611307, wayland-15, seme 1615, porte 10050)
[22:10:09]      utente 15 nato in 9.0 s
[22:10:09]    tutti dentro (157 s dopo l'inizio del livello): lavoro fino alle 22:20:09
[22:17:39]    SIGUSR1 a 15 attori (foto piena), 30 s prima della finestra
[22:17:40]    foto scritte: 15/15 in 1 s
[22:18:09]    controllo corto: chrome su wayland-0
[22:19:20]    controllo corto: PASS (codice 0)
[22:20:18]    ▶ livello-15: FAIL (significativo) — 14 GREEN · 1 DEGRADED · 1 FAIL
[22:20:18] ⏹ FINE: ultimo livello buono 14 · rottura 15
[22:20:18]    fermo 15 attori (SIGTERM: sgomberano da se')
[22:20:24]    compositori spenti (17)
[22:20:29]    server rimesso col tetto predefinito (codice 0, tetto 10)
[22:20:29] fine · [{"livello": 1, "nome": "livello-01", "tipo": "gradino", "classe": "GREEN", "significativo": false, "dir": "/media/REMOTIX/misure/fase16/amd-b-fhd-lxqt/livello-01"}, {"livello": 4, "nome": "livello-04", "tipo": "gradino", "classe": "GREEN", "significativo": false, "dir": "/media/REMOTIX/misure/fase16/amd-b-fhd-lxqt/livello-04"}, {"livello": 8, "nome": "livello-08", "tipo": "gradino", "classe": "DEGRADED", "significativo": false, "dir": "/media/REMOTIX/misure/fase16/amd-b-fhd-lxqt/livello-08"}, {"livello": 12, "nome": "livello-12", "tipo": "gradino", "classe": "GREEN", "significativo": false, "dir": "/media/REMOTIX/misure/fase16/amd-b-fhd-lxqt/livello-12"}, {"livello": 16, "nome": "livello-16", "tipo": "gradino", "classe": "FAIL", "significativo": true, "dir": "/media/REMOTIX/misure/fase16/amd-b-fhd-lxqt/livello-16"}, {"livello": 16, "nome": "livello-16-ripetizione", "tipo": "ripetizione", "classe": "FAIL", "significativo": true, "dir": "/media/REMOTIX/misure/fase16/amd-b-fhd-lxqt/livello-16-ripetizione"}, {"livello": 14, "nome": "livello-14", "tipo": "ricerca", "classe": "DEGRADED", "significativo": false, "dir": "/media/REMOTIX/misure/fase16/amd-b-fhd-lxqt/livello-14"}, {"livello": 15, "nome": "livello-15", "tipo": "ricerca", "classe": "FAIL", "significativo": true, "dir": "/media/REMOTIX/misure/fase16/amd-b-fhd-lxqt/livello-15"}]
