[17:59:37:247] [95171:000173c3] [DEBUG][com.freerdp.client.common] - [freerdp_client_settings_parse_command_line_ex]: This is [xfreerdp3] 3.15.0 Build configuration: BUILD_TESTING=ON BUILD_TESTING_INTERNAL=OFF BUILD_TESTING_INTERNAL_AVAILABLE=0 BUILD_TESTING_NO_H264=OFF BUILD_TESTING_NO_H264_AVAILABLE=1 WINPR_HAVE_AIO_H=1 WINPR_HAVE_EXECINFO_BACKTRACE=1 WINPR_HAVE_EXECINFO_BACKTRACE_SYMBOLS=1 WINPR_HAVE_EXECINFO_BACKTRACE_SYMBOLS_FD=1 WINPR_HAVE_EXECINFO_HEADER=1 WINPR_HAVE_FCNTL_H=1 WINPR_HAVE_GETLOGIN_R=1 WINPR_HAVE_GETPWUID_R=1 WINPR_HAVE_INTTYPES_H=1 WINPR_HAVE_POLL_H=1 WINPR_HAVE_PTHREAD_MUTEX_TIMEDLOCK_LIB=1 WINPR_HAVE_PTHREAD_MUTEX_TIMEDLOCK_LIBS= WINPR_HAVE_PTHREAD_MUTEX_TIMEDLOCK_SYMBOL=1 WINPR_HAVE_STDBOOL_H=1 WINPR_HAVE_STDINT_H=1 WINPR_HAVE_STRERROR_R=1 WINPR_HAVE_STRNDUP=1 WINPR_HAVE_SYSLOG_H=1 WINPR_HAVE_SYS_EVENTFD_H=1 WINPR_HAVE_SYS_FILIO_H= WINPR_HAVE_SYS_SELECT_H=1 WINPR_HAVE_SYS_SOCKIO_H= WINPR_HAVE_SYS_TIMERFD_H=1 WINPR_HAVE_TM_GMTOFF=1 WINPR_HAVE_UNISTD_H=1 WINPR_HAVE_UNWIND_H=1 WITHOUT_FREERDP_3x_DEPRECATED=OFF WITH_AAD=ON WITH_ABSOLUTE_PLUGIN_LOAD_PATHS=ON WITH_ADD_PLUGIN_TO_RPATH=OFF WITH_ALSA=ON WITH_AVX2=ON WITH_BINARY_VERSIONING=ON WITH_CAIRO=OFF WITH_CCACHE=ON WITH_CHANNELS=ON WITH_CJSON_REQUIRED=OFF WITH_CLANG_FORMAT=OFF WITH_CLIENT=ON WITH_CLIENT_AVAILABLE=1 WITH_CLIENT_CHANNELS=ON WITH_CLIENT_CHANNELS_AVAILABLE=1 WITH_CLIENT_COMMON=ON WITH_CLIENT_INTERFACE=OFF WITH_CLIENT_SDL=ON WITH_CLIENT_SDL2=OFF WITH_CLIENT_SDL3=ON WITH_CLIENT_SDL_AVAILABLE=1 WITH_CLIENT_SDL_VERSIONED=OFF WITH_CUPS=ON WITH_CURSOR_DUMP=OFF WITH_DEBUG_ALL=OFF WITH_DEBUG_CAPABILITIES=OFF WITH_DEBUG_CERTIFICATE=OFF WITH_DEBUG_CHANNELS=OFF WITH_DEBUG_CLIPRDR=OFF WITH_DEBUG_CODECS=OFF WITH_DEBUG_DVC=OFF WITH_DEBUG_EVENTS=OFF WITH_DEBUG_KBD=OFF WITH_DEBUG_LICENSE=OFF WITH_DEBUG_MUTEX=OFF WITH_DEBUG_NEGO=OFF WITH_DEBUG_NLA=OFF WITH_DEBUG_NTLM=OFF WITH_DEBUG_RAIL=OFF WITH_DEBUG_RDP=OFF WITH_DEBUG_RDPDR=OFF WITH_DEBUG_RDPEI=OFF WITH_DEBUG_RDPGFX=OFF WITH_DEBUG_REDIR=OFF WITH_DEBUG_RFX=OFF WITH_DEBUG_RINGBUFFER=OFF WITH_DEBUG_SCARD=OFF WITH_DEBUG_SCHANNEL=OFF WITH_DEBUG_SDL_EVENTS=OFF WITH_DEBUG_SDL_KBD_EVENTS=OFF WITH_DEBUG_SND=OFF WITH_DEBUG_SVC=OFF WITH_DEBUG_SYMBOLS=OFF WITH_DEBUG_THREADS=OFF WITH_DEBUG_TIMEZONE=OFF WITH_DEBUG_TRANSPORT=OFF WITH_DEBUG_TSG=OFF WITH_DEBUG_TSMF=OFF WITH_DEBUG_TSMF_AVAILABLE=0 WITH_DEBUG_URBDRC=OFF WITH_DEBUG_WND=OFF WITH_DEBUG_X11=OFF WITH_DEBUG_X11_LOCAL_MOVESIZE=OFF WITH_DEBUG_XV=OFF WITH_DOCUMENTATION=OFF WITH_DSP_EXPERIMENTAL=OFF WITH_DSP_FFMPEG=ON WITH_DSP_FFMPEG_AVAILABLE=1 WITH_EVENTFD_READ_WRITE=1 WITH_FAAC=OFF WITH_FAAD2=OFF WITH_FDK_AAC=OFF WITH_FFMPEG=ON WITH_FREERDP_DEPRECATED=OFF WITH_FREERDP_DEPRECATED_COMMANDLINE=OFF WITH_FULL_CONFIG_PATH=OFF WITH_FUSE=ON WITH_GFX_FRAME_DUMP=OFF WITH_GFX_H264=ON WITH_GPROF=OFF WITH_GSM=ON WITH_ICU=ON WITH_INSTALL_CLIENT_DESKTOP_FILES=ON WITH_INTERNAL_MD4=OFF WITH_INTERNAL_MD5=OFF WITH_INTERNAL_RC4=OFF WITH_JPEG=ON WITH_JSONC_REQUIRED=ON WITH_JSON_DISABLED=OFF WITH_KERBEROS=ON WITH_KEYBOARD_LAYOUT_FROM_FILE=OFF WITH_KRB5=ON WITH_KRB5_NO_NTLM_FALLBACK=OFF WITH_LAME=OFF WITH_LIBRARY_VERSIONING=ON WITH_LIBRESSL=OFF WITH_LODEPNG=OFF WITH_MACAUDIO=OFF WITH_MACAUDIO_AVAILABLE=0 WITH_MANPAGES=ON WITH_MBEDTLS=OFF WITH_NATIVE_SSPI=OFF WITH_NO_UNDEFINED=OFF WITH_OPENCL=OFF WITH_OPENH264=OFF WITH_OPENSC_PKCS11_LINKED=OFF WITH_OPENSSL=ON WITH_OPUS=ON WITH_OSS=ON WITH_PCSC=ON WITH_PKCS11=ON WITH_PLATFORM_SERVER=ON WITH_POLL=ON WITH_PROFILER=OFF WITH_PROXY=ON WITH_PROXY_APP=ON WITH_PROXY_EMULATE_SMARTCARD=OFF WITH_PROXY_MODULES=ON WITH_PULSE=ON WITH_RDTK=ON WITH_RESOURCE_VERSIONING=OFF WITH_SAMPLE=OFF WITH_SANITIZE_ADDRESS=OFF WITH_SANITIZE_ADDRESS_AVAILABLE=1 WITH_SANITIZE_MEMORY=OFF WITH_SANITIZE_MEMORY_AVAILABLE=1 WITH_SANITIZE_THREAD=OFF WITH_SANITIZE_THREAD_AVAILABLE=1 WITH_SDL_IMAGE_DIALOGS=ON WITH_SDL_LINK_SHARED=ON WITH_SERVER=ON WITH_SERVER_CHANNELS=ON WITH_SERVER_INTERFACE=ON WITH_SERVER_SHADOW_CLI=ON WITH_SHADOW=ON WITH_SHADOW_SUBSYSTEM=ON WITH_SIMD=ON WITH_SMARTCARD_EMULATE=ON WITH_SMARTCARD_INSPECT=OFF WITH_SMARTCARD_PCSC=ON WITH_SOXR=OFF WITH_STREAM[17:59:37:248] [95171:000173c5] [WARN][com.freerdp.client.x11] - [load_map_from_xkbfile]:     : keycode: 0x08 -> no RDP scancode found
POOL_DEBUG=OFF WITH_SWSCALE=ON WITH_SYSTEMD=ON WITH_THIRD_PARTY=OFF WITH_TIMEZONE_COMPILED=ON WITH_TIMEZONE_FROM_FILE=OFF WITH_TIMEZONE_ICU=OFF WITH_UNICODE_BUILTIN=OFF WITH_URIPARSER=ON WITH_VAAPI=OFF WITH_VAAPI_AVAILABLE=1 WITH_VAAPI_H264_ENCODING=ON WITH_VAAPI_H264_ENCODING_AVAILABLE=1 WITH_VALGRIND_MEMCHECK=OFF WITH_VALGRIND_MEMCHECK_AVAILABLE=1 WITH_VERBOSE_WINPR_ASSERT=OFF WITH_VIDEO_FFMPEG=ON WITH_VIDEO_FFMPEG_AVAILABLE=1 WITH_WAYLAND=ON WITH_WEBVIEW=OFF WITH_WINPR_DEPRECATED=OFF WITH_WINPR_JSON=ON WITH_WINPR_TOOLS=ON WITH_WINPR_TOOLS_CLI=ON WITH_WINPR_UTILS_IMAGE_JPEG=ON WITH_WINPR_UTILS_IMAGE_PNG=ON WITH_WINPR_UTILS_IMAGE_WEBP=ON WITH_WIN_CONSOLE=ON WITH_X11=ON WITH_XCURSOR=ON WITH_XEXT=ON WITH_XFIXES=ON WITH_XI=ON WITH_XINERAMA=ON WITH_XRANDR=ON WITH_XRENDER=ON WITH_XV=ON
Build type:          RelWithDebInfo
CFLAGS:              -g -O2 -Werror=implicit-function-declaration -ffile-prefix-map=<src dir>=. -fstack-protector-strong -fstack-clash-protection -Wformat -Werror=format-security -fcf-protection -Wdate-time -D_FORTIFY_SOURCE=2 -DNDEBUG -Wdate-time -D_FORTIFY_SOURCE=2 -fvisibility=hidden -fno-omit-frame-pointer -Wredundant-decls -Wimplicit-function-declaration -fvisibility=hidden -O2 -g -DNDEBUG
Compiler:            GNU, 14.2.0
Target architecture: x64

[17:59:37:247] [95171:000173c5] [DEBUG][com.freerdp.core] - [freerdp_connect_begin]: resetting error state
[17:59:37:248] [95171:000173c5] [DEBUG][com.freerdp.client.x11] - [try_add]:  ESC: keycode: 0x09 -> rdp scancode: 0x00000001
[17:59:37:248] [95171:000173c5] [DEBUG][com.freerdp.client.x11] - [try_add]: AE01: keycode: 0x10 -> rdp scancode: 0x00000002
[17:59:37:248] [95171:000173c5] [DEBUG][com.freerdp.client.x11] - [try_add]: AE02: keycode: 0x11 -> rdp scancode: 0x00000003
[17:59:37:248] [95171:000173c5] [DEBUG][com.freerdp.client.x11] - [try_add]: AE03: keycode: 0x12 -> rdp scancode: 0x00000004
[17:59:37:248] [95171:000173c5] [DEBUG][com.freerdp.client.x11] - [try_add]: AE04: keycode: 0x13 -> rdp scancode: 0x00000005
[17:59:37:248] [95171:000173c5] [DEBUG][com.freerdp.client.x11] - [try_add]: AE05: keycode: 0x14 -> rdp scancode: 0x00000006
[17:59:37:249] [95171:000173c5] [DEBUG][com.freerdp.client.x11] - [try_add]: AE06: keycode: 0x15 -> rdp scancode: 0x00000007
[17:59:37:249] [95171:000173c5] [DEBUG][com.freerdp.client.x11] - [try_add]: AE07: keycode: 0x16 -> rdp scancode: 0x00000008
[17:59:37:249] [95171:000173c5] [DEBUG][com.freerdp.client.x11] - [try_add]: AE08: keycode: 0x17 -> rdp scancode: 0x00000009
[17:59:37:249] [95171:000173c5] [DEBUG][com.freerdp.client.x11] - [try_add]: AE09: keycode: 0x18 -> rdp scancode: 0x0000000a
[17:59:37:249] [95171:000173c5] [DEBUG][com.freerdp.client.x11] - [try_add]: AE10: keycode: 0x19 -> rdp scancode: 0x0000000b
[17:59:37:249] [95171:000173c5] [DEBUG][com.freerdp.client.x11] - [try_add]: AE11: keycode: 0x20 -> rdp scancode: 0x0000000c
[17:59:37:249] [95171:000173c5] [DEBUG][com.freerdp.client.x11] - [try_add]: AE12: keycode: 0x21 -> rdp scancode: 0x0000000d
[17:59:37:249] [95171:000173c5] [DEBUG][com.freerdp.client.x11] - [try_add]: BKSP: keycode: 0x22 -> rdp scancode: 0x0000000e
[17:59:37:249] [95171:000173c5] [DEBUG][com.freerdp.client.x11] - [try_add]:  TAB: keycode: 0x23 -> rdp scancode: 0x0000000f
[17:59:37:249] [95171:000173c5] [DEBUG][com.freerdp.client.x11] - [try_add]: AD01: keycode: 0x24 -> rdp scancode: 0x00000010
[17:59:37:249] [95171:000173c5] [DEBUG][com.freerdp.client.x11] - [try_add]: AD02: keycode: 0x25 -> rdp scancode: 0x00000011
[17:59:37:249] [95171:000173c5] [DEBUG][com.freerdp.client.x11] - [try_add]: AD03: keycode: 0x26 -> rdp scancode: 0x00000012
[17:59:37:249] [95171:000173c5] [DEBUG][com.freerdp.client.x11] - [try_add]: AD04: keycode: 0x27 -> rdp scancode: 0x00000013
[17:59:37:249] [95171:000173c5] [DEBUG][com.freerdp.client.x11] - [try_add]: AD05: keycode: 0x28 -> rdp scancode: 0x00000014
[17:59:37:249] [95171:000173c5] [DEBUG][com.freerdp.client.x11] - [try_add]: AD06: keycode: 0x29 -> rdp scancode: 0x00000015
[17:59:37:249] [95171:000173c5] [DEBUG][com.freerdp.client.x11] - [try_add]: AD07: keycode: 0x30 -> rdp scancode: 0x00000016
[17:59:37:249] [95171:000173c5] [DEBUG][com.freerdp.client.x11] - [try_add]: AD08: keycode: 0x31 -> rdp scancode: 0x00000017
[17:59:37:249] [95171:000173c5] [DEBUG][com.freerdp.client.x11] - [try_add]: AD09: keycode: 0x32 -> rdp scancode: 0x00000018
[17:59:37:249] [95171:000173c5] [DEBUG][com.freerdp.client.x11] - [try_add]: AD10: keycode: 0x33 -> rdp scancode: 0x00000019
[17:59:37:249] [95171:000173c5] [DEBUG][com.freerdp.client.x11] - [try_add]: AD11: keycode: 0x34 -> rdp scancode: 0x0000001a
[17:59:37:249] [95171:000173c5] [DEBUG][com.freerdp.client.x11] - [try_add]: AD12: keycode: 0x35 -> rdp scancode: 0x0000001b
[17:59:37:249] [95171:000173c5] [DEBUG][com.freerdp.client.x11] - [try_add]: RTRN: keycode: 0x36 -> rdp scancode: 0x0000001c
[17:59:37:249] [95171:000173c5] [DEBUG][com.freerdp.client.x11] - [try_add]: LCTL: keycode: 0x37 -> rdp scancode: 0x0000001d
[17:59:37:249] [95171:000173c5] [DEBUG][com.freerdp.client.x11] - [try_add]: AC01: keycode: 0x38 -> rdp scancode: 0x0000001e
[17:59:37:249] [95171:000173c5] [DEBUG][com.freerdp.client.x11] - [try_add]: AC02: keycode: 0x39 -> rdp scancode: 0x0000001f
[17:59:37:249] [95171:000173c5] [DEBUG][com.freerdp.client.x11] - [try_add]: AC03: keycode: 0x40 -> rdp scancode: 0x00000020
[17:59:37:249] [95171:000173c5] [DEBUG][com.freerdp.client.x11] - [try_add]: AC04: keycode: 0x41 -> rdp scancode: 0x00000021
[17:59:37:249] [95171:000173c5] [DEBUG][com.freerdp.client.x11] - [try_add]: AC05: keycode: 0x42 -> rdp scancode: 0x00000022
[17:59:37:249] [95171:000173c5] [DEBUG][com.freerdp.client.x11] - [try_add]: AC06: keycode: 0x43 -> rdp scancode: 0x00000023
[17:59:37:249] [95171:000173c5] [DEBUG][com.freerdp.client.x11] - [try_add]: AC07: keycode: 0x44 -> rdp scancode: 0x00000024
[17:59:37:249] [95171:000173c5] [DEBUG][com.freerdp.client.x11] - [try_add]: AC08: keycode: 0x45 -> rdp scancode: 0x00000025
[17:59:37:249] [95171:000173c5] [DEBUG][com.freerdp.client.x11] - [try_add]: AC09: keycode: 0x46 -> rdp scancode: 0x00000026
[17:59:37:249] [95171:000173c5] [DEBUG][com.freerdp.client.x11] - [try_add]: AC10: keycode: 0x47 -> rdp scancode: 0x00000027
[17:59:37:249] [95171:000173c5] [DEBUG][com.freerdp.client.x11] - [try_add]: AC11: keycode: 0x48 -> rdp scancode: 0x00000028
[17:59:37:249] [95171:000173c5] [DEBUG][com.freerdp.client.x11] - [try_add]: TLDE: keycode: 0x49 -> rdp scancode: 0x00000029
[17:59:37:249] [95171:000173c5] [DEBUG][com.freerdp.client.x11] - [try_add]: LFSH: keycode: 0x50 -> rdp scancode: 0x0000002a
[17:59:37:249] [95171:000173c5] [DEBUG][com.freerdp.client.x11] - [try_add]: BKSL: keycode: 0x51 -> rdp scancode: 0x0000002b
[17:59:37:249] [95171:000173c5] [DEBUG][com.freerdp.client.x11] - [try_add]: AB01: keycode: 0x52 -> rdp scancode: 0x0000002c
[17:59:37:249] [95171:000173c5] [DEBUG][com.freerdp.client.x11] - [try_add]: AB02: keycode: 0x53 -> rdp scancode: 0x0000002d
[17:59:37:249] [95171:000173c5] [DEBUG][com.freerdp.client.x11] - [try_add]: AB03: keycode: 0x54 -> rdp scancode: 0x0000002e
[17:59:37:249] [95171:000173c5] [DEBUG][com.freerdp.client.x11] - [try_add]: AB04: keycode: 0x55 -> rdp scancode: 0x0000002f
[17:59:37:249] [95171:000173c5] [DEBUG][com.freerdp.client.x11] - [try_add]: AB05: keycode: 0x56 -> rdp scancode: 0x00000030
[17:59:37:249] [95171:000173c5] [DEBUG][com.freerdp.client.x11] - [try_add]: AB06: keycode: 0x57 -> rdp scancode: 0x00000031
[17:59:37:249] [95171:000173c5] [DEBUG][com.freerdp.client.x11] - [try_add]: AB07: keycode: 0x58 -> rdp scancode: 0x00000032
[17:59:37:249] [95171:000173c5] [DEBUG][com.freerdp.client.x11] - [try_add]: AB08: keycode: 0x59 -> rdp scancode: 0x00000033
[17:59:37:249] [95171:000173c5] [DEBUG][com.freerdp.client.x11] - [try_add]: AB09: keycode: 0x60 -> rdp scancode: 0x00000034
[17:59:37:249] [95171:000173c5] [DEBUG][com.freerdp.client.x11] - [try_add]: AB10: keycode: 0x61 -> rdp scancode: 0x00000035
[17:59:37:249] [95171:000173c5] [DEBUG][com.freerdp.client.x11] - [try_add]: RTSH: keycode: 0x62 -> rdp scancode: 0x00000036
[17:59:37:249] [95171:000173c5] [DEBUG][com.freer[17:59:37:249] [95171:000173c5] [WARN][com.freerdp.client.x11] - [load_map_from_xkbfile]:     : keycode: 0x5d -> no RDP scancode found
dp.client.x11] - [try_add]: KPMU: keycode: 0x63 -> rdp scancode: 0x00000037
[17:59:37:249] [95171:000173c5] [DEBUG][com.freerdp.client.x11] - [try_add]: LALT: keycode: 0x64 -> rdp scancode: 0x00000038
[17:59:37:249] [95171:000173c5] [DEBUG][com.freerdp.client.x11] - [try_add]: SPCE: keycode: 0x65 -> rdp scancode: 0x00000039
[17:59:37:249] [95171:000173c5] [DEBUG][com.freerdp.client.x11] - [try_add]: CAPS: keycode: 0x66 -> rdp scancode: 0x0000003a
[17:59:37:249] [95171:000173c5] [DEBUG][com.freerdp.client.x11] - [try_add]: FK01: keycode: 0x67 -> rdp scancode: 0x0000003b
[17:59:37:249] [95171:000173c5] [DEBUG][com.freerdp.client.x11] - [try_add]: FK02: keycode: 0x68 -> rdp scancode: 0x0000003c
[17:59:37:249] [95171:000173c5] [DEBUG][com.freerdp.client.x11] - [try_add]: FK03: keycode: 0x69 -> rdp scancode: 0x0000003d
[17:59:37:249] [95171:000173c5] [DEBUG][com.freerdp.client.x11] - [try_add]: FK04: keycode: 0x70 -> rdp scancode: 0x0000003e
[17:59:37:249] [95171:000173c5] [DEBUG][com.freerdp.client.x11] - [try_add]: FK05: keycode: 0x71 -> rdp scancode: 0x0000003f
[17:59:37:249] [95171:000173c5] [DEBUG][com.freerdp.client.x11] - [try_add]: FK06: keycode: 0x72 -> rdp scancode: 0x00000040
[17:59:37:249] [95171:000173c5] [DEBUG][com.freerdp.client.x11] - [try_add]: FK07: keycode: 0x73 -> rdp scancode: 0x00000041
[17:59:37:249] [95171:000173c5] [DEBUG][com.freerdp.client.x11] - [try_add]: FK08: keycode: 0x74 -> rdp scancode: 0x00000042
[17:59:37:249] [95171:000173c5] [DEBUG][com.freerdp.client.x11] - [try_add]: FK09: keycode: 0x75 -> rdp scancode: 0x00000043
[17:59:37:249] [95171:000173c5] [DEBUG][com.freerdp.client.x11] - [try_add]: FK10: keycode: 0x76 -> rdp scancode: 0x00000044
[17:59:37:249] [95171:000173c5] [DEBUG][com.freerdp.client.x11] - [try_add]: NMLK: keycode: 0x77 -> rdp scancode: 0x00000045
[17:59:37:249] [95171:000173c5] [DEBUG][com.freerdp.client.x11] - [try_add]: SCLK: keycode: 0x78 -> rdp scancode: 0x00000046
[17:59:37:249] [95171:000173c5] [DEBUG][com.freerdp.client.x11] - [try_add]:  KP7: keycode: 0x79 -> rdp scancode: 0x00000047
[17:59:37:249] [95171:000173c5] [DEBUG][com.freerdp.client.x11] - [try_add]:  KP8: keycode: 0x80 -> rdp scancode: 0x00000048
[17:59:37:249] [95171:000173c5] [DEBUG][com.freerdp.client.x11] - [try_add]:  KP9: keycode: 0x81 -> rdp scancode: 0x00000049
[17:59:37:249] [95171:000173c5] [DEBUG][com.freerdp.client.x11] - [try_add]: KPSU: keycode: 0x82 -> rdp scancode: 0x0000004a
[17:59:37:249] [95171:000173c5] [DEBUG][com.freerdp.client.x11] - [try_add]:  KP4: keycode: 0x83 -> rdp scancode: 0x0000004b
[17:59:37:249] [95171:000173c5] [DEBUG][com.freerdp.client.x11] - [try_add]:  KP5: keycode: 0x84 -> rdp scancode: 0x0000004c
[17:59:37:249] [95171:000173c5] [DEBUG][com.freerdp.client.x11] - [try_add]:  KP6: keycode: 0x85 -> rdp scancode: 0x0000004d
[17:59:37:249] [95171:000173c5] [DEBUG][com.freerdp.client.x11] - [try_add]: KPAD: keycode: 0x86 -> rdp scancode: 0x0000004e
[17:59:37:249] [95171:000173c5] [DEBUG][com.freerdp.client.x11] - [try_add]:  KP1: keycode: 0x87 -> rdp scancode: 0x0000004f
[17:59:37:249] [95171:000173c5] [DEBUG][com.freerdp.client.x11] - [try_add]:  KP2: keycode: 0x88 -> rdp scancode: 0x00000050
[17:59:37:249] [95171:000173c5] [DEBUG][com.freerdp.client.x11] - [try_add]:  KP3: keycode: 0x89 -> rdp scancode: 0x00000051
[17:59:37:249] [95171:000173c5] [DEBUG][com.freerdp.client.x11] - [try_add]:  KP0: keycode: 0x90 -> rdp scancode: 0x00000052
[17:59:37:249] [95171:000173c5] [DEBUG][com.freerdp.client.x11] - [try_add]: KPDL: keycode: 0x91 -> rdp scancode: 0x00000053
[17:59:37:249] [95171:000173c5] [DEBUG][com.freerdp.client.x11] - [try_add]: LVL3: keycode: 0x92 -> rdp scancode: 0x00000138
[17:59:37:249] [95171:000173c5] [DEBUG][com.freerdp.client.x11] - [try_add]: LSGT: keycode: 0x94 -> rdp scancode: 0x00000056
[17:59:37:249] [95171:000173c5] [DEBUG][com.freerdp.client.x11] - [try_add]: FK11: keycode: 0x95 -> rdp scancode: 0x00000057
[17:59:37:249] [95171:000173c5] [DEBUG][com.freerdp.client.x11] - [try_add]: FK12: keycode: 0x96 -> rdp scancode: 0x00000058
[17:59:37:249] [95171:000173c5] [DEBUG][com.freerdp.client.x11] - [try_add]: AB11: keycode: 0x97 -> rdp scancode: 0x00000073
[17:59:37:249] [95171:000173c5] [DEBUG][com.freerdp.client.x11] - [try_add]: KATA: keycode: 0x98 -> rdp scancode: 0x00000072
[17:59:37:249] [95171:000173c5] [DEBUG][com.freerdp.client.x11] - [try_add]: HIRA: keycode: 0x99 -> rdp scancode: 0x00000070
[17:59:37:249] [95171:000173c5] [DEBUG][com.freerdp.client.x11] - [try_add]: HENK: keycode: 0x100 -> rdp scancode: 0x00000079
[17:59:37:249] [95171:000173c5] [DEBUG][com.freerdp.client.x11] - [try_add]: HKTG: keycode: 0x101 -> rdp scancode: 0x00000070
[17:59:37:249] [95171:000173c5] [DEBUG][com.freerdp.client.x11] - [try_add]: MUHE: keycode: 0x102 -> rdp scancode: 0x0000007b
[17:59:37:249] [95171:000173c5] [DEBUG][com.freerdp.client.x11] - [try_add]: JPCM: keycode: 0x103 -> rdp scancode: 0x00000000
[17:59:37:249] [95171:000173c5] [DEBUG][com.freerdp.client.x11] - [try_add]: KPEN: keycode: 0x104 -> rdp scancode: 0x0000011c
[17:59:37:249] [95171:000173c5] [DEBUG][com.freerdp.client.x11] - [try_add]: RCTL: keycode: 0x105 -> rdp scancode: 0x0000011d
[17:59:37:249] [95171:000173c5] [DEBUG][com.freerdp.client.x11] - [try_add]: KPDV: keycode: 0x106 -> rdp scancode: 0x00000135
[17:59:37:249] [95171:000173c5] [DEBUG][com.freerdp.client.x11] - [try_add]: PRSC: keycode: 0x107 -> rdp scancode: 0x00000137
[17:59:37:249] [95171:000173c5] [DEBUG][com.freerdp.client.x11] - [try_add]: RALT: keycode: 0x108 -> rdp scancode: 0x00000138
[17:59:37:249] [95171:000173c5] [DEBUG][com.freerdp.client.x11] - [try_add]: LNFD: keycode: 0x109 -> rdp scancode: 0x00000000
[17:59:37:249] [95171:000173c5] [DEBUG][com.freerdp.client.x11] - [try_add]: HOME: keycode: 0x110 -> rdp scancode: 0x00000147
[17:59:37:249] [95171:000173c5] [DEBUG][com.freerdp.client.x11] - [try_add]:   UP: keycode: 0x111 -> rdp scancode: 0x00000148
[17:59:37:249] [95171:000173c5] [DEBUG][com.freerdp.client.x11] - [try_add]: PGUP: keycode: 0x112 -> rdp scancode: 0x00000149
[17:59:37:249] [95171:000173c5] [DEBUG][com.freerdp.client.x11] - [try_add]: LEFT: keycode: 0x113 -> rdp scancode: 0x0000014b
[17:59:37:249] [95171:000173c5] [DEBUG][com.freerdp.client.x11] - [try_add]: RGHT: keycode: 0x114 -> rdp scancode: 0x0000014d
[17:59:37:249] [95171:000173c5] [DEBUG][com.freerdp.client.x11] - [try_add]:  END: keycode: 0x115 -> rdp scancode: 0x0000014f
[17:59:37:249] [95171:000173c5] [DEBUG][com.freerdp.client.x11] - [try_add]: DOWN: keycode: 0x116 -> rdp scancode: 0x00000150
[17:59:37:249] [95171:000173c5] [DEBUG][com.freerdp.client.x11] - [try_add]: PGDN: keycode: 0x117 -> rdp scancode: 0x00000151
[17:59:37:249] [95171:000173c5] [DEBUG][com.freerdp.client.x11] - [try_add]:  INS: keycode: 0x118 -> rdp scancode: 0x00000152
[17:59:37:249] [95171:000173c5] [DEBUG][com.freerdp.client.x11] - [try_add]: DELE: keycode: 0x119 -> rdp scancode: 0x00000153
[17:59:37:249] [95171:000173c5] [DEBUG][com.freerdp.client.x11] - [try_add]: I120: keycode: 0x120 -> rdp scancode: 0x00000000
[17:59:37:249] [95171:000173c5] [DEBUG][com.freerdp.client.x11] - [try_add]: MUTE: keycode: 0x121 -> rdp scancode: 0x00000120
[17:59:37:249] [95171:000173c5] [DEBUG][com.freerdp.client.x11] - [try_add]: VOL-: keycode: 0x122 -> rdp scancode: 0x0000012e
[17:59:37:249] [95171:000173c5] [DEBUG][com.freerdp.client.x11] - [try_add]: VOL+: keycode: 0x123 -> rdp scancode: 0x00000130
[17:59:37:249] [95171:000173c5] [DEBUG][com.freerdp.client.x11] - [try_add]: POWR: keycode: 0x124 -> rdp scancode: 0x00000000
[17:59:37:249] [95171:000173c5] [DEBUG][com.freerdp.client.x11] - [try_add]: KPEQ: keycode: 0x125 -> rdp scancode: 0x00000000
[17:59:37:249] [95171:000173c5] [DEBUG][com.freerdp.client.x11] - [try_add]: I126: keycode: 0x126 -> rdp scancode: 0x00000000
[17:59:37:249] [95171:000173c5] [DEBUG][com.freerdp.client.x11] - [try_add]: PAUS: keycode: 0x127 -> rdp scancode: 0x00000146
[17:59:37:249] [95171:000173c5] [DEBUG][com.freerdp.client.x11] - [try_add]: I128: keycode: 0x128 -> rdp scancode: 0x0000016d
[17:59:37:249] [95171:000173c5] [DEBUG][com.freerdp.client.x11] - [try_add]: I129: keycode: 0x129 -> rdp scancode: 0x0000007e
[17:59:37:249] [95171:000173c5] [DEBUG][com.freerdp.client.x11] - [try_add]: HNGL: keycode: 0x130 -> rdp scancode: 0x00000072
[17:59:37:249] [95171:000173c5] [DEBUG][com.freerdp.client.x11] - [try_add]: HJCV: keycode: 0x131 -> rdp scancode: 0x00000071
[17:59:37:249] [95171:000173c5] [DEBUG][com.freerdp.client.x11] - [try_add]: AE13: keycode: 0x132 -> rdp scancode: 0x0000007d
[17:59:37:249] [95171:000173c5] [DEBUG][com.freerdp.client.x11] - [try_add]: LWIN: keycode: 0x133 -> rdp scancode: 0x0000015b
[17:59:37:249] [95171:000173c5] [DEBUG][com.freerdp.client.x11] - [try_add]: RWIN: keycode: 0x134 -> rdp scancode: 0x0000015c
[17:59:37:249] [95171:000173c5] [DEBUG][com.freerdp.client.x11] - [try_add]: COMP: keycode: 0x135 -> rdp scancode: 0x0000015d
[17:59:37:249] [95171:000173c5] [DEBUG][com.freerdp.client.x11] - [try_add]: STOP: keycode: 0x136 -> rdp scancode: 0x00000168
[17:59:37:249] [95171:000173c5] [DEBUG][com.freerdp.client.x11] - [try_add]: AGAI: keycode: 0x137 -> rdp scancode: 0x00000000
[17:59:37:249] [95171:000173c5] [DEBUG][com.freerdp.client.x11] - [try_add]: PROP: keycode: 0x138 -> rdp scancode: 0x00000000
[17:59:37:249] [95171:000173c5] [DEBUG][com.freerdp.client.x11] - [try_add]: UNDO: keycode: 0x139 -> rdp scancode: 0x00000000
[17:59:37:249] [95171:000173c5] [DEBUG][com.freerdp.client.x11] - [try_add]: FRNT: keycode: 0x140 -> rdp scancode: 0x00000000
[17:59:37:249] [95171:000173c5] [DEBUG][com.freerdp.client.x11] - [try_add]: COPY: keycode: 0x141 -> rdp scancode: 0x00000000
[17:59:37:249] [95171:000173c5] [DEBUG][com.freerdp.client.x11] - [try_add]: OPEN: keycode: 0x142 -> rdp scancode: 0x00000000
[17:59:37:249] [95171:000173c5] [DEBUG][com.freerdp.client.x11] - [try_add]: PAST: keycode: 0x143 -> rdp scancode: 0x00000000
[17:59:37:249] [95171:000173c5] [DEBUG][com.freerdp.client.x11] - [try_add]: FIND: keycode: 0x144 -> rdp scancode: 0x00000000
[17:59:37:249] [95171:000173c5] [DEBUG][com.freerdp.client.x11] - [try_add]:  CUT: keycode: 0x145 -> rdp scancode: 0x00000000
[17:59:37:249] [95171:000173c5] [DEBUG][com.freerdp.client.x11] - [try_add]: HELP: keycode: 0x146 -> rdp scancode: 0x00000063
[17:59:37:249] [95171:000173c5] [DEBUG][com.freerdp.client.x11] - [try_add]: I147: keycode: 0x147 -> rdp scancode: 0x00000000
[17:59:37:249] [95171:000173c5] [DEBUG][com.freerdp.client.x11] - [try_add]: I148: keycode: 0x148 -> rdp scancode: 0x00000000
[17:59:37:249] [95171:000173c5] [DEBUG][com.freerdp.client.x11] - [try_add]: I149: keycode: 0x149 -> rdp scancode: 0x00000000
[17:59:37:249] [95171:000173c5] [DEBUG][com.freerdp.client.x11] - [try_add]: I150: keycode: 0x150 -> rdp scancode: 0x0000005f
[17:59:37:249] [95171:000173c5] [DEBUG][com.freerdp.client.x11] - [try_add]: I151: keycode: 0x151 -> rdp scancode: 0x00000000
[17:59:37:249] [95171:000173c5] [DEBUG][com.freerdp.client.x11] - [try_add]: I152: keycode: 0x152 -> rdp scancode: 0x00000000
[17:59:37:249] [95171:000173c5] [DEBUG][com.freerdp.client.x11] - [try_add]: I153: keycode: 0x153 -> rdp scancode: 0x00000000
[17:59:37:249] [95171:000173c5] [DEBUG][com.freerdp.client.x11] - [try_add]: I154: keycode: 0x154 -> rdp scancode: 0x00000000
[17:59:37:249] [95171:000173c5] [DEBUG][com.freerdp.client.x11] - [try_add]: I155: keycode: 0x155 -> rdp scancode: 0x00000000
[17:59:37:249] [95171:000173c5] [DEBUG][com.freerdp.client.x11] - [try_add]: I156: keycode: 0x156 -> rdp scancode: 0x0000016e
[17:59:37:249] [95171:000173c5] [DEBUG][com.freerdp.client.x11] - [try_add]: I157: keycode: 0x157 -> rdp scancode: 0x0000016f
[17:59:37:249] [95171:000173c5] [DEBUG][com.freerdp.client.x11] - [try_add]: I158: keycode: 0x158 -> rdp scancode: 0x00000132
[17:59:37:249] [95171:000173c5] [DEBUG][com.freerdp.client.x11] - [try_add]: I159: keycode: 0x159 -> rdp scancode: 0x00000000
[17:59:37:249] [95171:000173c5] [DEBUG][com.freerdp.client.x11] - [try_add]: I160: keycode: 0x160 -> rdp scancode: 0x00000000
[17:59:37:249] [95171:000173c5] [DEBUG][com.freerdp.client.x11] - [try_add]: I161: keycode: 0x161 -> rdp scancode: 0x00000000
[17:59:37:249] [95171:000173c5] [DEBUG][com.freerdp.client.x11] - [try_add]: I162: keycode: 0x162 -> rdp scancode: 0x00000000
[17:59:37:249] [95171:000173c5] [DEBUG][com.freerdp.client.x11] - [try_add]: I163: keycode: 0x163 -> rdp scancode: 0x0000016c
[17:59:37:249] [95171:000173c5] [DEBUG][com.freerdp.client.x11] - [try_add]: I164: keycode: 0x164 -> rdp scancode: 0x00000166
[17:59:37:249] [95171:000173c5] [DEBUG][com.freerdp.client.x11] - [try_add]: I165: keycode: 0x165 -> rdp scancode: 0x00000000
[17:59:37:249] [95171:000173c5] [DEBUG][com.freerdp.client.x11] - [try_add]: I166: keycode: 0x166 -> rdp scancode: 0x0000016a
[17:59:37:249] [95171:000173c5] [DEBUG][com.freerdp.client.x11] - [try_add]: I167: keycode: 0x167 -> rdp scancode: 0x00000169
[17:59:37:249] [95171:000173c5] [DEBUG][com.freerdp.client.x11] - [try_add]: I168: keycode: 0x168 -> rdp scancode: 0x00000000
[17:59:37:249] [95171:000173c5] [DEBUG][com.freerdp.client.x11] - [try_add]: I169: keycode: 0x169 -> rdp scancode: 0x00000000
[17:59:37:249] [95171:000173c5] [DEBUG][com.freerdp.client.x11] - [try_add]: I170: keycode: 0x170 -> rdp scancode: 0x00000000
[17:59:37:249] [95171:000173c5] [DEBUG][com.freerdp.client.x11] - [try_add]: I171: keycode: 0x171 -> rdp scancode: 0x00000119
[17:59:37:249] [95171:000173c5] [DEBUG][com.freerdp.client.x11] - [try_add]: I172: keycode: 0x172 -> rdp scancode: 0x00000122
[17:59:37:249] [95171:000173c5] [DEBUG][com.freerdp.client.x11] - [try_add]: I173: keycode: 0x173 -> rdp scancode: 0x00000110
[17:59:37:249] [95171:000173c5] [DEBUG][com.freerdp.client.x11] - [try_add]: I174: keycode: 0x174 -> rdp scancode: 0x00000124
[17:59:37:249] [95171:000173c5] [DEBUG][com.freerdp.client.x11] - [try_add]: I175: keycode: 0x175 -> rdp scancode: 0x00000000
[17:59:37:249] [95171:000173c5] [DEBUG][com.freerdp.client.x11] - [try_add]: I176: keycode: 0x176 -> rdp scancode: 0x00000000
[17:59:37:249] [95171:000173c5] [DEBUG][com.freerdp.client.x11] - [try_add]: I177: keycode: 0x177 -> rdp scancode: 0x00000000
[17:59:37:249] [95171:000173c5] [DEBUG][com.freerdp.client.x11] - [try_add]: I178: keycode: 0x178 -> rdp scancode: 0x00000000
[17:59:37:249] [95171:000173c5] [DEBUG][com.freerdp.client.x11] - [try_add]: I179: keycode: 0x179 -> rdp scancode: 0x00000000
[17:59:37:249] [95171:000173c5] [DEBUG][com.freerdp.client.x11] - [try_add]: I180: keycode: 0x180 -> rdp scancode: 0x00000132
[17:59:37:249] [95171:000173c5] [DEBUG][com.freerdp.client.x11] - [try_add]: I181: keycode: 0x181 -> rdp scancode: 0x00000167
[17:59:37:249] [95171:000173c5] [DEBUG][com.freerdp.client.x11] - [try_add]: I182: keycode: 0x182 -> rdp scancode: 0x00000000
[17:59:37:249] [95171:000173c5] [DEBUG][com.freerdp.client.x11] - [try_add]: I183: keycode: 0x183 -> rdp scancode: 0x00000000
[17:59:37:249] [95171:000173c5] [DEBUG][com.freerdp.client.x11] - [try_add]: I184: keycode: 0x184 -> rdp scancode: 0x00000000
[17:59:37:249] [95171:000173c5] [DEBUG][com.freerdp.client.x11] - [try_add]: I185: keycode: 0x185 -> rdp scancode: 0x00000000
[17:59:37:249] [95171:000173c5] [DEBUG][com.freerdp.client.x11] - [try_add]: I186: keycode: 0x186 -> rdp scancode: 0x00000000
[17:59:37:249] [95171:000173c5] [DEBUG][com.freerdp.client.x11] - [try_add]: I187: keycode: 0x187 -> rdp scancode: 0x00000000
[17:59:37:249] [95171:000173c5] [DEBUG][com.freerdp.client.x11] - [try_add]: I188: keycode: 0x188 -> rdp scancode: 0x00000000
[17:59:37:249] [95171:000173c5] [DEBUG][com.freerdp.client.x11] - [try_add]: I189: keycode: 0x189 -> rdp scancode: 0x00000000
[17:59:37:249] [95171:000173c5] [DEBUG][com.freerdp.client.x11] - [try_add]: I190: keycode: 0x190 -> rdp scancode: 0x00000000
[17:59:37:249] [95171:000173c5] [DEBUG][com.freerdp.client.x11] - [try_add]: FK13: keycode: 0x191 -> rdp scancode: 0x00000064
[17:59:37:249] [95171:000173c5] [DEBUG][com.freerdp.client.x11] - [try_add]: FK14: keycode: 0x192 -> rdp scancode: 0x00000065
[17:59:37:249] [95171:000173c5] [DEBUG][com.freerdp.client.x11] - [try_add]: FK15: keycode: 0x193 -> rdp scancode: 0x00000066
[17:59:37:249] [95171:000173c5] [DEBUG][com.freerdp.client.x11] - [try_add]: FK16: keycode: 0x194 -> rdp scancode: 0x00000067
[17:59:37:249] [95171:000173c5] [DEBUG][com.freerdp.client.x11] - [try_add]: FK17: keycode: 0x195 -> rdp scancode: 0x00000068
[17:59:37:249] [95171:000173c5] [DEBUG][com.freerdp.client.x11] - [try_add]: FK18: keycode: 0x196 -> rdp scancode: 0x00000069
[17:59:37:249] [95171:000173c5] [DEBUG][com.freerdp.client.x11] - [try_add]: FK19: keycode: 0x197 -> rdp scancode: 0x0000006a
[17:59:37:249] [95171:000173c5] [DEBUG][com.freerdp.client.x11] - [try_add]: FK20: keycode: 0x198 -> rdp scancode: 0x0000006b
[17:59:37:249] [95171:000173c5] [DEBUG][com.freerdp.client.x11] - [try_add]: FK21: keycode: 0x199 -> rdp scancode: 0x0000006c
[17:59:37:249] [95171:000173c5] [DEBUG][com.freerdp.client.x11] - [try_add]: FK22: keycode: 0x200 -> rdp scancode: 0x0000006d
[17:59:37:249] [95171:000173c5] [DEBUG][com.freerdp.client.x11] - [try_add]: FK23: keycode: 0x201 -> rdp scancode: 0x0000006e
[17:59:37:249] [95171:000173c5] [DEBUG][com.freerdp.client.x11] - [try_add]: FK24: keycode: 0x202 -> rdp scancode: 0x0000006f
[17:59:37:249] [95171:000173c5] [DEBUG][com.freerdp.client.x11] - [try_add]: LVL5: keycode: 0x203 -> rdp scancode: 0x00000000
[17:59:37:249] [95171:000173c5] [DEBUG][com.freerdp.client.x11] - [try_add]:  ALT: keycode: 0x204 -> rdp scancode: 0x00000038
[17:59:37:249] [95171:000173c5] [DEBUG][com.freerdp.client.x11] - [try_add]: META: keycode: 0x205 -> rdp scancode: 0x00000038
[17:59:37:249] [95171:000173c5] [DEBUG][com.freerdp.client.x11] - [try_add]: SUPR: keycode: 0x206 -> rdp scancode: 0x0000015b
[17:59:37:249] [95171:000173c5] [DEBUG][com.freerdp.client.x11] - [try_add]: HYPR: keycode: 0x207 -> rdp scancode: 0x0000015b
[17:59:37:249] [95171:000173c5] [DEBUG][com.freerdp.client.x11] - [try_add]: I208: keycode: 0x208 -> rdp scancode: 0x00000122
[17:59:37:249] [95171:000173c5] [DEBUG][com.freerdp.client.x11] - [try_add]: I209: keycode: 0x209 -> rdp scancode: 0x00000122
[17:59:37:249] [95171:000173c5] [DEBUG][com.freerdp.client.x11] - [try_add]: I210: keycode: 0x210 -> rdp scancode: 0x00000000
[17:59:37:249] [95171:000173c5] [DEBUG][com.freerdp.client.x11] - [try_add]: I211: keycode: 0x211 -> rdp scancode: 0x00000000
[17:59:37:249] [95171:000173c5] [DEBUG][com.freerdp.client.x11] - [try_add]: I212: keycode: 0x212 -> rdp scancode: 0x00000000
[17:59:37:249] [95171:000173c5] [DEBUG][com.freerdp.client.x11] - [try_add]: I213: keycode: 0x213 -> rdp scancode: 0x00000000
[17:59:37:249] [95171:000173c5] [DEBUG][com.freerdp.client.x11] - [try_add]: I214: keycode: 0x214 -> rdp scancode: 0x00000000
[17:59:37:249] [95171:000173c5] [DEBUG][com.freerdp.client.x11] - [try_add]: I215: keycode: 0x215 -> rdp scancode: 0x00000122
[17:59:37:249] [95171:000173c5] [DEBUG][com.freerdp.client.x11] - [try_add]: I216: keycode: 0x216 -> rdp scancode: 0x00000119
[17:59:37:249] [95171:000173c5] [DEBUG][com.freerdp.client.x11] - [try_add]: I217: keycode: 0x217 -> rdp scancode: 0x00000000
[17:59:37:249] [95171:000173c5] [DEBUG][com.freerdp.client.x11] - [try_add]: I218: keycode: 0x218 -> rdp scancode: 0x00000000
[17:59:37:249] [95171:000173c5] [DEBUG][com.freerdp.client.x11] - [try_add]: I219: keycode: 0x219 -> rdp scancode: 0x00000000
[17:59:37:249] [95171:000173c5] [DEBUG][com.freerdp.client.x11] - [try_add]: I220: keycode: 0x220 -> rdp scancode: 0x00000000
[17:59:37:249] [95171:000173c5] [DEBUG][com.freerdp.client.x11] - [try_add]: I221: keycode: 0x221 -> rdp scancode: 0x00000000
[17:59:37:249] [95171:000173c5] [DEBUG][com.freerdp.client.x11] - [try_add]: I222: keycode: 0x222 -> rdp scancode: 0x00000000
[17:59:37:249] [95171:000173c5] [DEBUG][com.freerdp.client.x11] - [try_add]: I223: keycode: 0x223 -> rdp scancode: 0x0000016c
[17:59:37:249] [95171:000173c5] [DEBUG][com.freerdp.client.x11] - [try_add]: I224: keycode: 0x224 -> rdp scancode: 0x00000000
[17:59:37:249] [95171:000173c5] [DEBUG][com.freerdp.client.x11] - [try_add]: I225: keycode: 0x225 -> rdp scancode: 0x00000165
[17:59:37:249] [95171:000173c5] [DEBUG][com.freerdp.client.x11] - [try_add]: I226: keycode: 0x226 -> rdp scancode: 0x00000000
[17:59:37:249] [95171:000173c5] [DEBUG][com.freerdp.client.x11] - [try_add]: I227: keycode: 0x227 -> rdp scancode: 0x00000000
[17:59:37:249] [95171:000173c5] [DEBUG][com.freerdp.client.x11] - [try_add]: I228: keycode: 0x228 -> rdp scancode: 0x00000000
[17:59:37:249] [95171:000173c5] [DEBUG][com.freerdp.client.x11] - [try_add]: I229: keycode: 0x229 -> rdp scancode: 0x00000000
[17:59:37:249] [95171:000173c5] [DEBUG][com.freerdp.client.x11] - [try_add]: I230: keycode: 0x230 -> rdp scancode: 0x00000000
[17:59:37:249] [95171:000173c5] [DEBUG][com.freerdp.client.x11] - [try_add]: I231: keycode: 0x231 -> rdp scancode: 0x00000000
[17:59:37:249] [95171:000173c5] [DEBUG][com.freerdp.client.x11] - [try_add]: I232: keycode: 0x232 -> rdp scancode: 0x00000000
[17:59:37:249] [95171:000173c5] [DEBUG][com.freerdp.client.x11] - [try_add]: I233: keycode: 0x233 -> rdp scancode: 0x00000000
[17:59:37:249] [95171:000173c5] [DEBUG][com.freerdp.client.x11] - [try_add]: I234: keycode: 0x234 -> rdp scancode: 0x0000016d
[17:59:37:249] [95171:000173c5] [DEBUG][com.freerdp.client.x11] - [try_add]: I235: keycode: 0x235 -> rdp scancode: 0x00000000
[17:59:37:249] [95171:000173c5] [DEBUG][com.freerdp.client.x11] - [try_add]: I236: keycode: 0x236 -> rdp scancode: 0x00000000
[17:59:37:249] [95171:000173c5] [DEBUG][com.freerdp.client.x11] - [try_add]: I237: keycode: 0x237 -> rdp scancode: 0x00000000
[17:59:37:249] [95171:000173c5] [DEBUG][com.freerdp.client.x11] - [try_add]: I238: keycode: 0x238 -> rdp scancode: 0x00000000
[17:59:37:249] [95171:000173c5] [DEBUG][com.freerdp.client.x11] - [try_add]: I239: keycode: 0x239 -> rdp scancode: 0x00000000
[17:59:37:249] [95171:000173c5] [DEBUG][com.freerdp.client.x11] - [try_add]: I240: keycode: 0x240 -> rdp scancode: 0x00000000
[17:59:37:249] [95171:000173c5] [DEBUG][com.freerdp.client.x11] - [try_add]: I241: keycode: 0x241 -> rdp scancode: 0x00000000
[17:59:37:249] [95171:000173c5] [DEBUG][com.freerdp.client.x11] - [try_add]: I242: keycode: 0x242 -> rdp scancode: 0x00000000
[17:59:37:249] [95171:000173c5] [DEBUG][com.freerdp.client.x11] - [try_add]: I243: keycode: 0x243 -> rdp scancode: 0x00000000
[17:59:37:249] [95171:000173c5] [DEBUG][com.freerdp.client.x11] - [try_add]: I244: keycode: 0x244 -> rdp scancode: 0x00000000
[17:59:37:249] [95171:000173c5] [DEBUG][com.freerdp.client.x11] - [try_add]: I245: keycode: 0x245 -> rdp scancode: 0x00000000
[17:59:37:249] [95171:000173c5] [DEBUG][com.freerdp.client.x11] - [try_add]: I246: keycode: 0x246 -> rdp scancode: 0x00000000
[17:59:37:249] [95171:000173c5] [DEBUG][com.freerdp.client.x11] - [try_add]: I247: keycode: 0x247 -> rdp scancode: 0x00000000
[17:59:37:249] [95171:000173c5] [DEBUG][com.freerdp.client.x11] - [try_add]: I248: keycode: 0x248 -> rdp scancode: 0x00000000
[17:59:37:249] [95171:000173c5] [DEBUG][com.freerdp.client.x11] - [try_add]: I249: keycode: 0x249 -> rdp scancode: 0x00000000
[17:59:37:249] [95171:000173c5] [DEBUG][com.freerdp.client.x11] - [try_add]: I250: keycode: 0x250 -> rdp scancode: 0x00000000
[17:59:37:249] [95171:000173c5] [DEBUG][com.freerdp.client.x11] - [try_add]: I251: keycode: 0x251 -> rdp scancode: 0x00000000
[17:59:37:249] [95171:000173c5] [DEBUG][com.freerdp.client.x11] - [try_add]: I252: keycode: 0x252 -> rdp scancode: 0x00000000
[17:59:37:249] [95171:000173c5] [DEBUG][com.freerdp.client.x11] - [try_add]: I253: keycode: 0x253 -> rdp scancode: 0x00000000
[17:59:37:249] [95171:000173c5] [DEBUG][com.freerdp.client.x11] - [try_add]: I254: keycode: 0x254 -> rdp scancode: 0x00000000
[17:59:37:249] [95171:000173c5] [DEBUG][com.freerdp.client.xfreerdp.utils] - [run_action_script]: [ActionScript] no such script '/home/dev/.config/freerdp/action.sh'
[17:59:37:249] [95171:000173c5] [DEBUG][com.freerdp.client.xfreerdp.utils] - [run_action_script]: [ActionScript] no such script '/home/dev/.config/freerdp/action.sh'
[17:59:37:249] [95171:000173c5] [DEBUG][com.freerdp.client.x11] - [xf_GetWindowProperty]: Property 231 does not exist
[17:59:37:249] [95171:000173c5] [DEBUG][com.freerdp.client.x11] - [xf_GetWindowProperty]: Property 233 does not exist
[17:59:37:249] [95171:000173c5] [DEBUG][com.freerdp.settings] - [log_monitor_configuration]: [BEGIN] MonitorDefArray[1]
[17:59:37:249] [95171:000173c5] [DEBUG][com.freerdp.settings] - [log_monitor]: [0] [primary] {0x0-1280x800} [0] {1000x1000, orientation: 0, desktopScale: 100, deviceScale: 100}
[17:59:37:249] [95171:000173c5] [DEBUG][com.freerdp.settings] - [log_monitor_configuration]: [END] MonitorDefArray[1]
[17:59:37:249] [95171:000173c5] [DEBUG][com.freerdp.client.common.cmdline] - [freerdp_client_load_static_channel_addin]: loading channelEx rdpdr
[17:59:37:249] [95171:000173c5] [DEBUG][com.freerdp.client.common.cmdline] - [freerdp_client_load_static_channel_addin]: loading channelEx rdpsnd
[17:59:37:249] [95171:000173c5] [DEBUG][com.freerdp.channels.cliprdr.client] - [cliprdr_VirtualChannelEntryEx]: VirtualChannelEntryEx
[17:59:37:249] [95171:000173c5] [DEBUG][com.freerdp.client.common.cmdline] - [freerdp_client_load_static_channel_addin]: loading channelEx cliprdr
[17:59:37:249] [95171:000173c5] [DEBUG][com.freerdp.channels.drdynvc.client] - [drdynvc_VirtualChannelEntryEx]: VirtualChannelEntryEx
[17:59:37:249] [95171:000173c5] [DEBUG][com.freerdp.client.common.cmdline] - [freerdp_client_load_static_channel_addin]: loading channelEx drdynvc
[17:59:37:252] [95171:000173c5] [DEBUG][com.freerdp.primitives] - [primitives_autodetect_best]: primitives benchmark: only one backend, skipping...
[17:59:37:252] [95171:000173c5] [DEBUG][com.freerdp.primitives] - [primitives_autodetect_best]: primitives autodetect, using optimized
[17:59:37:264] [95171:000173c5] [DEBUG][com.freerdp.core.nego] - [nego_set_negotiation_enabled]: Enabling security layer negotiation: TRUE
[17:59:37:264] [95171:000173c5] [DEBUG][com.freerdp.core.nego] - [nego_set_restricted_admin_mode_required]: Enabling restricted admin mode: FALSE
[17:59:37:264] [95171:000173c5] [DEBUG][com.freerdp.core.nego] - [nego_set_RCG_required]: Enabling remoteCredentialGuards: FALSE
[17:59:37:264] [95171:000173c5] [DEBUG][com.freerdp.core.nego] - [nego_enable_rdp]: Enabling RDP security: FALSE
[17:59:37:264] [95171:000173c5] [DEBUG][com.freerdp.core.nego] - [nego_enable_tls]: Enabling TLS security: TRUE
[17:59:37:264] [95171:000173c5] [DEBUG][com.freerdp.core.nego] - [nego_enable_nla]: Enabling NLA security: FALSE
[17:59:37:264] [95171:000173c5] [DEBUG][com.freerdp.core.nego] - [nego_enable_ext]: Enabling NLA extended security: FALSE
[17:59:37:264] [95171:000173c5] [DEBUG][com.freerdp.core.nego] - [nego_enable_rdstls]: Enabling RDSTLS security: FALSE
[17:59:37:264] [95171:000173c5] [DEBUG][com.freerdp.core.nego] - [nego_enable_aad]: Enabling RDS AAD security: FALSE
[17:59:37:264] [95171:000173c5] [DEBUG][com.freerdp.core.rdp] - [rdp_client_transition_to_state][0x55fff7a88230]: CONNECTION_STATE_INITIAL --> CONNECTION_STATE_NEGO
[17:59:37:264] [95171:000173c5] [DEBUG][com.freerdp.core] - [freerdp_tcp_is_hostname_resolvable]: resetting error state
[17:59:37:264] [95171:000173c5] [DEBUG][com.freerdp.core] - [freerdp_tcp_default_connect]: resetting error state
[17:59:37:264] [95171:000173c5] [DEBUG][com.freerdp.core] - [freerdp_tcp_default_connect]: connecting to peer 127.0.0.1
[17:59:37:264] [95171:000173c5] [DEBUG][com.freerdp.core.nego] - [nego_connect]: state: NEGO_STATE_TLS
[17:59:37:264] [95171:000173c5] [DEBUG][com.freerdp.core.nego] - [nego_attempt_tls]: Attempting TLS security
[17:59:37:264] [95171:000173c5] [DEBUG][com.freerdp.core.nego] - [nego_send_negotiation_request]: RequestedProtocols: [SSL][0x00000001]
[17:59:37:271] [95171:000173c5] [DEBUG][com.freerdp.core.nego] - [nego_process_negotiation_response]: RDP_NEG_RSP::flags = { [0x03] |EXTENDED_CLIENT_DATA_SUPPORTED|DYNVC_GFX_PROTOCOL_SUPPORTED }
[17:59:37:271] [95171:000173c5] [DEBUG][com.freerdp.core.nego] - [nego_recv]: selected_protocol: [SSL][0x00000001]
[17:59:37:271] [95171:000173c5] [DEBUG][com.freerdp.core.nego] - [nego_connect]: Negotiated [SSL][0x00000001] security
[17:59:37:271] [95171:000173c5] [DEBUG][com.freerdp.core.nego] - [nego_try_connect]: nego_security_connect with PROTOCOL_SSL
[17:59:37:277] [95171:000173c5] [DEBUG][co[17:59:37:279] [95171:000173c5] [WARN][com.freerdp.core.connection] - [rdp_client_connect_auto_detect]: expected messageChannelId=1008, got 1003
[17:59:37:279] [95171:000173c5] [WARN][com.freerdp.core.license] - [license_read_binary_blob_data]: license binary blob::type BB_ERROR_BLOB, length=0, skipping.
[17:59:37:279] [95171:000173c5] [WARN][com.freerdp.core.connection] - [rdp_client_connect_auto_detect]: expected messageChannelId=1008, got 1003
m.freerdp.core.rdp] - [rdp_client_transition_to_state][0x55fff7a88230]: CONNECTION_STATE_NEGO --> CONNECTION_STATE_MCS_CREATE_REQUEST
[17:59:37:278] [95171:000173c5] [DEBUG][com.freerdp.core.gcc] - [gcc_write_client_core_data]: Sending highColorDepth=HIGH_COLOR_24BPP, supportedColorDepths=RNS_UD_32BPP_SUPPORT|RNS_UD_24BPP_SUPPORT|RNS_UD_16BPP_SUPPORT|RNS_UD_15BPP_SUPPORT, earlyCapabilityFlags=RNS_UD_CS_WANT_32BPP_SESSION|RNS_UD_CS_RELATIVE_MOUSE_INPUT|RNS_UD_CS_VALID_CONNECTION_TYPE|RNS_UD_CS_SUPPORT_NETCHAR_AUTODETECT|RNS_UD_CS_SUPPORT_DYNVC_GFX_PROTOCOL|RNS_UD_CS_SUPPORT_DYNAMIC_TIME_ZONE|RNS_UD_CS_SUPPORT_HEARTBEAT_PDU|RNS_UD_CS_SUPPORT_SKIP_CHANNELJOIN|[0x00000fb2]
[17:59:37:278] [95171:000173c5] [DEBUG][com.freerdp.core.rdp] - [rdp_client_transition_to_state][0x55fff7a88230]: CONNECTION_STATE_MCS_CREATE_REQUEST --> CONNECTION_STATE_MCS_CREATE_RESPONSE
[17:59:37:278] [95171:000173c5] [DEBUG][com.freerdp.core.gcc] - [gcc_read_server_core_data]: Received EarlyCapabilityFlags=RNS_UD_CS_WANT_32BPP_SESSION|RNS_UD_CS_STRONG_ASYMMETRIC_KEYS|[0x0000000a]
[17:59:37:278] [95171:000173c5] [DEBUG][com.freerdp.core.gcc] - [gcc_read_server_security_data]: Server rdp encryption method: NONE
[17:59:37:278] [95171:000173c5] [DEBUG][com.freerdp.core.rdp] - [rdp_client_transition_to_state][0x55fff7a88230]: CONNECTION_STATE_MCS_CREATE_RESPONSE --> CONNECTION_STATE_MCS_ERECT_DOMAIN
[17:59:37:278] [95171:000173c5] [DEBUG][com.freerdp.core.rdp] - [rdp_client_transition_to_state][0x55fff7a88230]: CONNECTION_STATE_MCS_ERECT_DOMAIN --> CONNECTION_STATE_MCS_ATTACH_USER
[17:59:37:278] [95171:000173c5] [DEBUG][com.freerdp.core.rdp] - [rdp_client_transition_to_state][0x55fff7a88230]: CONNECTION_STATE_MCS_ATTACH_USER --> CONNECTION_STATE_MCS_ATTACH_USER_CONFIRM
[17:59:37:279] [95171:000173c5] [DEBUG][com.freerdp.core.connection] - [rdp_client_skip_mcs_channel_join]:  rdpdr [1004]
[17:59:37:279] [95171:000173c5] [DEBUG][com.freerdp.core.connection] - [rdp_client_skip_mcs_channel_join]:  rdpsnd [1005]
[17:59:37:279] [95171:000173c5] [DEBUG][com.freerdp.core.connection] - [rdp_client_skip_mcs_channel_join]:  cliprdr [1006]
[17:59:37:279] [95171:000173c5] [DEBUG][com.freerdp.core.connection] - [rdp_client_skip_mcs_channel_join]:  drdynvc [1007]
[17:59:37:279] [95171:000173c5] [DEBUG][com.freerdp.core.rdp] - [rdp_client_transition_to_state][0x55fff7a88230]: CONNECTION_STATE_MCS_ATTACH_USER_CONFIRM --> CONNECTION_STATE_SECURE_SETTINGS_EXCHANGE
[17:59:37:279] [95171:000173c5] [DEBUG][com.freerdp.core.info] - [rdp_write_info_packet]: Client Info Packet Flags = INFO_MOUSE|INFO_DISABLECTRLALTDEL|INFO_AUTOLOGON|INFO_UNICODE|INFO_MAXIMIZESHELL|INFO_LOGONNOTIFY|INFO_COMPRESSION|INFO_ENABLEWINDOWSKEY|INFO_FORCE_ENCRYPTED_CS_PDU|INFO_LOGONERRORS|INFO_MOUSE_HAS_WHEEL
[17:59:37:279] [95171:000173c5] [DEBUG][com.freerdp.core.rdp] - [rdp_client_transition_to_state][0x55fff7a88230]: CONNECTION_STATE_SECURE_SETTINGS_EXCHANGE --> CONNECTION_STATE_CONNECT_TIME_AUTO_DETECT_REQUEST
[17:59:37:279] [95171:000173c5] [DEBUG][com.freerdp.core.rdp] - [rdp_client_transition_to_state][0x55fff7a88230]: CONNECTION_STATE_CONNECT_TIME_AUTO_DETECT_REQUEST --> CONNECTION_STATE_LICENSING
[17:59:37:279] [95171:000173c5] [DEBUG][com.freerdp.core.rdp] - [rdp_client_transition_to_state][0x55fff7a88230]: CONNECTION_STATE_LICENSING --> CONNECTION_STATE_MULTITRANSPORT_BOOTSTRAPPING_REQUEST
[17:59:37:279] [95171:000173c5] [DEBUG][com.freerdp.core.rdp] - [rdp_client_transition_to_state][0x55fff7a88230]: CONNECTION_STATE_MULTITRANSPORT_BOOTSTRAPPING_REQUEST --> CONNECTION_STATE_CAPABILITIES_EXCHANGE_DEMAND_ACTIVE
[17:59:37:279] [95171:000173c5] [DEBUG][com.freerdp.core.rdp] - [rdp_read_share_control_header][0x55fff7a88230]: type=PDU_TYPE_DEMAND_ACTIVE[0x00000001], tpktLength=337, remainingLength=331
[17:59:37:279] [95171:000173c5] [DEBUG][com.freerdp.core.rdp] - [rdp_client_transition_to_state][0x55fff7a88230]: CONNECTION_STATE_CAPABILITIES_EXCHANGE_DEMAND_ACTIVE --> CONNECTION_STATE_CAPABILITIES_EXCHANGE_CONFIRM_ACTIVE
[17:59:37:279] [95171:000173c5] [DEBUG][com.freerdp.core.rdp] - [rdp_client_transition_to_state][0x55fff7a88230]: CONNECTION_STATE_CAPABILITIES_EXCHANGE_CONFIRM_ACTIVE --> CONNECTION_STATE_FINALIZATION_SYNC
[17:59:37:279] [95171:000173c5] [DEBUG][com.freerdp.core.rdp] - [rdp_send_data_pdu][0x55fff7a88230]: sending data (type=0x1f size=37 channelId=1009)
[17:59:37:279] [95171:000173c5] [DEBUG][com.freerdp.core.rdp] - [rdp_client_transition_to_state][0x55fff7a88230]: CONNECTION_STATE_FINALIZATION_SYNC --> CONNECTION_STATE_FINALIZATION_COOPERATE
[17:59:37:279] [95171:000173c5] [DEBUG][com.freerdp.core.rdp] - [rdp_send_data_pdu][0x55fff7a88230]: sending data (type=0x14 size=41 channelId=1009)
[17:59:37:279] [95171:000173c5] [DEBUG][com.freerdp.core.rdp] - [rdp_client_transition_to_state][0x55fff7a88230]: CONNECTION_STATE_FINALIZATION_COOPERATE --> CONNECTION_STATE_FINALIZATION_REQUEST_CONTROL
[17:59:37:279] [95171:000173c5] [DEBUG][com.freerdp.core.rdp] - [rdp_send_data_pdu][0x55fff7a88230]: sending data (type=0x14 size=41 channelId=1009)
[17:59:37:279] [95171:000173c5] [DEBUG][com.freerdp.core.rdp] - [rdp_client_transition_to_state][0x55fff7a88230]: CONNECTION_STATE_FINALIZATION_REQUEST_CONTROL --> CONNECTION_STATE_FINALIZATION_FONT_LIST
[17:59:37:279] [95171:000173c5] [DEBUG][com.freerdp.core.rdp] - [rdp_send_data_pdu][0x55fff7a88230]: sending data (type=0x27 size=41 channelId=1009)
[17:59:37:279] [95171:000173c5] [DEBUG][com.freerdp.core.rdp] - [rdp_client_transition_to_state][0x55fff7a88230]: CONNECTION_STATE_FINALIZATION_FONT_LIST --> CONNECTION_STATE_FINALIZATION_CLIENT_SYNC
[17:59:37:279] [95171:000173c5] [DEBUG][com.freerdp.core.rdp] - [rdp_finalize_reset_flags][0x55fff7a88230]: [CONNECTION_STATE_FINALIZATION_CLIENT_SYNC] reset finalize_sc_pdus
[17:59:37:286] [95171:000173c5] [DEBUG][com.freerdp.client.x11] - [register_input_events]: Virtual core XTEST pointer button device (id: 4, mode: 10)
[17:59:37:286] [95171:000173c5] [DEBUG][com.freerdp.client.x11] - [register_input_events]: Virtual core XTEST pointer device (id: 4) valuator 0 label Rel X range -1.000000 - -1.000000
[17:59:37:286] [95171:000173c5] [DEBUG][com.freerdp.client.x11] - [register_input_events]: Virtual core XTEST pointer device (id: 4) valuator 1 label Rel Y range -1.000000 - -1.000000
[17:59:37:286] [95171:000173c5] [DEBUG][com.freerdp.client.x11] - [register_input_events]: Xvfb mouse button device (id: 6, mode: 3)
[17:59:37:286] [95171:000173c5] [DEBUG][com.freerdp.client.x11] - [register_input_events]: Xvfb mouse device (id: 6) valuator 0 label Rel X range -1.000000 - -1.000000
[17:59:37:286] [95171:000173c5] [DEBUG][com.freerdp.client.x11] - [register_input_events]: Xvfb mouse device (id: 6) valuator 1 label Rel Y range -1.000000 - -1.000000
[17:59:37:287] [95171:000173c5] [INFO][com.freerdp.gdi] - [gdi_init_ex]: Local framebuffer format  PIXEL_FORMAT_BGRX32
[17:59:37:287] [95171:000173c5] [INFO][com.freerdp.gdi] - [gdi_init_ex]: Remote framebuffer format PIXEL_FORMAT_BGRA32
[17:59:37:290] [95171:000173c5] [DEBUG][com.winpr.clipboard] - [ClipboardInitLocalFileSubsystem]: initialized synthetic local file subsystem
[17:59:37:290] [95171:000173c5] [DEBUG][com.freerdp.client.x11.cliprdr] - [xf_clipboard_new]: register local bitmap format image/bmp [0x0000c003]
[17:59:37:290] [95171:000173c5] [DEBUG][com.freerdp.client.x11.cliprdr] - [xf_clipboard_new]: register local bitmap format image/x-bmp [0x0000c004]
[17:59:37:290] [95171:000173c5] [DEBUG][com.freerdp.client.x11.cliprdr] - [xf_clipboard_new]: register local bitmap format image/x-MS-bmp [0x0000c005]
[17:59:37:290] [95171:000173c5] [DEBUG][com.freerdp.client.x11.cliprdr] - [xf_clipboard_new]: register local bitmap format image/x-win-bitmap [0x0000c006]
[17:59:37:290] [95171:000173c5] [DEBUG][com.freerdp.client.x11.cliprdr] - [xf_clipboard_new]: skipping local bitmap format image/webp [NOT SUPPORTED]
[17:59:37:290] [95171:000173c5] [DEBUG][com.freerdp.client.x11.cliprdr] - [xf_clipboard_new]: skipping local bitmap format image/png [NOT SUPPORTED]
[17:59:37:290] [95171:000173c5] [DEBUG][com.freerdp.client.x11.cliprdr] - [xf_clipboard_new]: skipping local bitmap format image/On calling fusermount posix_spawn failed: No such file or directory
posix_spawn(p)() for fusermount3 failed: No such file or directoryjpeg [NOT SUPPORTED]
[17:59:37:290] [95171:000173c5] [DEBUG][com.freerdp.client.x11.cliprdr] - [xf_clipboard_new]: register local bitmap format image/tiff [0x0000c002]
[17:59:37:290] [95171:000173c5] [DEBUG][com.freerdp.client.x11.cliprdr] - [xf_clipboard_new]: Relieving CLIPRDR filename restriction
[17:59:37:291] [95171:000173ef] [DEBUG][com.freerdp.client.common.cliprdr.file] - [cliprdr_file_fuse_thread]: Waiting for FUSE stop sync
[17:59:37:293] [95171:000173c5] [INFO][com.freerdp.channels.rdpsnd.client] - [rdpsnd_load_device_plugin]: [static] Loaded pulse backend for rdpsnd
[17:59:37:293] [95171:000173c5] [INFO][com.freerdp.channels.drdynvc.client] - [dvcman_load_addin]: Loading Dynamic Virtual Channel rdpsnd
[17:59:37:293] [95171:000173c5] [DEBUG][com.freerdp.channels.drdynvc.client] - [dvcman_register_plugin]: register_plugin: num_plugins 1
[17:59:37:293] [95171:000173c5] [INFO][com.freerdp.channels.drdynvc.client] - [dvcman_load_addin]: Loading Dynamic Virtual Channel ainput
[17:59:37:293] [95171:000173c5] [DEBUG][com.freerdp.channels.drdynvc.client] - [dvcman_register_plugin]: register_plugin: num_plugins 2
[17:59:37:293] [95171:000173c5] [INFO][com.freerdp.channels.drdynvc.client] - [dvcman_load_addin]: Loading Dynamic Virtual Channel rdpgfx
[17:59:37:293] [95171:000173c5] [DEBUG][com.freerdp.channels.drdynvc.client] - [dvcman_register_plugin]: register_plugin: num_plugins 3
[17:59:37:293] [95171:000173c5] [INFO][com.freerdp.channels.drdynvc.client] - [dvcman_load_addin]: Loading Dynamic Virtual Channel disp
[17:59:37:293] [95171:000173c5] [DEBUG][com.freerdp.channels.drdynvc.client] - [dvcman_register_plugin]: register_plugin: num_plugins 4
[17:59:37:293] [95171:000173c5] [DEBUG][com.freerdp.channels.drdynvc.client] - [dvcman_create_listener]: create_listener: 1.AUDIO_PLAYBACK_DVC.
[17:59:37:293] [95171:000173c5] [DEBUG][com.freerdp.channels.drdynvc.client] - [dvcman_create_listener]: create_listener: 2.FreeRDP::Advanced::Input.
[17:59:37:293] [95171:000173c5] [DEBUG][com.freerdp.channels.drdynvc.client] - [dvcman_create_listener]: create_listener: 3.Microsoft::Windows::RDS::Graphics.
[17:59:37:293] [95171:000173c5] [DEBUG][com.freerdp.channels.drdynvc.client] - [dvcman_create_listener]: create_listener: 4.Microsoft::Windows::RDS::DisplayControl.
[17:59:37:294] [95171:000173c5] [DEBUG][com.freerdp.core.rdp] - [rdp_read_share_control_header][0x55fff7a88230]: type=PDU_TYPE_DATA[0x00000007], tpktLength=22, remainingLength=16
[17:59:37:294] [95171:000173c5] [DEBUG][com.freerdp.core.rdp] - [rdp_recv_data_pdu][0x55fff7a88230]: recv Synchronize Data PDU (0x1F), length: 4
[17:59:37:294] [95171:000173c5] [DEBUG][com.freerdp.core.rdp] - [rdp_finalize_set_flag][0x55fff7a88230]: [CONNECTION_STATE_FINALIZATION_CLIENT_SYNC] received flag FINALIZE_SC_SYNCHRONIZE_PDU [0x00000001]
[17:59:37:294] [95171:000173c5] [DEBUG][com.freerdp.core.rdp] - [rdp_client_transition_to_state][0x55fff7a88230]: CONNECTION_STATE_FINALIZATION_CLIENT_SYNC --> CONNECTION_STATE_FINALIZATION_CLIENT_COOPERATE
[17:59:37:295] [95171:000173c5] [DEBUG][com.freerdp.core.rdp] - [rdp_read_share_control_header][0x55fff7a88230]: type=PDU_TYPE_DATA[0x00000007], tpktLength=26, remainingLength=20
[17:59:37:295] [95171:000173c5] [DEBUG][com.freerdp.core.rdp] - [rdp_recv_data_pdu][0x55fff7a88230]: recv Control Data PDU (0x14), length: 8
[17:59:37:295] [95171:000173c5] [DEBUG][com.freerdp.core.rdp] - [rdp_finalize_set_flag][0x55fff7a88230]: [CONNECTION_STATE_FINALIZATION_CLIENT_COOPERATE] received flag FINALIZE_SC_CONTROL_COOPERATE_PDU [0x00000002]
[17:59:37:295] [95171:000173c5] [DEBUG][com.freerdp.core.rdp] - [rdp_client_transition_to_state][0x55fff7a88230]: CONNECTION_STATE_FINALIZATION_CLIENT_COOPERATE --> CONNECTION_STATE_FINALIZATION_CLIENT_GRANTED_CONTROL
[17:59:37:295] [95171:000173c5] [DEBUG][com.freerdp.core.rdp] - [rdp_read_share_control_header][0x55fff7a88230]: type=PDU_TYPE_DATA[0x00000007], tpktLength=26, remainingLength=20
[17:59:37:295] [95171:000173c5] [DEBUG][com.freerdp.core.rdp] - [rdp_recv_data_pdu][0x55fff7a88230]: recv Control Data PDU (0x14), length: 8
[17:59:37:295] [95171:000173c5] [DEBUG][com.freerdp.core.rdp] - [rdp_finalize_set_flag][0x55fff7a88230]: [CONNECTION_STATE_FINALIZATION_CLIENT_GRANTED_CONTROL] received flag FINALIZE_SC_CONTROL_GRANTED_PDU [0x00000004]
[17:59:37:295] [95171:000173c5] [DEBUG][com.freerdp.core.rdp] - [rdp_client_transition_to_state][0x55fff7a88230]: CONNECTION_STATE_FINALIZATION_CLIENT_GRANTED_CONTROL --> CONNECTION_STATE_FINALIZATION_CLIENT_FONT_MAP
[17:59:37:295] [95171:000173c5] [DEBUG][com.freerdp.core.rdp] - [rdp_read_share_control_header][0x55fff7a88230]: type=PDU_TYPE_DATA[0x00000007], tpktLength=26, remainingLength=20
[17:59:37:295] [95171:000173c5] [DEBUG][com.freerdp.core.rdp] - [rdp_recv_data_pdu][0x55fff7a88230]: recv Font Map Data PDU (0x28), length: 8
[17:59:37:295] [95171:000173c5] [DEBUG][com.freerdp.core.rdp] - [rdp_finalize_set_flag][0x55fff7a88230]: [CONNECTION_STATE_FINALIZATION_CLIENT_FONT_MAP] received flag FINALIZE_SC_FONT_MAP_PDU [0x00000008]
[17:59:37:295] [95171:000173c5] [DEBUG][com.freerdp.core.rdp] - [rdp_client_transition_to_state][0x55fff7a88230]: CONNECTION_STATE_FINALIZATION_CLIENT_FONT_MAP --> CONNECTION_STATE_ACTIVE
[17:59:40:064] [95171:000173f4] [DEBUG][com.freerdp.channels.cliprdr.client] - [cliprdr_order_recv]: msgType: CB_CLIP_CAPS [0x0007] (7), msgFlags: NONE|[0x0000] dataLen: 16
[17:59:40:064] [95171:000173f4] [DEBUG][com.freerdp.channels.cliprdr.client] - [cliprdr_process_clip_caps]: ServerCapabilities
[17:59:40:064] [95171:000173f4] [DEBUG][com.freerdp.channels.cliprdr.client] - [cliprdr_process_general_capability]: Version: 2
[17:59:40:064] [95171:000173f4] [DEBUG][com.freerdp.channels.cliprdr.client] - [cliprdr_print_general_capability_flags]: generalFlags (0x00000002) {
[17:59:40:064] [95171:000173f4] [DEBUG][com.freerdp.channels.cliprdr.client] - [cliprdr_print_general_capability_flags]: 	CB_USE_LONG_FORMAT_NAMES
[17:59:40:064] [95171:000173f4] [DEBUG][com.freerdp.channels.cliprdr.client] - [cliprdr_print_general_capability_flags]: }
[17:59:40:064] [95171:000173f4] [DEBUG][com.freerdp.channels.cliprdr.client] - [cliprdr_order_recv]: msgType: CB_MONITOR_READY [0x0001] (1), msgFlags: NONE|[0x0000] dataLen: 0
[17:59:40:064] [95171:000173f4] [DEBUG][com.freerdp.channels.cliprdr.client] - [cliprdr_process_monitor_ready]: MonitorReady
[17:59:40:064] [95171:000173f4] [DEBUG][com.freerdp.channels.cliprdr.client] - [cliprdr_client_capabilities]: ClientCapabilities
[17:59:40:064] [95171:000173f4] [DEBUG][com.freerdp.channels.cliprdr.client] - [cliprdr_packet_send]: Cliprdr Sending (24 bytes)
[17:59:40:065] [95171:000173f4] [DEBUG][com.freerdp.client.common.cliprdr.file] - [cliprdr_file_context_clear]: clear file clipboard...
[17:59:40:065] [95171:000173f4] [DEBUG][com.freerdp.channels.cliprdr.client] - [cliprdr_client_format_list]: ClientFormatList: numFormats: 0
[17:59:40:065] [95171:000173f4] [DEBUG][com.freerdp.channels.cliprdr.client] - [cliprdr_packet_send]: Cliprdr Sending (8 bytes)
[17:59:40:066] [95171:000173f6] [DEBUG][com.freerdp.channels.drdynvc.client] - [drdynvc_process_create_request]: process_create_request: ChannelId=1 ChannelName=Microsoft::Windows::RDS::Graphics
[17:59:40:066] [95171:000173f6] [DEBUG][com.freerdp.channels.drdynvc.client] - [dvcman_create_channel]: listener Microsoft::Windows::RDS::Graphics created new channel 1
[17:59:40:066] [95171:000173f4] [DEBUG][com.freerdp.channels.cliprdr.client] - [cliprdr_order_recv]: msgType: CB_FORMAT_LIST [0x0002] (2), msgFlags: NONE|[0x0000] dataLen: 6
[17:59:40:066] [95171:000173f4] [DEBUG][com.freerdp.channels.cliprdr.client] - [cliprdr_process_format_list]: ServerFormatList: numFormats: 1
[17:59:40:066] [95171:000173f4] [DEBUG][com.freerdp.channels.cliprdr.client] - [cliprdr_process_format_list]: [0]: id=0x00000008 [CF_DIB|(null)]
[17:59:40:066] [95171:000173f4] [DEBUG][com.freerdp.channels.cliprdr.client] - [cliprdr_process_format_list]: ServerFormatList [filtered]: numFormats: 1
[17:59:40:066] [95171:000173f4] [DEBUG][com.freerdp.channels.cliprdr.client] - [cliprdr_process_format_list]: [0]: id=0x00000008 [CF_DIB|(null)]
[17[17:59:40:090] [95171:000173f6] [WARN][com.freerdp.channels.drdynvc.client] - [check_open_close_receive]: {Microsoft::Windows::RDS::DisplayControl:2} OnOpen=(nil), OnClose=0x7f58dd42f190
:59:40:066] [95171:000173f4] [DEBUG][com.freerdp.client.common.cliprdr.file] - [cliprdr_file_context_clear]: clear file clipboard...
[17:59:40:066] [95171:000173f4] [DEBUG][com.freerdp.client.x11.cliprdr] - [xf_cliprdr_serialize_server_format_list]: server announced 0x00000008 [CF_DIB][(null)]
[17:59:40:066] [95171:000173f4] [DEBUG][com.freerdp.channels.cliprdr.client] - [cliprdr_client_format_list_response]: ClientFormatListResponse
[17:59:40:066] [95171:000173f4] [DEBUG][com.freerdp.channels.cliprdr.client] - [cliprdr_packet_send]: Cliprdr Sending (8 bytes)
[17:59:40:066] [95171:000173f4] [DEBUG][com.freerdp.channels.cliprdr.client] - [cliprdr_order_recv]: msgType: CB_FORMAT_LIST_RESPONSE [0x0003] (3), msgFlags: CB_RESPONSE_OK|[0x0001] dataLen: 0
[17:59:40:066] [95171:000173f4] [DEBUG][com.freerdp.channels.cliprdr.client] - [cliprdr_process_format_list_response]: ServerFormatListResponse
[17:59:40:087] [95171:000173f6] [DEBUG][com.freerdp.channels.drdynvc.client] - [drdynvc_process_create_request]: channel created
[17:59:40:087] [95171:000173f6] [DEBUG][com.freerdp.channels.drdynvc.client] - [dvcman_open_channel]: open_channel: ChannelId 1
[17:59:40:087] [95171:000173f6] [DEBUG][com.freerdp.channels.drdynvc.client] - [drdynvc_process_create_request]: process_create_request: ChannelId=2 ChannelName=Microsoft::Windows::RDS::DisplayControl
[17:59:40:087] [95171:000173f6] [DEBUG][com.freerdp.channels.drdynvc.client] - [dvcman_create_channel]: listener Microsoft::Windows::RDS::DisplayControl created new channel 2
[17:59:40:087] [95171:000173f6] [DEBUG][com.freerdp.channels.drdynvc.client] - [drdynvc_process_create_request]: channel created
[17:59:40:087] [95171:000173f6] [DEBUG][com.freerdp.channels.drdynvc.client] - [dvcman_open_channel]: open_channel: ChannelId 2
[17:59:40:087] [95171:000173f6] [DEBUG][com.freerdp.channels.drdynvc.client] - [drdynvc_process_create_request]: process_create_request: ChannelId=3 ChannelName=AUDIO_PLAYBACK_DVC
[17:59:40:087] [95171:000173f6] [DEBUG][com.freerdp.channels.drdynvc.client] - [dvcman_create_channel]: listener AUDIO_PLAYBACK_DVC created new channel 3
[17:59:40:087] [95171:000173f6] [DEBUG][com.freerdp.channels.drdynvc.client] - [drdynvc_process_create_request]: channel created
[17:59:40:090] [95171:000173f6] [INFO][com.freerdp.channels.rdpsnd.client] - [rdpsnd_load_device_plugin]: [dynamic] Loaded pulse backend for rdpsnd
[17:59:40:090] [95171:000173f6] [DEBUG][com.freerdp.channels.drdynvc.client] - [dvcman_open_channel]: open_channel: ChannelId 3
[17:59:40:090] [95171:000173f5] [DEBUG][com.freerdp.channels.rdpsnd.client] - [rdpsnd_recv_server_audio_formats_pdu]: [dynamic] Server Audio Formats
[17:59:40:090] [95171:000173f5] [DEBUG][com.freerdp.channels.rdpsnd.client] - [rdpsnd_send_client_audio_formats]: [dynamic] Client Audio Formats
[17:59:40:090] [95171:000173f5] [DEBUG][com.freerdp.channels.rdpsnd.client] - [rdpsnd_send_quality_mode_pdu]: [dynamic] QualityMode: 2
[17:59:40:107] [95171:000173f5] [DEBUG][com.freerdp.channels.rdpsnd.client] - [rdpsnd_recv_volume_pdu]: [dynamic] Volume: 0xFFFFFFFF
[17:59:40:119] [95171:000173f6] [DEBUG][com.freerdp.channels.rdpgfx.client] - [rdpgfx_read_h264_metablock]: H264_METABLOCK: numRegionRects: 1
[17:59:40:119] [95171:000173f6] [DEBUG][com.freerdp.channels.rdpgfx.client] - [rdpgfx_read_h264_metablock]: regionRects[0]: left: 0 top: 0 right: 1280 bottom: 800
[17:59:40:119] [95171:000173f6] [DEBUG][com.freerdp.channels.rdpgfx.client] - [rdpgfx_read_h264_metablock]: quantQualityVals[0]: qp: 0 r: 0 p: 0 qualityVal: 100
[17:59:40:139] [95171:000173f6] [DEBUG][com.freerdp.channels.rdpgfx.client] - [rdpgfx_read_h264_metablock]: H264_METABLOCK: numRegionRects: 1
[17:59:40:139] [95171:000173f6] [DEBUG][com.freerdp.channels.rdpgfx.client] - [rdpgfx_read_h264_metablock]: regionRects[0]: left: 1216 top: 0 right: 1280 bottom: 64
[17:59:40:139] [95171:000173f6] [DEBUG][com.freerdp.channels.rdpgfx.client] - [rdpgfx_read_h264_metablock]: quantQualityVals[0]: qp: 0 r: 0 p: 0 qualityVal: 100
[17:59:40:163] [95171:000173f5] [DEBUG][com.freerdp.channels.rdpsnd.client] - [rdpsnd_recv_wave2_pdu]: [dynamic] Wave2PDU: cBlockNo: 0 wFormatNo: 1 [WAVE_FORMAT_PCM] , align=4 wTimeStamp=0xaf80, dwAudioTimeStamp=0x0000af80
[17:59:40:163] [95171:000173f5] [DEBUG][com.freerdp.channels.rdpsnd.client] - [rdpsnd_ensure_device_is_open]: [dynamic] Opening device with format WAVE_FORMAT_PCM [backend WAVE_FORMAT_PCM]
[17:59:40:180] [95171:000173f5] [DEBUG][com.freerdp.channels.rdpsnd.client] - [rdpsnd_treat_wave]: [dynamic] Wave: cBlockNo: 0 wTimeStamp: 44928, size: 11176
[17:59:40:180] [95171:000173f5] [DEBUG][com.freerdp.channels.rdpsnd.client] - [audio_format_print]: WAVE_FORMAT_PCM:	 wFormatTag: 0x0001 nChannels: 2 nSamplesPerSec: 44100 nAvgBytesPerSec: 176400 nBlockAlign: 4 wBitsPerSample: 16 cbSize: 0
[17:59:40:180] [95171:00017433] [INFO][com.freerdp.channels.rdpsnd.client] - [rdpsnd_set_volume_success_cb]: 1
[17:59:40:229] [95171:000173f5] [DEBUG][com.freerdp.channels.rdpsnd.client] - [rdpsnd_recv_wave2_pdu]: [dynamic] Wave2PDU: cBlockNo: 1 wFormatNo: 1 [WAVE_FORMAT_PCM] , align=4 wTimeStamp=0xafc2, dwAudioTimeStamp=0x0000afc2
[17:59:40:229] [95171:000173f5] [DEBUG][com.freerdp.channels.rdpsnd.client] - [rdpsnd_treat_wave]: [dynamic] Wave: cBlockNo: 1 wTimeStamp: 44994, size: 11292
[17:59:40:229] [95171:000173f5] [DEBUG][com.freerdp.channels.rdpsnd.client] - [audio_format_print]: WAVE_FORMAT_PCM:	 wFormatTag: 0x0001 nChannels: 2 nSamplesPerSec: 44100 nAvgBytesPerSec: 176400 nBlockAlign: 4 wBitsPerSample: 16 cbSize: 0
[17:59:40:295] [95171:000173f5] [DEBUG][com.freerdp.channels.rdpsnd.client] - [rdpsnd_recv_wave2_pdu]: [dynamic] Wave2PDU: cBlockNo: 2 wFormatNo: 1 [WAVE_FORMAT_PCM] , align=4 wTimeStamp=0xb004, dwAudioTimeStamp=0x0000b004
[17:59:40:295] [95171:000173f5] [DEBUG][com.freerdp.channels.rdpsnd.client] - [rdpsnd_treat_wave]: [dynamic] Wave: cBlockNo: 2 wTimeStamp: 45060, size: 12228
[17:59:40:295] [95171:000173f5] [DEBUG][com.freerdp.channels.rdpsnd.client] - [audio_format_print]: WAVE_FORMAT_PCM:	 wFormatTag: 0x0001 nChannels: 2 nSamplesPerSec: 44100 nAvgBytesPerSec: 176400 nBlockAlign: 4 wBitsPerSample: 16 cbSize: 0
[17:59:40:361] [95171:000173f5] [DEBUG][com.freerdp.channels.rdpsnd.client] - [rdpsnd_recv_wave2_pdu]: [dynamic] Wave2PDU: cBlockNo: 3 wFormatNo: 1 [WAVE_FORMAT_PCM] , align=4 wTimeStamp=0xb046, dwAudioTimeStamp=0x0000b046
[17:59:40:361] [95171:000173f5] [DEBUG][com.freerdp.channels.rdpsnd.client] - [rdpsnd_treat_wave]: [dynamic] Wave: cBlockNo: 3 wTimeStamp: 45126, size: 11292
[17:59:40:361] [95171:000173f5] [DEBUG][com.freerdp.channels.rdpsnd.client] - [audio_format_print]: WAVE_FORMAT_PCM:	 wFormatTag: 0x0001 nChannels: 2 nSamplesPerSec: 44100 nAvgBytesPerSec: 176400 nBlockAlign: 4 wBitsPerSample: 16 cbSize: 0
[17:59:40:427] [95171:000173f5] [DEBUG][com.freerdp.channels.rdpsnd.client] - [rdpsnd_recv_wave2_pdu]: [dynamic] Wave2PDU: cBlockNo: 4 wFormatNo: 1 [WAVE_FORMAT_PCM] , align=4 wTimeStamp=0xb088, dwAudioTimeStamp=0x0000b088
[17:59:40:427] [95171:000173f5] [DEBUG][com.freerdp.channels.rdpsnd.client] - [rdpsnd_treat_wave]: [dynamic] Wave: cBlockNo: 4 wTimeStamp: 45192, size: 11288
[17:59:40:428] [95171:000173f5] [DEBUG][com.freerdp.channels.rdpsnd.client] - [audio_format_print]: WAVE_FORMAT_PCM:	 wFormatTag: 0x0001 nChannels: 2 nSamplesPerSec: 44100 nAvgBytesPerSec: 176400 nBlockAlign: 4 wBitsPerSample: 16 cbSize: 0
[17:59:40:493] [95171:000173f5] [DEBUG][com.freerdp.channels.rdpsnd.client] - [rdpsnd_recv_wave2_pdu]: [dynamic] Wave2PDU: cBlockNo: 5 wFormatNo: 1 [WAVE_FORMAT_PCM] , align=4 wTimeStamp=0xb0ca, dwAudioTimeStamp=0x0000b0ca
[17:59:40:493] [95171:000173f5] [DEBUG][com.freerdp.channels.rdpsnd.client] - [rdpsnd_treat_wave]: [dynamic] Wave: cBlockNo: 5 wTimeStamp: 45258, size: 12232
[17:59:40:493] [95171:000173f5] [DEBUG][com.freerdp.channels.rdpsnd.client] - [audio_format_print]: WAVE_FORMAT_PCM:	 wFormatTag: 0x0001 nChannels: 2 nSamplesPerSec: 44100 nAvgBytesPerSec: 176400 nBlockAlign: 4 wBitsPerSample: 16 cbSize: 0
[17:59:40:559] [95171:000173f5] [DEBUG][com.freerdp.channels.rdpsnd.client] - [rdpsnd_recv_wave2_pdu]: [dynamic] Wave2PDU: cBlockNo: 6 wFormatNo: 1 [WAVE_FORMAT_PCM] , align=4 wTimeStamp=0xb10c, dwAudioTimeStamp=0x0000b10c
[17:59:40:559] [95171:000173f5] [DEBUG][com.freerdp.channels.rdpsnd.client] - [rdpsnd_treat_wave]: [dynamic] Wave: cBlockNo: 6 wTimeStamp: 45324, size: 11288
[17:59:40:559] [95171:000173f5] [DEBUG][com.freerdp.channels.rdpsnd.client] - [audio_format_print]: WAVE_FORMAT_PCM:	 wFormatTag: 0x0001 nChannels: 2 nSamplesPerSec: 44100 nAvgBytesPerSec: 176400 nBlockAlign: 4 wBitsPerSample: 16 cbSize: 0
[17:59:40:626] [95171:000173f5] [DEBUG][com.freerdp.channels.rdpsnd.client] - [rdpsnd_recv_wave2_pdu]: [dynamic] Wave2PDU: cBlockNo: 7 wFormatNo: 1 [WAVE_FORMAT_PCM] , align=4 wTimeStamp=0xb14f, dwAudioTimeStamp=0x0000b14f
[17:59:40:626] [95171:000173f5] [DEBUG][com.freerdp.channels.rdpsnd.client] - [rdpsnd_treat_wave]: [dynamic] Wave: cBlockNo: 7 wTimeStamp: 45391, size: 12232
[17:59:40:626] [95171:000173f5] [DEBUG][com.freerdp.channels.rdpsnd.client] - [audio_format_print]: WAVE_FORMAT_PCM:	 wFormatTag: 0x0001 nChannels: 2 nSamplesPerSec: 44100 nAvgBytesPerSec: 176400 nBlockAlign: 4 wBitsPerSample: 16 cbSize: 0
[17:59:45:756] [95171:000173f6] [DEBUG][com.freerdp.channels.rdpgfx.client] - [rdpgfx_read_h264_metablock]: H264_METABLOCK: numRegionRects: 260
[17:59:45:756] [95171:000173f6] [DEBUG][com.freerdp.channels.rdpgfx.client] - [rdpgfx_read_h264_metablock]: regionRects[0]: left: 0 top: 0 right: 64 bottom: 64
[17:59:45:756] [95171:000173f6] [DEBUG][com.freerdp.channels.rdpgfx.client] - [rdpgfx_read_h264_metablock]: regionRects[1]: left: 64 top: 0 right: 128 bottom: 64
[17:59:45:756] [95171:000173f6] [DEBUG][com.freerdp.channels.rdpgfx.client] - [rdpgfx_read_h264_metablock]: regionRects[2]: left: 128 top: 0 right: 192 bottom: 64
[17:59:45:756] [95171:000173f6] [DEBUG][com.freerdp.channels.rdpgfx.client] - [rdpgfx_read_h264_metablock]: regionRects[3]: left: 192 top: 0 right: 256 bottom: 64
[17:59:45:756] [95171:000173f6] [DEBUG][com.freerdp.channels.rdpgfx.client] - [rdpgfx_read_h264_metablock]: regionRects[4]: left: 256 top: 0 right: 320 bottom: 64
[17:59:45:756] [95171:000173f6] [DEBUG][com.freerdp.channels.rdpgfx.client] - [rdpgfx_read_h264_metablock]: regionRects[5]: left: 320 top: 0 right: 384 bottom: 64
[17:59:45:756] [95171:000173f6] [DEBUG][com.freerdp.channels.rdpgfx.client] - [rdpgfx_read_h264_metablock]: regionRects[6]: left: 384 top: 0 right: 448 bottom: 64
[17:59:45:756] [95171:000173f6] [DEBUG][com.freerdp.channels.rdpgfx.client] - [rdpgfx_read_h264_metablock]: regionRects[7]: left: 448 top: 0 right: 512 bottom: 64
[17:59:45:756] [95171:000173f6] [DEBUG][com.freerdp.channels.rdpgfx.client] - [rdpgfx_read_h264_metablock]: regionRects[8]: left: 512 top: 0 right: 576 bottom: 64
[17:59:45:756] [95171:000173f6] [DEBUG][com.freerdp.channels.rdpgfx.client] - [rdpgfx_read_h264_metablock]: regionRects[9]: left: 576 top: 0 right: 640 bottom: 64
[17:59:45:756] [95171:000173f6] [DEBUG][com.freerdp.channels.rdpgfx.client] - [rdpgfx_read_h264_metablock]: regionRects[10]: left: 640 top: 0 right: 704 bottom: 64
[17:59:45:756] [95171:000173f6] [DEBUG][com.freerdp.channels.rdpgfx.client] - [rdpgfx_read_h264_metablock]: regionRects[11]: left: 704 top: 0 right: 768 bottom: 64
[17:59:45:756] [95171:000173f6] [DEBUG][com.freerdp.channels.rdpgfx.client] - [rdpgfx_read_h264_metablock]: regionRects[12]: left: 768 top: 0 right: 832 bottom: 64
[17:59:45:756] [95171:000173f6] [DEBUG][com.freerdp.channels.rdpgfx.client] - [rdpgfx_read_h264_metablock]: regionRects[13]: left: 832 top: 0 right: 896 bottom: 64
[17:59:45:756] [95171:000173f6] [DEBUG][com.freerdp.channels.rdpgfx.client] - [rdpgfx_read_h264_metablock]: regionRects[14]: left: 896 top: 0 right: 960 bottom: 64
[17:59:45:756] [95171:000173f6] [DEBUG][com.freerdp.channels.rdpgfx.client] - [rdpgfx_read_h264_metablock]: regionRects[15]: left: 960 top: 0 right: 1024 bottom: 64
[17:59:45:756] [95171:000173f6] [DEBUG][com.freerdp.channels.rdpgfx.client] - [rdpgfx_read_h264_metablock]: regionRects[16]: left: 1024 top: 0 right: 1088 bottom: 64
[17:59:45:756] [95171:000173f6] [DEBUG][com.freerdp.channels.rdpgfx.client] - [rdpgfx_read_h264_metablock]: regionRects[17]: left: 1088 top: 0 right: 1152 bottom: 64
[17:59:45:756] [95171:000173f6] [DEBUG][com.freerdp.channels.rdpgfx.client] - [rdpgfx_read_h264_metablock]: regionRects[18]: left: 1152 top: 0 right: 1216 bottom: 64
[17:59:45:756] [95171:000173f6] [DEBUG][com.freerdp.channels.rdpgfx.client] - [rdpgfx_read_h264_metablock]: regionRects[19]: left: 1216 top: 0 right: 1280 bottom: 64
[17:59:45:756] [95171:000173f6] [DEBUG][com.freerdp.channels.rdpgfx.client] - [rdpgfx_read_h264_metablock]: regionRects[20]: left: 0 top: 64 right: 64 bottom: 128
[17:59:45:756] [95171:000173f6] [DEBUG][com.freerdp.channels.rdpgfx.client] - [rdpgfx_read_h264_metablock]: regionRects[21]: left: 64 top: 64 right: 128 bottom: 128
[17:59:45:756] [95171:000173f6] [DEBUG][com.freerdp.channels.rdpgfx.client] - [rdpgfx_read_h264_metablock]: regionRects[22]: left: 128 top: 64 right: 192 bottom: 128
[17:59:45:756] [95171:000173f6] [DEBUG][com.freerdp.channels.rdpgfx.client] - [rdpgfx_read_h264_metablock]: regionRects[23]: left: 192 top: 64 right: 256 bottom: 128
[17:59:45:756] [95171:000173f6] [DEBUG][com.freerdp.channels.rdpgfx.client] - [rdpgfx_read_h264_metablock]: regionRects[24]: left: 256 top: 64 right: 320 bottom: 128
[17:59:45:756] [95171:000173f6] [DEBUG][com.freerdp.channels.rdpgfx.client] - [rdpgfx_read_h264_metablock]: regionRects[25]: left: 320 top: 64 right: 384 bottom: 128
[17:59:45:756] [95171:000173f6] [DEBUG][com.freerdp.channels.rdpgfx.client] - [rdpgfx_read_h264_metablock]: regionRects[26]: left: 384 top: 64 right: 448 bottom: 128
[17:59:45:756] [95171:000173f6] [DEBUG][com.freerdp.channels.rdpgfx.client] - [rdpgfx_read_h264_metablock]: regionRects[27]: left: 448 top: 64 right: 512 bottom: 128
[17:59:45:756] [95171:000173f6] [DEBUG][com.freerdp.channels.rdpgfx.client] - [rdpgfx_read_h264_metablock]: regionRects[28]: left: 512 top: 64 right: 576 bottom: 128
[17:59:45:756] [95171:000173f6] [DEBUG][com.freerdp.channels.rdpgfx.client] - [rdpgfx_read_h264_metablock]: regionRects[29]: left: 576 top: 64 right: 640 bottom: 128
[17:59:45:756] [95171:000173f6] [DEBUG][com.freerdp.channels.rdpgfx.client] - [rdpgfx_read_h264_metablock]: regionRects[30]: left: 640 top: 64 right: 704 bottom: 128
[17:59:45:756] [95171:000173f6] [DEBUG][com.freerdp.channels.rdpgfx.client] - [rdpgfx_read_h264_metablock]: regionRects[31]: left: 704 top: 64 right: 768 bottom: 128
[17:59:45:756] [95171:000173f6] [DEBUG][com.freerdp.channels.rdpgfx.client] - [rdpgfx_read_h264_metablock]: regionRects[32]: left: 768 top: 64 right: 832 bottom: 128
[17:59:45:756] [95171:000173f6] [DEBUG][com.freerdp.channels.rdpgfx.client] - [rdpgfx_read_h264_metablock]: regionRects[33]: left: 832 top: 64 right: 896 bottom: 128
[17:59:45:756] [95171:000173f6] [DEBUG][com.freerdp.channels.rdpgfx.client] - [rdpgfx_read_h264_metablock]: regionRects[34]: left: 896 top: 64 right: 960 bottom: 128
[17:59:45:756] [95171:000173f6] [DEBUG][com.freerdp.channels.rdpgfx.client] - [rdpgfx_read_h264_metablock]: regionRects[35]: left: 960 top: 64 right: 1024 bottom: 128
[17:59:45:756] [95171:000173f6] [DEBUG][com.freerdp.channels.rdpgfx.client] - [rdpgfx_read_h264_metablock]: regionRects[36]: left: 1024 top: 64 right: 1088 bottom: 128
[17:59:45:756] [95171:000173f6] [DEBUG][com.freerdp.channels.rdpgfx.client] - [rdpgfx_read_h264_metablock]: regionRects[37]: left: 1088 top: 64 right: 1152 bottom: 128
[17:59:45:756] [95171:000173f6] [DEBUG][com.freerdp.channels.rdpgfx.client] - [rdpgfx_read_h264_metablock]: regionRects[38]: left: 1152 top: 64 right: 1216 bottom: 128
[17:59:45:756] [95171:000173f6] [DEBUG][com.freerdp.channels.rdpgfx.client] - [rdpgfx_read_h264_metablock]: regionRects[39]: left: 1216 top: 64 right: 1280 bottom: 128
[17:59:45:756] [95171:000173f6] [DEBUG][com.freerdp.channels.rdpgfx.client] - [rdpgfx_read_h264_metablock]: regionRects[40]: left: 0 top: 128 right: 64 bottom: 192
[17:59:45:756] [95171:000173f6] [DEBUG][com.freerdp.channels.rdpgfx.client] - [rdpgfx_read_h264_metablock]: regionRects[41]: left: 64 top: 128 right: 128 bottom: 192
[17:59:45:756] [95171:000173f6] [DEBUG][com.freerdp.channels.rdpgfx.client] - [rdpgfx_read_h264_metablock]: regionRects[42]: left: 128 top: 128 right: 192 bottom: 192
[17:59:45:756] [95171:000173f6] [DEBUG][com.freerdp.channels.rdpgfx.client] - [rdpgfx_read_h264_metablock]: regionRects[43]: left: 192 top: 128 right: 256 bottom: 192
[17:59:45:756] [95171:000173f6] [DEBUG][com.freerdp.channels.rdpgfx.client] - [rdpgfx_read_h264_metablock]: regionRects[44]: left: 256 top: 128 right: 320 bottom: 192
[17:59:45:756] [95171:000173f6] [DEBUG][com.freerdp.channels.rdpgfx.client] - [rdpgfx_read_h264_metablock]: regionRects[45]: left: 320 top: 128 right: 384 bottom: 192
[17:59:45:756] [95171:000173f6] [DEBUG][com.freerdp.channels.rdpgfx.client] - [rdpgfx_read_h264_metablock]: regionRects[46]: left: 384 top: 128 right: 448 bottom: 192
[17:59:45:756] [95171:000173f6] [DEBUG][com.freerdp.channels.rdpgfx.client] - [rdpgfx_read_h264_metablock]: regionRects[47]: left: 448 top: 128 right: 512 bottom: 192
[17:59:45:756] [95171:000173f6] [DEBUG][com.freerdp.channels.rdpgfx.client] - [rdpgfx_read_h264_metablock]: regionRects[48]: left: 512 top: 128 right: 576 bottom: 192
[17:59:45:756] [95171:000173f6] [DEBUG][com.freerdp.channels.rdpgfx.client] - [rdpgfx_read_h264_metablock]: regionRects[49]: left: 576 top: 128 right: 640 bottom: 192
[17:59:45:756] [95171:000173f6] [DEBUG][com.freerdp.channels.rdpgfx.client] - [rdpgfx_read_h264_metablock]: regionRects[50]: left: 640 top: 128 right: 704 bottom: 192
[17:59:45:756] [95171:000173f6] [DEBUG][com.freerdp.channels.rdpgfx.client] - [rdpgfx_read_h264_metablock]: regionRects[51]: left: 704 top: 128 right: 768 bottom: 192
[17:59:45:756] [95171:000173f6] [DEBUG][com.freerdp.channels.rdpgfx.client] - [rdpgfx_read_h264_metablock]: regionRects[52]: left: 768 top: 128 right: 832 bottom: 192
[17:59:45:756] [95171:000173f6] [DEBUG][com.freerdp.channels.rdpgfx.client] - [rdpgfx_read_h264_metablock]: regionRects[53]: left: 832 top: 128 right: 896 bottom: 192
[17:59:45:756] [95171:000173f6] [DEBUG][com.freerdp.channels.rdpgfx.client] - [rdpgfx_read_h264_metablock]: regionRects[54]: left: 896 top: 128 right: 960 bottom: 192
[17:59:45:756] [95171:000173f6] [DEBUG][com.freerdp.channels.rdpgfx.client] - [rdpgfx_read_h264_metablock]: regionRects[55]: left: 960 top: 128 right: 1024 bottom: 192
[17:59:45:756] [95171:000173f6] [DEBUG][com.freerdp.channels.rdpgfx.client] - [rdpgfx_read_h264_metablock]: regionRects[56]: left: 1024 top: 128 right: 1088 bottom: 192
[17:59:45:756] [95171:000173f6] [DEBUG][com.freerdp.channels.rdpgfx.client] - [rdpgfx_read_h264_metablock]: regionRects[57]: left: 1088 top: 128 right: 1152 bottom: 192
[17:59:45:756] [95171:000173f6] [DEBUG][com.freerdp.channels.rdpgfx.client] - [rdpgfx_read_h264_metablock]: regionRects[58]: left: 1152 top: 128 right: 1216 bottom: 192
[17:59:45:756] [95171:000173f6] [DEBUG][com.freerdp.channels.rdpgfx.client] - [rdpgfx_read_h264_metablock]: regionRects[59]: left: 1216 top: 128 right: 1280 bottom: 192
[17:59:45:756] [95171:000173f6] [DEBUG][com.freerdp.channels.rdpgfx.client] - [rdpgfx_read_h264_metablock]: regionRects[60]: left: 0 top: 192 right: 64 bottom: 256
[17:59:45:756] [95171:000173f6] [DEBUG][com.freerdp.channels.rdpgfx.client] - [rdpgfx_read_h264_metablock]: regionRects[61]: left: 64 top: 192 right: 128 bottom: 256
[17:59:45:756] [95171:000173f6] [DEBUG][com.freerdp.channels.rdpgfx.client] - [rdpgfx_read_h264_metablock]: regionRects[62]: left: 128 top: 192 right: 192 bottom: 256
[17:59:45:756] [95171:000173f6] [DEBUG][com.freerdp.channels.rdpgfx.client] - [rdpgfx_read_h264_metablock]: regionRects[63]: left: 192 top: 192 right: 256 bottom: 256
[17:59:45:756] [95171:000173f6] [DEBUG][com.freerdp.channels.rdpgfx.client] - [rdpgfx_read_h264_metablock]: regionRects[64]: left: 256 top: 192 right: 320 bottom: 256
[17:59:45:756] [95171:000173f6] [DEBUG][com.freerdp.channels.rdpgfx.client] - [rdpgfx_read_h264_metablock]: regionRects[65]: left: 320 top: 192 right: 384 bottom: 256
[17:59:45:756] [95171:000173f6] [DEBUG][com.freerdp.channels.rdpgfx.client] - [rdpgfx_read_h264_metablock]: regionRects[66]: left: 384 top: 192 right: 448 bottom: 256
[17:59:45:756] [95171:000173f6] [DEBUG][com.freerdp.channels.rdpgfx.client] - [rdpgfx_read_h264_metablock]: regionRects[67]: left: 448 top: 192 right: 512 bottom: 256
[17:59:45:756] [95171:000173f6] [DEBUG][com.freerdp.channels.rdpgfx.client] - [rdpgfx_read_h264_metablock]: regionRects[68]: left: 512 top: 192 right: 576 bottom: 256
[17:59:45:756] [95171:000173f6] [DEBUG][com.freerdp.channels.rdpgfx.client] - [rdpgfx_read_h264_metablock]: regionRects[69]: left: 576 top: 192 right: 640 bottom: 256
[17:59:45:756] [95171:000173f6] [DEBUG][com.freerdp.channels.rdpgfx.client] - [rdpgfx_read_h264_metablock]: regionRects[70]: left: 640 top: 192 right: 704 bottom: 256
[17:59:45:756] [95171:000173f6] [DEBUG][com.freerdp.channels.rdpgfx.client] - [rdpgfx_read_h264_metablock]: regionRects[71]: left: 704 top: 192 right: 768 bottom: 256
[17:59:45:756] [95171:000173f6] [DEBUG][com.freerdp.channels.rdpgfx.client] - [rdpgfx_read_h264_metablock]: regionRects[72]: left: 768 top: 192 right: 832 bottom: 256
[17:59:45:756] [95171:000173f6] [DEBUG][com.freerdp.channels.rdpgfx.client] - [rdpgfx_read_h264_metablock]: regionRects[73]: left: 832 top: 192 right: 896 bottom: 256
[17:59:45:756] [95171:000173f6] [DEBUG][com.freerdp.channels.rdpgfx.client] - [rdpgfx_read_h264_metablock]: regionRects[74]: left: 896 top: 192 right: 960 bottom: 256
[17:59:45:756] [95171:000173f6] [DEBUG][com.freerdp.channels.rdpgfx.client] - [rdpgfx_read_h264_metablock]: regionRects[75]: left: 960 top: 192 right: 1024 bottom: 256
[17:59:45:756] [95171:000173f6] [DEBUG][com.freerdp.channels.rdpgfx.client] - [rdpgfx_read_h264_metablock]: regionRects[76]: left: 1024 top: 192 right: 1088 bottom: 256
[17:59:45:756] [95171:000173f6] [DEBUG][com.freerdp.channels.rdpgfx.client] - [rdpgfx_read_h264_metablock]: regionRects[77]: left: 1088 top: 192 right: 1152 bottom: 256
[17:59:45:756] [95171:000173f6] [DEBUG][com.freerdp.channels.rdpgfx.client] - [rdpgfx_read_h264_metablock]: regionRects[78]: left: 1152 top: 192 right: 1216 bottom: 256
[17:59:45:756] [95171:000173f6] [DEBUG][com.freerdp.channels.rdpgfx.client] - [rdpgfx_read_h264_metablock]: regionRects[79]: left: 1216 top: 192 right: 1280 bottom: 256
[17:59:45:756] [95171:000173f6] [DEBUG][com.freerdp.channels.rdpgfx.client] - [rdpgfx_read_h264_metablock]: regionRects[80]: left: 0 top: 256 right: 64 bottom: 320
[17:59:45:756] [95171:000173f6] [DEBUG][com.freerdp.channels.rdpgfx.client] - [rdpgfx_read_h264_metablock]: regionRects[81]: left: 64 top: 256 right: 128 bottom: 320
[17:59:45:756] [95171:000173f6] [DEBUG][com.freerdp.channels.rdpgfx.client] - [rdpgfx_read_h264_metablock]: regionRects[82]: left: 128 top: 256 right: 192 bottom: 320
[17:59:45:756] [95171:000173f6] [DEBUG][com.freerdp.channels.rdpgfx.client] - [rdpgfx_read_h264_metablock]: regionRects[83]: left: 192 top: 256 right: 256 bottom: 320
[17:59:45:756] [95171:000173f6] [DEBUG][com.freerdp.channels.rdpgfx.client] - [rdpgfx_read_h264_metablock]: regionRects[84]: left: 256 top: 256 right: 320 bottom: 320
[17:59:45:756] [95171:000173f6] [DEBUG][com.freerdp.channels.rdpgfx.client] - [rdpgfx_read_h264_metablock]: regionRects[85]: left: 320 top: 256 right: 384 bottom: 320
[17:59:45:756] [95171:000173f6] [DEBUG][com.freerdp.channels.rdpgfx.client] - [rdpgfx_read_h264_metablock]: regionRects[86]: left: 384 top: 256 right: 448 bottom: 320
[17:59:45:756] [95171:000173f6] [DEBUG][com.freerdp.channels.rdpgfx.client] - [rdpgfx_read_h264_metablock]: regionRects[87]: left: 448 top: 256 right: 512 bottom: 320
[17:59:45:756] [95171:000173f6] [DEBUG][com.freerdp.channels.rdpgfx.client] - [rdpgfx_read_h264_metablock]: regionRects[88]: left: 512 top: 256 right: 576 bottom: 320
[17:59:45:756] [95171:000173f6] [DEBUG][com.freerdp.channels.rdpgfx.client] - [rdpgfx_read_h264_metablock]: regionRects[89]: left: 576 top: 256 right: 640 bottom: 320
[17:59:45:756] [95171:000173f6] [DEBUG][com.freerdp.channels.rdpgfx.client] - [rdpgfx_read_h264_metablock]: regionRects[90]: left: 640 top: 256 right: 704 bottom: 320
[17:59:45:756] [95171:000173f6] [DEBUG][com.freerdp.channels.rdpgfx.client] - [rdpgfx_read_h264_metablock]: regionRects[91]: left: 704 top: 256 right: 768 bottom: 320
[17:59:45:756] [95171:000173f6] [DEBUG][com.freerdp.channels.rdpgfx.client] - [rdpgfx_read_h264_metablock]: regionRects[92]: left: 768 top: 256 right: 832 bottom: 320
[17:59:45:756] [95171:000173f6] [DEBUG][com.freerdp.channels.rdpgfx.client] - [rdpgfx_read_h264_metablock]: regionRects[93]: left: 832 top: 256 right: 896 bottom: 320
[17:59:45:756] [95171:000173f6] [DEBUG][com.freerdp.channels.rdpgfx.client] - [rdpgfx_read_h264_metablock]: regionRects[94]: left: 896 top: 256 right: 960 bottom: 320
[17:59:45:756] [95171:000173f6] [DEBUG][com.freerdp.channels.rdpgfx.client] - [rdpgfx_read_h264_metablock]: regionRects[95]: left: 960 top: 256 right: 1024 bottom: 320
[17:59:45:756] [95171:000173f6] [DEBUG][com.freerdp.channels.rdpgfx.client] - [rdpgfx_read_h264_metablock]: regionRects[96]: left: 1024 top: 256 right: 1088 bottom: 320
[17:59:45:756] [95171:000173f6] [DEBUG][com.freerdp.channels.rdpgfx.client] - [rdpgfx_read_h264_metablock]: regionRects[97]: left: 1088 top: 256 right: 1152 bottom: 320
[17:59:45:756] [95171:000173f6] [DEBUG][com.freerdp.channels.rdpgfx.client] - [rdpgfx_read_h264_metablock]: regionRects[98]: left: 1152 top: 256 right: 1216 bottom: 320
[17:59:45:756] [95171:000173f6] [DEBUG][com.freerdp.channels.rdpgfx.client] - [rdpgfx_read_h264_metablock]: regionRects[99]: left: 1216 top: 256 right: 1280 bottom: 320
[17:59:45:756] [95171:000173f6] [DEBUG][com.freerdp.channels.rdpgfx.client] - [rdpgfx_read_h264_metablock]: regionRects[100]: left: 0 top: 320 right: 64 bottom: 384
[17:59:45:756] [95171:000173f6] [DEBUG][com.freerdp.channels.rdpgfx.client] - [rdpgfx_read_h264_metablock]: regionRects[101]: left: 64 top: 320 right: 128 bottom: 384
[17:59:45:756] [95171:000173f6] [DEBUG][com.freerdp.channels.rdpgfx.client] - [rdpgfx_read_h264_metablock]: regionRects[102]: left: 128 top: 320 right: 192 bottom: 384
[17:59:45:756] [95171:000173f6] [DEBUG][com.freerdp.channels.rdpgfx.client] - [rdpgfx_read_h264_metablock]: regionRects[103]: left: 192 top: 320 right: 256 bottom: 384
[17:59:45:756] [95171:000173f6] [DEBUG][com.freerdp.channels.rdpgfx.client] - [rdpgfx_read_h264_metablock]: regionRects[104]: left: 256 top: 320 right: 320 bottom: 384
[17:59:45:756] [95171:000173f6] [DEBUG][com.freerdp.channels.rdpgfx.client] - [rdpgfx_read_h264_metablock]: regionRects[105]: left: 320 top: 320 right: 384 bottom: 384
[17:59:45:756] [95171:000173f6] [DEBUG][com.freerdp.channels.rdpgfx.client] - [rdpgfx_read_h264_metablock]: regionRects[106]: left: 384 top: 320 right: 448 bottom: 384
[17:59:45:756] [95171:000173f6] [DEBUG][com.freerdp.channels.rdpgfx.client] - [rdpgfx_read_h264_metablock]: regionRects[107]: left: 448 top: 320 right: 512 bottom: 384
[17:59:45:756] [95171:000173f6] [DEBUG][com.freerdp.channels.rdpgfx.client] - [rdpgfx_read_h264_metablock]: regionRects[108]: left: 512 top: 320 right: 576 bottom: 384
[17:59:45:756] [95171:000173f6] [DEBUG][com.freerdp.channels.rdpgfx.client] - [rdpgfx_read_h264_metablock]: regionRects[109]: left: 576 top: 320 right: 640 bottom: 384
[17:59:45:756] [95171:000173f6] [DEBUG][com.freerdp.channels.rdpgfx.client] - [rdpgfx_read_h264_metablock]: regionRects[110]: left: 640 top: 320 right: 704 bottom: 384
[17:59:45:756] [95171:000173f6] [DEBUG][com.freerdp.channels.rdpgfx.client] - [rdpgfx_read_h264_metablock]: regionRects[111]: left: 704 top: 320 right: 768 bottom: 384
[17:59:45:756] [95171:000173f6] [DEBUG][com.freerdp.channels.rdpgfx.client] - [rdpgfx_read_h264_metablock]: regionRects[112]: left: 768 top: 320 right: 832 bottom: 384
[17:59:45:756] [95171:000173f6] [DEBUG][com.freerdp.channels.rdpgfx.client] - [rdpgfx_read_h264_metablock]: regionRects[113]: left: 832 top: 320 right: 896 bottom: 384
[17:59:45:756] [95171:000173f6] [DEBUG][com.freerdp.channels.rdpgfx.client] - [rdpgfx_read_h264_metablock]: regionRects[114]: left: 896 top: 320 right: 960 bottom: 384
[17:59:45:756] [95171:000173f6] [DEBUG][com.freerdp.channels.rdpgfx.client] - [rdpgfx_read_h264_metablock]: regionRects[115]: left: 960 top: 320 right: 1024 bottom: 384
[17:59:45:756] [95171:000173f6] [DEBUG][com.freerdp.channels.rdpgfx.client] - [rdpgfx_read_h264_metablock]: regionRects[116]: left: 1024 top: 320 right: 1088 bottom: 384
[17:59:45:756] [95171:000173f6] [DEBUG][com.freerdp.channels.rdpgfx.client] - [rdpgfx_read_h264_metablock]: regionRects[117]: left: 1088 top: 320 right: 1152 bottom: 384
[17:59:45:756] [95171:000173f6] [DEBUG][com.freerdp.channels.rdpgfx.client] - [rdpgfx_read_h264_metablock]: regionRects[118]: left: 1152 top: 320 right: 1216 bottom: 384
[17:59:45:756] [95171:000173f6] [DEBUG][com.freerdp.channels.rdpgfx.client] - [rdpgfx_read_h264_metablock]: regionRects[119]: left: 1216 top: 320 right: 1280 bottom: 384
[17:59:45:756] [95171:000173f6] [DEBUG][com.freerdp.channels.rdpgfx.client] - [rdpgfx_read_h264_metablock]: regionRects[120]: left: 0 top: 384 right: 64 bottom: 448
[17:59:45:756] [95171:000173f6] [DEBUG][com.freerdp.channels.rdpgfx.client] - [rdpgfx_read_h264_metablock]: regionRects[121]: left: 64 top: 384 right: 128 bottom: 448
[17:59:45:756] [95171:000173f6] [DEBUG][com.freerdp.channels.rdpgfx.client] - [rdpgfx_read_h264_metablock]: regionRects[122]: left: 128 top: 384 right: 192 bottom: 448
[17:59:45:756] [95171:000173f6] [DEBUG][com.freerdp.channels.rdpgfx.client] - [rdpgfx_read_h264_metablock]: regionRects[123]: left: 192 top: 384 right: 256 bottom: 448
[17:59:45:756] [95171:000173f6] [DEBUG][com.freerdp.channels.rdpgfx.client] - [rdpgfx_read_h264_metablock]: regionRects[124]: left: 256 top: 384 right: 320 bottom: 448
[17:59:45:756] [95171:000173f6] [DEBUG][com.freerdp.channels.rdpgfx.client] - [rdpgfx_read_h264_metablock]: regionRects[125]: left: 320 top: 384 right: 384 bottom: 448
[17:59:45:756] [95171:000173f6] [DEBUG][com.freerdp.channels.rdpgfx.client] - [rdpgfx_read_h264_metablock]: regionRects[126]: left: 384 top: 384 right: 448 bottom: 448
[17:59:45:756] [95171:000173f6] [DEBUG][com.freerdp.channels.rdpgfx.client] - [rdpgfx_read_h264_metablock]: regionRects[127]: left: 448 top: 384 right: 512 bottom: 448
[17:59:45:756] [95171:000173f6] [DEBUG][com.freerdp.channels.rdpgfx.client] - [rdpgfx_read_h264_metablock]: regionRects[128]: left: 512 top: 384 right: 576 bottom: 448
[17:59:45:756] [95171:000173f6] [DEBUG][com.freerdp.channels.rdpgfx.client] - [rdpgfx_read_h264_metablock]: regionRects[129]: left: 576 top: 384 right: 640 bottom: 448
[17:59:45:756] [95171:000173f6] [DEBUG][com.freerdp.channels.rdpgfx.client] - [rdpgfx_read_h264_metablock]: regionRects[130]: left: 640 top: 384 right: 704 bottom: 448
[17:59:45:756] [95171:000173f6] [DEBUG][com.freerdp.channels.rdpgfx.client] - [rdpgfx_read_h264_metablock]: regionRects[131]: left: 704 top: 384 right: 768 bottom: 448
[17:59:45:756] [95171:000173f6] [DEBUG][com.freerdp.channels.rdpgfx.client] - [rdpgfx_read_h264_metablock]: regionRects[132]: left: 768 top: 384 right: 832 bottom: 448
[17:59:45:756] [95171:000173f6] [DEBUG][com.freerdp.channels.rdpgfx.client] - [rdpgfx_read_h264_metablock]: regionRects[133]: left: 832 top: 384 right: 896 bottom: 448
[17:59:45:756] [95171:000173f6] [DEBUG][com.freerdp.channels.rdpgfx.client] - [rdpgfx_read_h264_metablock]: regionRects[134]: left: 896 top: 384 right: 960 bottom: 448
[17:59:45:756] [95171:000173f6] [DEBUG][com.freerdp.channels.rdpgfx.client] - [rdpgfx_read_h264_metablock]: regionRects[135]: left: 960 top: 384 right: 1024 bottom: 448
[17:59:45:756] [95171:000173f6] [DEBUG][com.freerdp.channels.rdpgfx.client] - [rdpgfx_read_h264_metablock]: regionRects[136]: left: 1024 top: 384 right: 1088 bottom: 448
[17:59:45:756] [95171:000173f6] [DEBUG][com.freerdp.channels.rdpgfx.client] - [rdpgfx_read_h264_metablock]: regionRects[137]: left: 1088 top: 384 right: 1152 bottom: 448
[17:59:45:756] [95171:000173f6] [DEBUG][com.freerdp.channels.rdpgfx.client] - [rdpgfx_read_h264_metablock]: regionRects[138]: left: 1152 top: 384 right: 1216 bottom: 448
[17:59:45:756] [95171:000173f6] [DEBUG][com.freerdp.channels.rdpgfx.client] - [rdpgfx_read_h264_metablock]: regionRects[139]: left: 1216 top: 384 right: 1280 bottom: 448
[17:59:45:756] [95171:000173f6] [DEBUG][com.freerdp.channels.rdpgfx.client] - [rdpgfx_read_h264_metablock]: regionRects[140]: left: 0 top: 448 right: 64 bottom: 512
[17:59:45:756] [95171:000173f6] [DEBUG][com.freerdp.channels.rdpgfx.client] - [rdpgfx_read_h264_metablock]: regionRects[141]: left: 64 top: 448 right: 128 bottom: 512
[17:59:45:756] [95171:000173f6] [DEBUG][com.freerdp.channels.rdpgfx.client] - [rdpgfx_read_h264_metablock]: regionRects[142]: left: 128 top: 448 right: 192 bottom: 512
[17:59:45:756] [95171:000173f6] [DEBUG][com.freerdp.channels.rdpgfx.client] - [rdpgfx_read_h264_metablock]: regionRects[143]: left: 192 top: 448 right: 256 bottom: 512
[17:59:45:756] [95171:000173f6] [DEBUG][com.freerdp.channels.rdpgfx.client] - [rdpgfx_read_h264_metablock]: regionRects[144]: left: 256 top: 448 right: 320 bottom: 512
[17:59:45:756] [95171:000173f6] [DEBUG][com.freerdp.channels.rdpgfx.client] - [rdpgfx_read_h264_metablock]: regionRects[145]: left: 320 top: 448 right: 384 bottom: 512
[17:59:45:756] [95171:000173f6] [DEBUG][com.freerdp.channels.rdpgfx.client] - [rdpgfx_read_h264_metablock]: regionRects[146]: left: 384 top: 448 right: 448 bottom: 512
[17:59:45:756] [95171:000173f6] [DEBUG][com.freerdp.channels.rdpgfx.client] - [rdpgfx_read_h264_metablock]: regionRects[147]: left: 448 top: 448 right: 512 bottom: 512
[17:59:45:756] [95171:000173f6] [DEBUG][com.freerdp.channels.rdpgfx.client] - [rdpgfx_read_h264_metablock]: regionRects[148]: left: 512 top: 448 right: 576 bottom: 512
[17:59:45:756] [95171:000173f6] [DEBUG][com.freerdp.channels.rdpgfx.client] - [rdpgfx_read_h264_metablock]: regionRects[149]: left: 576 top: 448 right: 640 bottom: 512
[17:59:45:756] [95171:000173f6] [DEBUG][com.freerdp.channels.rdpgfx.client] - [rdpgfx_read_h264_metablock]: regionRects[150]: left: 640 top: 448 right: 704 bottom: 512
[17:59:45:756] [95171:000173f6] [DEBUG][com.freerdp.channels.rdpgfx.client] - [rdpgfx_read_h264_metablock]: regionRects[151]: left: 704 top: 448 right: 768 bottom: 512
[17:59:45:756] [95171:000173f6] [DEBUG][com.freerdp.channels.rdpgfx.client] - [rdpgfx_read_h264_metablock]: regionRects[152]: left: 768 top: 448 right: 832 bottom: 512
[17:59:45:756] [95171:000173f6] [DEBUG][com.freerdp.channels.rdpgfx.client] - [rdpgfx_read_h264_metablock]: regionRects[153]: left: 832 top: 448 right: 896 bottom: 512
[17:59:45:756] [95171:000173f6] [DEBUG][com.freerdp.channels.rdpgfx.client] - [rdpgfx_read_h264_metablock]: regionRects[154]: left: 896 top: 448 right: 960 bottom: 512
[17:59:45:756] [95171:000173f6] [DEBUG][com.freerdp.channels.rdpgfx.client] - [rdpgfx_read_h264_metablock]: regionRects[155]: left: 960 top: 448 right: 1024 bottom: 512
[17:59:45:756] [95171:000173f6] [DEBUG][com.freerdp.channels.rdpgfx.client] - [rdpgfx_read_h264_metablock]: regionRects[156]: left: 1024 top: 448 right: 1088 bottom: 512
[17:59:45:756] [95171:000173f6] [DEBUG][com.freerdp.channels.rdpgfx.client] - [rdpgfx_read_h264_metablock]: regionRects[157]: left: 1088 top: 448 right: 1152 bottom: 512
[17:59:45:756] [95171:000173f6] [DEBUG][com.freerdp.channels.rdpgfx.client] - [rdpgfx_read_h264_metablock]: regionRects[158]: left: 1152 top: 448 right: 1216 bottom: 512
[17:59:45:756] [95171:000173f6] [DEBUG][com.freerdp.channels.rdpgfx.client] - [rdpgfx_read_h264_metablock]: regionRects[159]: left: 1216 top: 448 right: 1280 bottom: 512
[17:59:45:756] [95171:000173f6] [DEBUG][com.freerdp.channels.rdpgfx.client] - [rdpgfx_read_h264_metablock]: regionRects[160]: left: 0 top: 512 right: 64 bottom: 576
[17:59:45:756] [95171:000173f6] [DEBUG][com.freerdp.channels.rdpgfx.client] - [rdpgfx_read_h264_metablock]: regionRects[161]: left: 64 top: 512 right: 128 bottom: 576
[17:59:45:756] [95171:000173f6] [DEBUG][com.freerdp.channels.rdpgfx.client] - [rdpgfx_read_h264_metablock]: regionRects[162]: left: 128 top: 512 right: 192 bottom: 576
[17:59:45:756] [95171:000173f6] [DEBUG][com.freerdp.channels.rdpgfx.client] - [rdpgfx_read_h264_metablock]: regionRects[163]: left: 192 top: 512 right: 256 bottom: 576
[17:59:45:756] [95171:000173f6] [DEBUG][com.freerdp.channels.rdpgfx.client] - [rdpgfx_read_h264_metablock]: regionRects[164]: left: 256 top: 512 right: 320 bottom: 576
[17:59:45:756] [95171:000173f6] [DEBUG][com.freerdp.channels.rdpgfx.client] - [rdpgfx_read_h264_metablock]: regionRects[165]: left: 320 top: 512 right: 384 bottom: 576
[17:59:45:756] [95171:000173f6] [DEBUG][com.freerdp.channels.rdpgfx.client] - [rdpgfx_read_h264_metablock]: regionRects[166]: left: 384 top: 512 right: 448 bottom: 576
[17:59:45:756] [95171:000173f6] [DEBUG][com.freerdp.channels.rdpgfx.client] - [rdpgfx_read_h264_metablock]: regionRects[167]: left: 448 top: 512 right: 512 bottom: 576
[17:59:45:756] [95171:000173f6] [DEBUG][com.freerdp.channels.rdpgfx.client] - [rdpgfx_read_h264_metablock]: regionRects[168]: left: 512 top: 512 right: 576 bottom: 576
[17:59:45:756] [95171:000173f6] [DEBUG][com.freerdp.channels.rdpgfx.client] - [rdpgfx_read_h264_metablock]: regionRects[169]: left: 576 top: 512 right: 640 bottom: 576
[17:59:45:756] [95171:000173f6] [DEBUG][com.freerdp.channels.rdpgfx.client] - [rdpgfx_read_h264_metablock]: regionRects[170]: left: 640 top: 512 right: 704 bottom: 576
[17:59:45:756] [95171:000173f6] [DEBUG][com.freerdp.channels.rdpgfx.client] - [rdpgfx_read_h264_metablock]: regionRects[171]: left: 704 top: 512 right: 768 bottom: 576
[17:59:45:756] [95171:000173f6] [DEBUG][com.freerdp.channels.rdpgfx.client] - [rdpgfx_read_h264_metablock]: regionRects[172]: left: 768 top: 512 right: 832 bottom: 576
[17:59:45:756] [95171:000173f6] [DEBUG][com.freerdp.channels.rdpgfx.client] - [rdpgfx_read_h264_metablock]: regionRects[173]: left: 832 top: 512 right: 896 bottom: 576
[17:59:45:756] [95171:000173f6] [DEBUG][com.freerdp.channels.rdpgfx.client] - [rdpgfx_read_h264_metablock]: regionRects[174]: left: 896 top: 512 right: 960 bottom: 576
[17:59:45:756] [95171:000173f6] [DEBUG][com.freerdp.channels.rdpgfx.client] - [rdpgfx_read_h264_metablock]: regionRects[175]: left: 960 top: 512 right: 1024 bottom: 576
[17:59:45:756] [95171:000173f6] [DEBUG][com.freerdp.channels.rdpgfx.client] - [rdpgfx_read_h264_metablock]: regionRects[176]: left: 1024 top: 512 right: 1088 bottom: 576
[17:59:45:756] [95171:000173f6] [DEBUG][com.freerdp.channels.rdpgfx.client] - [rdpgfx_read_h264_metablock]: regionRects[177]: left: 1088 top: 512 right: 1152 bottom: 576
[17:59:45:756] [95171:000173f6] [DEBUG][com.freerdp.channels.rdpgfx.client] - [rdpgfx_read_h264_metablock]: regionRects[178]: left: 1152 top: 512 right: 1216 bottom: 576
[17:59:45:756] [95171:000173f6] [DEBUG][com.freerdp.channels.rdpgfx.client] - [rdpgfx_read_h264_metablock]: regionRects[179]: left: 1216 top: 512 right: 1280 bottom: 576
[17:59:45:756] [95171:000173f6] [DEBUG][com.freerdp.channels.rdpgfx.client] - [rdpgfx_read_h264_metablock]: regionRects[180]: left: 0 top: 576 right: 64 bottom: 640
[17:59:45:756] [95171:000173f6] [DEBUG][com.freerdp.channels.rdpgfx.client] - [rdpgfx_read_h264_metablock]: regionRects[181]: left: 64 top: 576 right: 128 bottom: 640
[17:59:45:756] [95171:000173f6] [DEBUG][com.freerdp.channels.rdpgfx.client] - [rdpgfx_read_h264_metablock]: regionRects[182]: left: 128 top: 576 right: 192 bottom: 640
[17:59:45:756] [95171:000173f6] [DEBUG][com.freerdp.channels.rdpgfx.client] - [rdpgfx_read_h264_metablock]: regionRects[183]: left: 192 top: 576 right: 256 bottom: 640
[17:59:45:756] [95171:000173f6] [DEBUG][com.freerdp.channels.rdpgfx.client] - [rdpgfx_read_h264_metablock]: regionRects[184]: left: 256 top: 576 right: 320 bottom: 640
[17:59:45:756] [95171:000173f6] [DEBUG][com.freerdp.channels.rdpgfx.client] - [rdpgfx_read_h264_metablock]: regionRects[185]: left: 320 top: 576 right: 384 bottom: 640
[17:59:45:756] [95171:000173f6] [DEBUG][com.freerdp.channels.rdpgfx.client] - [rdpgfx_read_h264_metablock]: regionRects[186]: left: 384 top: 576 right: 448 bottom: 640
[17:59:45:756] [95171:000173f6] [DEBUG][com.freerdp.channels.rdpgfx.client] - [rdpgfx_read_h264_metablock]: regionRects[187]: left: 448 top: 576 right: 512 bottom: 640
[17:59:45:756] [95171:000173f6] [DEBUG][com.freerdp.channels.rdpgfx.client] - [rdpgfx_read_h264_metablock]: regionRects[188]: left: 512 top: 576 right: 576 bottom: 640
[17:59:45:756] [95171:000173f6] [DEBUG][com.freerdp.channels.rdpgfx.client] - [rdpgfx_read_h264_metablock]: regionRects[189]: left: 576 top: 576 right: 640 bottom: 640
[17:59:45:756] [95171:000173f6] [DEBUG][com.freerdp.channels.rdpgfx.client] - [rdpgfx_read_h264_metablock]: regionRects[190]: left: 640 top: 576 right: 704 bottom: 640
[17:59:45:756] [95171:000173f6] [DEBUG][com.freerdp.channels.rdpgfx.client] - [rdpgfx_read_h264_metablock]: regionRects[191]: left: 704 top: 576 right: 768 bottom: 640
[17:59:45:756] [95171:000173f6] [DEBUG][com.freerdp.channels.rdpgfx.client] - [rdpgfx_read_h264_metablock]: regionRects[192]: left: 768 top: 576 right: 832 bottom: 640
[17:59:45:756] [95171:000173f6] [DEBUG][com.freerdp.channels.rdpgfx.client] - [rdpgfx_read_h264_metablock]: regionRects[193]: left: 832 top: 576 right: 896 bottom: 640
[17:59:45:756] [95171:000173f6] [DEBUG][com.freerdp.channels.rdpgfx.client] - [rdpgfx_read_h264_metablock]: regionRects[194]: left: 896 top: 576 right: 960 bottom: 640
[17:59:45:756] [95171:000173f6] [DEBUG][com.freerdp.channels.rdpgfx.client] - [rdpgfx_read_h264_metablock]: regionRects[195]: left: 960 top: 576 right: 1024 bottom: 640
[17:59:45:756] [95171:000173f6] [DEBUG][com.freerdp.channels.rdpgfx.client] - [rdpgfx_read_h264_metablock]: regionRects[196]: left: 1024 top: 576 right: 1088 bottom: 640
[17:59:45:756] [95171:000173f6] [DEBUG][com.freerdp.channels.rdpgfx.client] - [rdpgfx_read_h264_metablock]: regionRects[197]: left: 1088 top: 576 right: 1152 bottom: 640
[17:59:45:756] [95171:000173f6] [DEBUG][com.freerdp.channels.rdpgfx.client] - [rdpgfx_read_h264_metablock]: regionRects[198]: left: 1152 top: 576 right: 1216 bottom: 640
[17:59:45:756] [95171:000173f6] [DEBUG][com.freerdp.channels.rdpgfx.client] - [rdpgfx_read_h264_metablock]: regionRects[199]: left: 1216 top: 576 right: 1280 bottom: 640
[17:59:45:756] [95171:000173f6] [DEBUG][com.freerdp.channels.rdpgfx.client] - [rdpgfx_read_h264_metablock]: regionRects[200]: left: 0 top: 640 right: 64 bottom: 704
[17:59:45:756] [95171:000173f6] [DEBUG][com.freerdp.channels.rdpgfx.client] - [rdpgfx_read_h264_metablock]: regionRects[201]: left: 64 top: 640 right: 128 bottom: 704
[17:59:45:756] [95171:000173f6] [DEBUG][com.freerdp.channels.rdpgfx.client] - [rdpgfx_read_h264_metablock]: regionRects[202]: left: 128 top: 640 right: 192 bottom: 704
[17:59:45:756] [95171:000173f6] [DEBUG][com.freerdp.channels.rdpgfx.client] - [rdpgfx_read_h264_metablock]: regionRects[203]: left: 192 top: 640 right: 256 bottom: 704
[17:59:45:756] [95171:000173f6] [DEBUG][com.freerdp.channels.rdpgfx.client] - [rdpgfx_read_h264_metablock]: regionRects[204]: left: 256 top: 640 right: 320 bottom: 704
[17:59:45:756] [95171:000173f6] [DEBUG][com.freerdp.channels.rdpgfx.client] - [rdpgfx_read_h264_metablock]: regionRects[205]: left: 320 top: 640 right: 384 bottom: 704
[17:59:45:756] [95171:000173f6] [DEBUG][com.freerdp.channels.rdpgfx.client] - [rdpgfx_read_h264_metablock]: regionRects[206]: left: 384 top: 640 right: 448 bottom: 704
[17:59:45:756] [95171:000173f6] [DEBUG][com.freerdp.channels.rdpgfx.client] - [rdpgfx_read_h264_metablock]: regionRects[207]: left: 448 top: 640 right: 512 bottom: 704
[17:59:45:756] [95171:000173f6] [DEBUG][com.freerdp.channels.rdpgfx.client] - [rdpgfx_read_h264_metablock]: regionRects[208]: left: 512 top: 640 right: 576 bottom: 704
[17:59:45:756] [95171:000173f6] [DEBUG][com.freerdp.channels.rdpgfx.client] - [rdpgfx_read_h264_metablock]: regionRects[209]: left: 576 top: 640 right: 640 bottom: 704
[17:59:45:756] [95171:000173f6] [DEBUG][com.freerdp.channels.rdpgfx.client] - [rdpgfx_read_h264_metablock]: regionRects[210]: left: 640 top: 640 right: 704 bottom: 704
[17:59:45:756] [95171:000173f6] [DEBUG][com.freerdp.channels.rdpgfx.client] - [rdpgfx_read_h264_metablock]: regionRects[211]: left: 704 top: 640 right: 768 bottom: 704
[17:59:45:756] [95171:000173f6] [DEBUG][com.freerdp.channels.rdpgfx.client] - [rdpgfx_read_h264_metablock]: regionRects[212]: left: 768 top: 640 right: 832 bottom: 704
[17:59:45:756] [95171:000173f6] [DEBUG][com.freerdp.channels.rdpgfx.client] - [rdpgfx_read_h264_metablock]: regionRects[213]: left: 832 top: 640 right: 896 bottom: 704
[17:59:45:756] [95171:000173f6] [DEBUG][com.freerdp.channels.rdpgfx.client] - [rdpgfx_read_h264_metablock]: regionRects[214]: left: 896 top: 640 right: 960 bottom: 704
[17:59:45:756] [95171:000173f6] [DEBUG][com.freerdp.channels.rdpgfx.client] - [rdpgfx_read_h264_metablock]: regionRects[215]: left: 960 top: 640 right: 1024 bottom: 704
[17:59:45:757] [95171:000173f6] [DEBUG][com.freerdp.channels.rdpgfx.client] - [rdpgfx_read_h264_metablock]: regionRects[216]: left: 1024 top: 640 right: 1088 bottom: 704
[17:59:45:757] [95171:000173f6] [DEBUG][com.freerdp.channels.rdpgfx.client] - [rdpgfx_read_h264_metablock]: regionRects[217]: left: 1088 top: 640 right: 1152 bottom: 704
[17:59:45:757] [95171:000173f6] [DEBUG][com.freerdp.channels.rdpgfx.client] - [rdpgfx_read_h264_metablock]: regionRects[218]: left: 1152 top: 640 right: 1216 bottom: 704
[17:59:45:757] [95171:000173f6] [DEBUG][com.freerdp.channels.rdpgfx.client] - [rdpgfx_read_h264_metablock]: regionRects[219]: left: 1216 top: 640 right: 1280 bottom: 704
[17:59:45:757] [95171:000173f6] [DEBUG][com.freerdp.channels.rdpgfx.client] - [rdpgfx_read_h264_metablock]: regionRects[220]: left: 0 top: 704 right: 64 bottom: 768
[17:59:45:757] [95171:000173f6] [DEBUG][com.freerdp.channels.rdpgfx.client] - [rdpgfx_read_h264_metablock]: regionRects[221]: left: 64 top: 704 right: 128 bottom: 768
[17:59:45:757] [95171:000173f6] [DEBUG][com.freerdp.channels.rdpgfx.client] - [rdpgfx_read_h264_metablock]: regionRects[222]: left: 128 top: 704 right: 192 bottom: 768
[17:59:45:757] [95171:000173f6] [DEBUG][com.freerdp.channels.rdpgfx.client] - [rdpgfx_read_h264_metablock]: regionRects[223]: left: 192 top: 704 right: 256 bottom: 768
[17:59:45:757] [95171:000173f6] [DEBUG][com.freerdp.channels.rdpgfx.client] - [rdpgfx_read_h264_metablock]: regionRects[224]: left: 256 top: 704 right: 320 bottom: 768
[17:59:45:757] [95171:000173f6] [DEBUG][com.freerdp.channels.rdpgfx.client] - [rdpgfx_read_h264_metablock]: regionRects[225]: left: 320 top: 704 right: 384 bottom: 768
[17:59:45:757] [95171:000173f6] [DEBUG][com.freerdp.channels.rdpgfx.client] - [rdpgfx_read_h264_metablock]: regionRects[226]: left: 384 top: 704 right: 448 bottom: 768
[17:59:45:757] [95171:000173f6] [DEBUG][com.freerdp.channels.rdpgfx.client] - [rdpgfx_read_h264_metablock]: regionRects[227]: left: 448 top: 704 right: 512 bottom: 768
[17:59:45:757] [95171:000173f6] [DEBUG][com.freerdp.channels.rdpgfx.client] - [rdpgfx_read_h264_metablock]: regionRects[228]: left: 512 top: 704 right: 576 bottom: 768
[17:59:45:757] [95171:000173f6] [DEBUG][com.freerdp.channels.rdpgfx.client] - [rdpgfx_read_h264_metablock]: regionRects[229]: left: 576 top: 704 right: 640 bottom: 768
[17:59:45:757] [95171:000173f6] [DEBUG][com.freerdp.channels.rdpgfx.client] - [rdpgfx_read_h264_metablock]: regionRects[230]: left: 640 top: 704 right: 704 bottom: 768
[17:59:45:757] [95171:000173f6] [DEBUG][com.freerdp.channels.rdpgfx.client] - [rdpgfx_read_h264_metablock]: regionRects[231]: left: 704 top: 704 right: 768 bottom: 768
[17:59:45:757] [95171:000173f6] [DEBUG][com.freerdp.channels.rdpgfx.client] - [rdpgfx_read_h264_metablock]: regionRects[232]: left: 768 top: 704 right: 832 bottom: 768
[17:59:45:757] [95171:000173f6] [DEBUG][com.freerdp.channels.rdpgfx.client] - [rdpgfx_read_h264_metablock]: regionRects[233]: left: 832 top: 704 right: 896 bottom: 768
[17:59:45:757] [95171:000173f6] [DEBUG][com.freerdp.channels.rdpgfx.client] - [rdpgfx_read_h264_metablock]: regionRects[234]: left: 896 top: 704 right: 960 bottom: 768
[17:59:45:757] [95171:000173f6] [DEBUG][com.freerdp.channels.rdpgfx.client] - [rdpgfx_read_h264_metablock]: regionRects[235]: left: 960 top: 704 right: 1024 bottom: 768
[17:59:45:757] [95171:000173f6] [DEBUG][com.freerdp.channels.rdpgfx.client] - [rdpgfx_read_h264_metablock]: regionRects[236]: left: 1024 top: 704 right: 1088 bottom: 768
[17:59:45:757] [95171:000173f6] [DEBUG][com.freerdp.channels.rdpgfx.client] - [rdpgfx_read_h264_metablock]: regionRects[237]: left: 1088 top: 704 right: 1152 bottom: 768
[17:59:45:757] [95171:000173f6] [DEBUG][com.freerdp.channels.rdpgfx.client] - [rdpgfx_read_h264_metablock]: regionRects[238]: left: 1152 top: 704 right: 1216 bottom: 768
[17:59:45:757] [95171:000173f6] [DEBUG][com.freerdp.channels.rdpgfx.client] - [rdpgfx_read_h264_metablock]: regionRects[239]: left: 1216 top: 704 right: 1280 bottom: 768
[17:59:45:757] [95171:000173f6] [DEBUG][com.freerdp.channels.rdpgfx.client] - [rdpgfx_read_h264_metablock]: regionRects[240]: left: 0 top: 768 right: 64 bottom: 800
[17:59:45:757] [95171:000173f6] [DEBUG][com.freerdp.channels.rdpgfx.client] - [rdpgfx_read_h264_metablock]: regionRects[241]: left: 64 top: 768 right: 128 bottom: 800
[17:59:45:757] [95171:000173f6] [DEBUG][com.freerdp.channels.rdpgfx.client] - [rdpgfx_read_h264_metablock]: regionRects[242]: left: 128 top: 768 right: 192 bottom: 800
[17:59:45:757] [95171:000173f6] [DEBUG][com.freerdp.channels.rdpgfx.client] - [rdpgfx_read_h264_metablock]: regionRects[243]: left: 192 top: 768 right: 256 bottom: 800
[17:59:45:757] [95171:000173f6] [DEBUG][com.freerdp.channels.rdpgfx.client] - [rdpgfx_read_h264_metablock]: regionRects[244]: left: 256 top: 768 right: 320 bottom: 800
[17:59:45:757] [95171:000173f6] [DEBUG][com.freerdp.channels.rdpgfx.client] - [rdpgfx_read_h264_metablock]: regionRects[245]: left: 320 top: 768 right: 384 bottom: 800
[17:59:45:757] [95171:000173f6] [DEBUG][com.freerdp.channels.rdpgfx.client] - [rdpgfx_read_h264_metablock]: regionRects[246]: left: 384 top: 768 right: 448 bottom: 800
[17:59:45:757] [95171:000173f6] [DEBUG][com.freerdp.channels.rdpgfx.client] - [rdpgfx_read_h264_metablock]: regionRects[247]: left: 448 top: 768 right: 512 bottom: 800
[17:59:45:757] [95171:000173f6] [DEBUG][com.freerdp.channels.rdpgfx.client] - [rdpgfx_read_h264_metablock]: regionRects[248]: left: 512 top: 768 right: 576 bottom: 800
[17:59:45:757] [95171:000173f6] [DEBUG][com.freerdp.channels.rdpgfx.client] - [rdpgfx_read_h264_metablock]: regionRects[249]: left: 576 top: 768 right: 640 bottom: 800
[17:59:45:757] [95171:000173f6] [DEBUG][com.freerdp.channels.rdpgfx.client] - [rdpgfx_read_h264_metablock]: regionRects[250]: left: 640 top: 768 right: 704 bottom: 800
[17:59:45:757] [95171:000173f6] [DEBUG][com.freerdp.channels.rdpgfx.client] - [rdpgfx_read_h264_metablock]: regionRects[251]: left: 704 top: 768 right: 768 bottom: 800
[17:59:45:757] [95171:000173f6] [DEBUG][com.freerdp.channels.rdpgfx.client] - [rdpgfx_read_h264_metablock]: regionRects[252]: left: 768 top: 768 right: 832 bottom: 800
[17:59:45:757] [95171:000173f6] [DEBUG][com.freerdp.channels.rdpgfx.client] - [rdpgfx_read_h264_metablock]: regionRects[253]: left: 832 top: 768 right: 896 bottom: 800
[17:59:45:757] [95171:000173f6] [DEBUG][com.freerdp.channels.rdpgfx.client] - [rdpgfx_read_h264_metablock]: regionRects[254]: left: 896 top: 768 right: 960 bottom: 800
[17:59:45:757] [95171:000173f6] [DEBUG][com.freerdp.channels.rdpgfx.client] - [rdpgfx_read_h264_metablock]: regionRects[255]: left: 960 top: 768 right: 1024 bottom: 800
[17:59:45:757] [95171:000173f6] [DEBUG][com.freerdp.channels.rdpgfx.client] - [rdpgfx_read_h264_metablock]: regionRects[256]: left: 1024 top: 768 right: 1088 bottom: 800
[17:59:45:757] [95171:000173f6] [DEBUG][com.freerdp.channels.rdpgfx.client] - [rdpgfx_read_h264_metablock]: regionRects[257]: left: 1088 top: 768 right: 1152 bottom: 800
[17:59:45:757] [95171:000173f6] [DEBUG][com.freerdp.channels.rdpgfx.client] - [rdpgfx_read_h264_metablock]: regionRects[258]: left: 1152 top: 768 right: 1216 bottom: 800
[17:59:45:757] [95171:000173f6] [DEBUG][com.freerdp.channels.rdpgfx.client] - [rdpgfx_read_h264_metablock]: regionRects[259]: left: 1216 top: 768 right: 1280 bottom: 800
[17:59:45:757] [95171:000173f6] [DEBUG][com.freerdp.channels.rdpgfx.client] - [rdpgfx_read_h264_metablock]: quantQualityVals[0]: qp: 0 r: 0 p: 0 qualityVal: 100
[17:59:45:757] [95171:000173f6] [DEBUG][com.freerdp.channels.rdpgfx.client] - [rdpgfx_read_h264_metablock]: quantQualityVals[1]: qp: 0 r: 0 p: 0 qualityVal: 100
[17:59:45:757] [95171:000173f6] [DEBUG][com.freerdp.channels.rdpgfx.client] - [rdpgfx_read_h264_metablock]: quantQualityVals[2]: qp: 0 r: 0 p: 0 qualityVal: 100
[17:59:45:757] [95171:000173f6] [DEBUG][com.freerdp.channels.rdpgfx.client] - [rdpgfx_read_h264_metablock]: quantQualityVals[3]: qp: 0 r: 0 p: 0 qualityVal: 100
[17:59:45:757] [95171:000173f6] [DEBUG][com.freerdp.channels.rdpgfx.client] - [rdpgfx_read_h264_metablock]: quantQualityVals[4]: qp: 0 r: 0 p: 0 qualityVal: 100
[17:59:45:757] [95171:000173f6] [DEBUG][com.freerdp.channels.rdpgfx.client] - [rdpgfx_read_h264_metablock]: quantQualityVals[5]: qp: 0 r: 0 p: 0 qualityVal: 100
[17:59:45:757] [95171:000173f6] [DEBUG][com.freerdp.channels.rdpgfx.client] - [rdpgfx_read_h264_metablock]: quantQualityVals[6]: qp: 0 r: 0 p: 0 qualityVal: 100
[17:59:45:757] [95171:000173f6] [DEBUG][com.freerdp.channels.rdpgfx.client] - [rdpgfx_read_h264_metablock]: quantQualityVals[7]: qp: 0 r: 0 p: 0 qualityVal: 100
[17:59:45:757] [95171:000173f6] [DEBUG][com.freerdp.channels.rdpgfx.client] - [rdpgfx_read_h264_metablock]: quantQualityVals[8]: qp: 0 r: 0 p: 0 qualityVal: 100
[17:59:45:757] [95171:000173f6] [DEBUG][com.freerdp.channels.rdpgfx.client] - [rdpgfx_read_h264_metablock]: quantQualityVals[9]: qp: 0 r: 0 p: 0 qualityVal: 100
[17:59:45:757] [95171:000173f6] [DEBUG][com.freerdp.channels.rdpgfx.client] - [rdpgfx_read_h264_metablock]: quantQualityVals[10]: qp: 0 r: 0 p: 0 qualityVal: 100
[17:59:45:757] [95171:000173f6] [DEBUG][com.freerdp.channels.rdpgfx.client] - [rdpgfx_read_h264_metablock]: quantQualityVals[11]: qp: 0 r: 0 p: 0 qualityVal: 100
[17:59:45:757] [95171:000173f6] [DEBUG][com.freerdp.channels.rdpgfx.client] - [rdpgfx_read_h264_metablock]: quantQualityVals[12]: qp: 0 r: 0 p: 0 qualityVal: 100
[17:59:45:757] [95171:000173f6] [DEBUG][com.freerdp.channels.rdpgfx.client] - [rdpgfx_read_h264_metablock]: quantQualityVals[13]: qp: 0 r: 0 p: 0 qualityVal: 100
[17:59:45:757] [95171:000173f6] [DEBUG][com.freerdp.channels.rdpgfx.client] - [rdpgfx_read_h264_metablock]: quantQualityVals[14]: qp: 0 r: 0 p: 0 qualityVal: 100
[17:59:45:757] [95171:000173f6] [DEBUG][com.freerdp.channels.rdpgfx.client] - [rdpgfx_read_h264_metablock]: quantQualityVals[15]: qp: 0 r: 0 p: 0 qualityVal: 100
[17:59:45:757] [95171:000173f6] [DEBUG][com.freerdp.channels.rdpgfx.client] - [rdpgfx_read_h264_metablock]: quantQualityVals[16]: qp: 0 r: 0 p: 0 qualityVal: 100
[17:59:45:757] [95171:000173f6] [DEBUG][com.freerdp.channels.rdpgfx.client] - [rdpgfx_read_h264_metablock]: quantQualityVals[17]: qp: 0 r: 0 p: 0 qualityVal: 100
[17:59:45:757] [95171:000173f6] [DEBUG][com.freerdp.channels.rdpgfx.client] - [rdpgfx_read_h264_metablock]: quantQualityVals[18]: qp: 0 r: 0 p: 0 qualityVal: 100
[17:59:45:757] [95171:000173f6] [DEBUG][com.freerdp.channels.rdpgfx.client] - [rdpgfx_read_h264_metablock]: quantQualityVals[19]: qp: 0 r: 0 p: 0 qualityVal: 100
[17:59:45:757] [95171:000173f6] [DEBUG][com.freerdp.channels.rdpgfx.client] - [rdpgfx_read_h264_metablock]: quantQualityVals[20]: qp: 0 r: 0 p: 0 qualityVal: 100
[17:59:45:757] [95171:000173f6] [DEBUG][com.freerdp.channels.rdpgfx.client] - [rdpgfx_read_h264_metablock]: quantQualityVals[21]: qp: 0 r: 0 p: 0 qualityVal: 100
[17:59:45:757] [95171:000173f6] [DEBUG][com.freerdp.channels.rdpgfx.client] - [rdpgfx_read_h264_metablock]: quantQualityVals[22]: qp: 0 r: 0 p: 0 qualityVal: 100
[17:59:45:757] [95171:000173f6] [DEBUG][com.freerdp.channels.rdpgfx.client] - [rdpgfx_read_h264_metablock]: quantQualityVals[23]: qp: 0 r: 0 p: 0 qualityVal: 100
[17:59:45:757] [95171:000173f6] [DEBUG][com.freerdp.channels.rdpgfx.client] - [rdpgfx_read_h264_metablock]: quantQualityVals[24]: qp: 0 r: 0 p: 0 qualityVal: 100
[17:59:45:757] [95171:000173f6] [DEBUG][com.freerdp.channels.rdpgfx.client] - [rdpgfx_read_h264_metablock]: quantQualityVals[25]: qp: 0 r: 0 p: 0 qualityVal: 100
[17:59:45:757] [95171:000173f6] [DEBUG][com.freerdp.channels.rdpgfx.client] - [rdpgfx_read_h264_metablock]: quantQualityVals[26]: qp: 0 r: 0 p: 0 qualityVal: 100
[17:59:45:757] [95171:000173f6] [DEBUG][com.freerdp.channels.rdpgfx.client] - [rdpgfx_read_h264_metablock]: quantQualityVals[27]: qp: 0 r: 0 p: 0 qualityVal: 100
[17:59:45:757] [95171:000173f6] [DEBUG][com.freerdp.channels.rdpgfx.client] - [rdpgfx_read_h264_metablock]: quantQualityVals[28]: qp: 0 r: 0 p: 0 qualityVal: 100
[17:59:45:757] [95171:000173f6] [DEBUG][com.freerdp.channels.rdpgfx.client] - [rdpgfx_read_h264_metablock]: quantQualityVals[29]: qp: 0 r: 0 p: 0 qualityVal: 100
[17:59:45:757] [95171:000173f6] [DEBUG][com.freerdp.channels.rdpgfx.client] - [rdpgfx_read_h264_metablock]: quantQualityVals[30]: qp: 0 r: 0 p: 0 qualityVal: 100
[17:59:45:757] [95171:000173f6] [DEBUG][com.freerdp.channels.rdpgfx.client] - [rdpgfx_read_h264_metablock]: quantQualityVals[31]: qp: 0 r: 0 p: 0 qualityVal: 100
[17:59:45:757] [95171:000173f6] [DEBUG][com.freerdp.channels.rdpgfx.client] - [rdpgfx_read_h264_metablock]: quantQualityVals[32]: qp: 0 r: 0 p: 0 qualityVal: 100
[17:59:45:757] [95171:000173f6] [DEBUG][com.freerdp.channels.rdpgfx.client] - [rdpgfx_read_h264_metablock]: quantQualityVals[33]: qp: 0 r: 0 p: 0 qualityVal: 100
[17:59:45:757] [95171:000173f6] [DEBUG][com.freerdp.channels.rdpgfx.client] - [rdpgfx_read_h264_metablock]: quantQualityVals[34]: qp: 0 r: 0 p: 0 qualityVal: 100
[17:59:45:757] [95171:000173f6] [DEBUG][com.freerdp.channels.rdpgfx.client] - [rdpgfx_read_h264_metablock]: quantQualityVals[35]: qp: 0 r: 0 p: 0 qualityVal: 100
[17:59:45:757] [95171:000173f6] [DEBUG][com.freerdp.channels.rdpgfx.client] - [rdpgfx_read_h264_metablock]: quantQualityVals[36]: qp: 0 r: 0 p: 0 qualityVal: 100
[17:59:45:757] [95171:000173f6] [DEBUG][com.freerdp.channels.rdpgfx.client] - [rdpgfx_read_h264_metablock]: quantQualityVals[37]: qp: 0 r: 0 p: 0 qualityVal: 100
[17:59:45:757] [95171:000173f6] [DEBUG][com.freerdp.channels.rdpgfx.client] - [rdpgfx_read_h264_metablock]: quantQualityVals[38]: qp: 0 r: 0 p: 0 qualityVal: 100
[17:59:45:757] [95171:000173f6] [DEBUG][com.freerdp.channels.rdpgfx.client] - [rdpgfx_read_h264_metablock]: quantQualityVals[39]: qp: 0 r: 0 p: 0 qualityVal: 100
[17:59:45:757] [95171:000173f6] [DEBUG][com.freerdp.channels.rdpgfx.client] - [rdpgfx_read_h264_metablock]: quantQualityVals[40]: qp: 0 r: 0 p: 0 qualityVal: 100
[17:59:45:757] [95171:000173f6] [DEBUG][com.freerdp.channels.rdpgfx.client] - [rdpgfx_read_h264_metablock]: quantQualityVals[41]: qp: 0 r: 0 p: 0 qualityVal: 100
[17:59:45:757] [95171:000173f6] [DEBUG][com.freerdp.channels.rdpgfx.client] - [rdpgfx_read_h264_metablock]: quantQualityVals[42]: qp: 0 r: 0 p: 0 qualityVal: 100
[17:59:45:757] [95171:000173f6] [DEBUG][com.freerdp.channels.rdpgfx.client] - [rdpgfx_read_h264_metablock]: quantQualityVals[43]: qp: 0 r: 0 p: 0 qualityVal: 100
[17:59:45:757] [95171:000173f6] [DEBUG][com.freerdp.channels.rdpgfx.client] - [rdpgfx_read_h264_metablock]: quantQualityVals[44]: qp: 0 r: 0 p: 0 qualityVal: 100
[17:59:45:757] [95171:000173f6] [DEBUG][com.freerdp.channels.rdpgfx.client] - [rdpgfx_read_h264_metablock]: quantQualityVals[45]: qp: 0 r: 0 p: 0 qualityVal: 100
[17:59:45:757] [95171:000173f6] [DEBUG][com.freerdp.channels.rdpgfx.client] - [rdpgfx_read_h264_metablock]: quantQualityVals[46]: qp: 0 r: 0 p: 0 qualityVal: 100
[17:59:45:757] [95171:000173f6] [DEBUG][com.freerdp.channels.rdpgfx.client] - [rdpgfx_read_h264_metablock]: quantQualityVals[47]: qp: 0 r: 0 p: 0 qualityVal: 100
[17:59:45:757] [95171:000173f6] [DEBUG][com.freerdp.channels.rdpgfx.client] - [rdpgfx_read_h264_metablock]: quantQualityVals[48]: qp: 0 r: 0 p: 0 qualityVal: 100
[17:59:45:757] [95171:000173f6] [DEBUG][com.freerdp.channels.rdpgfx.client] - [rdpgfx_read_h264_metablock]: quantQualityVals[49]: qp: 0 r: 0 p: 0 qualityVal: 100
[17:59:45:757] [95171:000173f6] [DEBUG][com.freerdp.channels.rdpgfx.client] - [rdpgfx_read_h264_metablock]: quantQualityVals[50]: qp: 0 r: 0 p: 0 qualityVal: 100
[17:59:45:757] [95171:000173f6] [DEBUG][com.freerdp.channels.rdpgfx.client] - [rdpgfx_read_h264_metablock]: quantQualityVals[51]: qp: 0 r: 0 p: 0 qualityVal: 100
[17:59:45:757] [95171:000173f6] [DEBUG][com.freerdp.channels.rdpgfx.client] - [rdpgfx_read_h264_metablock]: quantQualityVals[52]: qp: 0 r: 0 p: 0 qualityVal: 100
[17:59:45:757] [95171:000173f6] [DEBUG][com.freerdp.channels.rdpgfx.client] - [rdpgfx_read_h264_metablock]: quantQualityVals[53]: qp: 0 r: 0 p: 0 qualityVal: 100
[17:59:45:757] [95171:000173f6] [DEBUG][com.freerdp.channels.rdpgfx.client] - [rdpgfx_read_h264_metablock]: quantQualityVals[54]: qp: 0 r: 0 p: 0 qualityVal: 100
[17:59:45:757] [95171:000173f6] [DEBUG][com.freerdp.channels.rdpgfx.client] - [rdpgfx_read_h264_metablock]: quantQualityVals[55]: qp: 0 r: 0 p: 0 qualityVal: 100
[17:59:45:757] [95171:000173f6] [DEBUG][com.freerdp.channels.rdpgfx.client] - [rdpgfx_read_h264_metablock]: quantQualityVals[56]: qp: 0 r: 0 p: 0 qualityVal: 100
[17:59:45:757] [95171:000173f6] [DEBUG][com.freerdp.channels.rdpgfx.client] - [rdpgfx_read_h264_metablock]: quantQualityVals[57]: qp: 0 r: 0 p: 0 qualityVal: 100
[17:59:45:757] [95171:000173f6] [DEBUG][com.freerdp.channels.rdpgfx.client] - [rdpgfx_read_h264_metablock]: quantQualityVals[58]: qp: 0 r: 0 p: 0 qualityVal: 100
[17:59:45:757] [95171:000173f6] [DEBUG][com.freerdp.channels.rdpgfx.client] - [rdpgfx_read_h264_metablock]: quantQualityVals[59]: qp: 0 r: 0 p: 0 qualityVal: 100
[17:59:45:757] [95171:000173f6] [DEBUG][com.freerdp.channels.rdpgfx.client] - [rdpgfx_read_h264_metablock]: quantQualityVals[60]: qp: 0 r: 0 p: 0 qualityVal: 100
[17:59:45:757] [95171:000173f6] [DEBUG][com.freerdp.channels.rdpgfx.client] - [rdpgfx_read_h264_metablock]: quantQualityVals[61]: qp: 0 r: 0 p: 0 qualityVal: 100
[17:59:45:757] [95171:000173f6] [DEBUG][com.freerdp.channels.rdpgfx.client] - [rdpgfx_read_h264_metablock]: quantQualityVals[62]: qp: 0 r: 0 p: 0 qualityVal: 100
[17:59:45:757] [95171:000173f6] [DEBUG][com.freerdp.channels.rdpgfx.client] - [rdpgfx_read_h264_metablock]: quantQualityVals[63]: qp: 0 r: 0 p: 0 qualityVal: 100
[17:59:45:757] [95171:000173f6] [DEBUG][com.freerdp.channels.rdpgfx.client] - [rdpgfx_read_h264_metablock]: quantQualityVals[64]: qp: 0 r: 0 p: 0 qualityVal: 100
[17:59:45:757] [95171:000173f6] [DEBUG][com.freerdp.channels.rdpgfx.client] - [rdpgfx_read_h264_metablock]: quantQualityVals[65]: qp: 0 r: 0 p: 0 qualityVal: 100
[17:59:45:757] [95171:000173f6] [DEBUG][com.freerdp.channels.rdpgfx.client] - [rdpgfx_read_h264_metablock]: quantQualityVals[66]: qp: 0 r: 0 p: 0 qualityVal: 100
[17:59:45:757] [95171:000173f6] [DEBUG][com.freerdp.channels.rdpgfx.client] - [rdpgfx_read_h264_metablock]: quantQualityVals[67]: qp: 0 r: 0 p: 0 qualityVal: 100
[17:59:45:757] [95171:000173f6] [DEBUG][com.freerdp.channels.rdpgfx.client] - [rdpgfx_read_h264_metablock]: quantQualityVals[68]: qp: 0 r: 0 p: 0 qualityVal: 100
[17:59:45:757] [95171:000173f6] [DEBUG][com.freerdp.channels.rdpgfx.client] - [rdpgfx_read_h264_metablock]: quantQualityVals[69]: qp: 0 r: 0 p: 0 qualityVal: 100
[17:59:45:757] [95171:000173f6] [DEBUG][com.freerdp.channels.rdpgfx.client] - [rdpgfx_read_h264_metablock]: quantQualityVals[70]: qp: 0 r: 0 p: 0 qualityVal: 100
[17:59:45:757] [95171:000173f6] [DEBUG][com.freerdp.channels.rdpgfx.client] - [rdpgfx_read_h264_metablock]: quantQualityVals[71]: qp: 0 r: 0 p: 0 qualityVal: 100
[17:59:45:757] [95171:000173f6] [DEBUG][com.freerdp.channels.rdpgfx.client] - [rdpgfx_read_h264_metablock]: quantQualityVals[72]: qp: 0 r: 0 p: 0 qualityVal: 100
[17:59:45:757] [95171:000173f6] [DEBUG][com.freerdp.channels.rdpgfx.client] - [rdpgfx_read_h264_metablock]: quantQualityVals[73]: qp: 0 r: 0 p: 0 qualityVal: 100
[17:59:45:757] [95171:000173f6] [DEBUG][com.freerdp.channels.rdpgfx.client] - [rdpgfx_read_h264_metablock]: quantQualityVals[74]: qp: 0 r: 0 p: 0 qualityVal: 100
[17:59:45:757] [95171:000173f6] [DEBUG][com.freerdp.channels.rdpgfx.client] - [rdpgfx_read_h264_metablock]: quantQualityVals[75]: qp: 0 r: 0 p: 0 qualityVal: 100
[17:59:45:757] [95171:000173f6] [DEBUG][com.freerdp.channels.rdpgfx.client] - [rdpgfx_read_h264_metablock]: quantQualityVals[76]: qp: 0 r: 0 p: 0 qualityVal: 100
[17:59:45:757] [95171:000173f6] [DEBUG][com.freerdp.channels.rdpgfx.client] - [rdpgfx_read_h264_metablock]: quantQualityVals[77]: qp: 0 r: 0 p: 0 qualityVal: 100
[17:59:45:757] [95171:000173f6] [DEBUG][com.freerdp.channels.rdpgfx.client] - [rdpgfx_read_h264_metablock]: quantQualityVals[78]: qp: 0 r: 0 p: 0 qualityVal: 100
[17:59:45:757] [95171:000173f6] [DEBUG][com.freerdp.channels.rdpgfx.client] - [rdpgfx_read_h264_metablock]: quantQualityVals[79]: qp: 0 r: 0 p: 0 qualityVal: 100
[17:59:45:757] [95171:000173f6] [DEBUG][com.freerdp.channels.rdpgfx.client] - [rdpgfx_read_h264_metablock]: quantQualityVals[80]: qp: 0 r: 0 p: 0 qualityVal: 100
[17:59:45:757] [95171:000173f6] [DEBUG][com.freerdp.channels.rdpgfx.client] - [rdpgfx_read_h264_metablock]: quantQualityVals[81]: qp: 0 r: 0 p: 0 qualityVal: 100
[17:59:45:757] [95171:000173f6] [DEBUG][com.freerdp.channels.rdpgfx.client] - [rdpgfx_read_h264_metablock]: quantQualityVals[82]: qp: 0 r: 0 p: 0 qualityVal: 100
[17:59:45:757] [95171:000173f6] [DEBUG][com.freerdp.channels.rdpgfx.client] - [rdpgfx_read_h264_metablock]: quantQualityVals[83]: qp: 0 r: 0 p: 0 qualityVal: 100
[17:59:45:757] [95171:000173f6] [DEBUG][com.freerdp.channels.rdpgfx.client] - [rdpgfx_read_h264_metablock]: quantQualityVals[84]: qp: 0 r: 0 p: 0 qualityVal: 100
[17:59:45:757] [95171:000173f6] [DEBUG][com.freerdp.channels.rdpgfx.client] - [rdpgfx_read_h264_metablock]: quantQualityVals[85]: qp: 0 r: 0 p: 0 qualityVal: 100
[17:59:45:757] [95171:000173f6] [DEBUG][com.freerdp.channels.rdpgfx.client] - [rdpgfx_read_h264_metablock]: quantQualityVals[86]: qp: 0 r: 0 p: 0 qualityVal: 100
[17:59:45:757] [95171:000173f6] [DEBUG][com.freerdp.channels.rdpgfx.client] - [rdpgfx_read_h264_metablock]: quantQualityVals[87]: qp: 0 r: 0 p: 0 qualityVal: 100
[17:59:45:757] [95171:000173f6] [DEBUG][com.freerdp.channels.rdpgfx.client] - [rdpgfx_read_h264_metablock]: quantQualityVals[88]: qp: 0 r: 0 p: 0 qualityVal: 100
[17:59:45:757] [95171:000173f6] [DEBUG][com.freerdp.channels.rdpgfx.client] - [rdpgfx_read_h264_metablock]: quantQualityVals[89]: qp: 0 r: 0 p: 0 qualityVal: 100
[17:59:45:757] [95171:000173f6] [DEBUG][com.freerdp.channels.rdpgfx.client] - [rdpgfx_read_h264_metablock]: quantQualityVals[90]: qp: 0 r: 0 p: 0 qualityVal: 100
[17:59:45:757] [95171:000173f6] [DEBUG][com.freerdp.channels.rdpgfx.client] - [rdpgfx_read_h264_metablock]: quantQualityVals[91]: qp: 0 r: 0 p: 0 qualityVal: 100
[17:59:45:757] [95171:000173f6] [DEBUG][com.freerdp.channels.rdpgfx.client] - [rdpgfx_read_h264_metablock]: quantQualityVals[92]: qp: 0 r: 0 p: 0 qualityVal: 100
[17:59:45:757] [95171:000173f6] [DEBUG][com.freerdp.channels.rdpgfx.client] - [rdpgfx_read_h264_metablock]: quantQualityVals[93]: qp: 0 r: 0 p: 0 qualityVal: 100
[17:59:45:757] [95171:000173f6] [DEBUG][com.freerdp.channels.rdpgfx.client] - [rdpgfx_read_h264_metablock]: quantQualityVals[94]: qp: 0 r: 0 p: 0 qualityVal: 100
[17:59:45:757] [95171:000173f6] [DEBUG][com.freerdp.channels.rdpgfx.client] - [rdpgfx_read_h264_metablock]: quantQualityVals[95]: qp: 0 r: 0 p: 0 qualityVal: 100
[17:59:45:757] [95171:000173f6] [DEBUG][com.freerdp.channels.rdpgfx.client] - [rdpgfx_read_h264_metablock]: quantQualityVals[96]: qp: 0 r: 0 p: 0 qualityVal: 100
[17:59:45:757] [95171:000173f6] [DEBUG][com.freerdp.channels.rdpgfx.client] - [rdpgfx_read_h264_metablock]: quantQualityVals[97]: qp: 0 r: 0 p: 0 qualityVal: 100
[17:59:45:757] [95171:000173f6] [DEBUG][com.freerdp.channels.rdpgfx.client] - [rdpgfx_read_h264_metablock]: quantQualityVals[98]: qp: 0 r: 0 p: 0 qualityVal: 100
[17:59:45:757] [95171:000173f6] [DEBUG][com.freerdp.channels.rdpgfx.client] - [rdpgfx_read_h264_metablock]: quantQualityVals[99]: qp: 0 r: 0 p: 0 qualityVal: 100
[17:59:45:757] [95171:000173f6] [DEBUG][com.freerdp.channels.rdpgfx.client] - [rdpgfx_read_h264_metablock]: quantQualityVals[100]: qp: 0 r: 0 p: 0 qualityVal: 100
[17:59:45:757] [95171:000173f6] [DEBUG][com.freerdp.channels.rdpgfx.client] - [rdpgfx_read_h264_metablock]: quantQualityVals[101]: qp: 0 r: 0 p: 0 qualityVal: 100
[17:59:45:757] [95171:000173f6] [DEBUG][com.freerdp.channels.rdpgfx.client] - [rdpgfx_read_h264_metablock]: quantQualityVals[102]: qp: 0 r: 0 p: 0 qualityVal: 100
[17:59:45:757] [95171:000173f6] [DEBUG][com.freerdp.channels.rdpgfx.client] - [rdpgfx_read_h264_metablock]: quantQualityVals[103]: qp: 0 r: 0 p: 0 qualityVal: 100
[17:59:45:757] [95171:000173f6] [DEBUG][com.freerdp.channels.rdpgfx.client] - [rdpgfx_read_h264_metablock]: quantQualityVals[104]: qp: 0 r: 0 p: 0 qualityVal: 100
[17:59:45:757] [95171:000173f6] [DEBUG][com.freerdp.channels.rdpgfx.client] - [rdpgfx_read_h264_metablock]: quantQualityVals[105]: qp: 0 r: 0 p: 0 qualityVal: 100
[17:59:45:757] [95171:000173f6] [DEBUG][com.freerdp.channels.rdpgfx.client] - [rdpgfx_read_h264_metablock]: quantQualityVals[106]: qp: 0 r: 0 p: 0 qualityVal: 100
[17:59:45:757] [95171:000173f6] [DEBUG][com.freerdp.channels.rdpgfx.client] - [rdpgfx_read_h264_metablock]: quantQualityVals[107]: qp: 0 r: 0 p: 0 qualityVal: 100
[17:59:45:757] [95171:000173f6] [DEBUG][com.freerdp.channels.rdpgfx.client] - [rdpgfx_read_h264_metablock]: quantQualityVals[108]: qp: 0 r: 0 p: 0 qualityVal: 100
[17:59:45:757] [95171:000173f6] [DEBUG][com.freerdp.channels.rdpgfx.client] - [rdpgfx_read_h264_metablock]: quantQualityVals[109]: qp: 0 r: 0 p: 0 qualityVal: 100
[17:59:45:757] [95171:000173f6] [DEBUG][com.freerdp.channels.rdpgfx.client] - [rdpgfx_read_h264_metablock]: quantQualityVals[110]: qp: 0 r: 0 p: 0 qualityVal: 100
[17:59:45:757] [95171:000173f6] [DEBUG][com.freerdp.channels.rdpgfx.client] - [rdpgfx_read_h264_metablock]: quantQualityVals[111]: qp: 0 r: 0 p: 0 qualityVal: 100
[17:59:45:757] [95171:000173f6] [DEBUG][com.freerdp.channels.rdpgfx.client] - [rdpgfx_read_h264_metablock]: quantQualityVals[112]: qp: 0 r: 0 p: 0 qualityVal: 100
[17:59:45:757] [95171:000173f6] [DEBUG][com.freerdp.channels.rdpgfx.client] - [rdpgfx_read_h264_metablock]: quantQualityVals[113]: qp: 0 r: 0 p: 0 qualityVal: 100
[17:59:45:757] [95171:000173f6] [DEBUG][com.freerdp.channels.rdpgfx.client] - [rdpgfx_read_h264_metablock]: quantQualityVals[114]: qp: 0 r: 0 p: 0 qualityVal: 100
[17:59:45:757] [95171:000173f6] [DEBUG][com.freerdp.channels.rdpgfx.client] - [rdpgfx_read_h264_metablock]: quantQualityVals[115]: qp: 0 r: 0 p: 0 qualityVal: 100
[17:59:45:757] [95171:000173f6] [DEBUG][com.freerdp.channels.rdpgfx.client] - [rdpgfx_read_h264_metablock]: quantQualityVals[116]: qp: 0 r: 0 p: 0 qualityVal: 100
[17:59:45:757] [95171:000173f6] [DEBUG][com.freerdp.channels.rdpgfx.client] - [rdpgfx_read_h264_metablock]: quantQualityVals[117]: qp: 0 r: 0 p: 0 qualityVal: 100
[17:59:45:757] [95171:000173f6] [DEBUG][com.freerdp.channels.rdpgfx.client] - [rdpgfx_read_h264_metablock]: quantQualityVals[118]: qp: 0 r: 0 p: 0 qualityVal: 100
[17:59:45:757] [95171:000173f6] [DEBUG][com.freerdp.channels.rdpgfx.client] - [rdpgfx_read_h264_metablock]: quantQualityVals[119]: qp: 0 r: 0 p: 0 qualityVal: 100
[17:59:45:757] [95171:000173f6] [DEBUG][com.freerdp.channels.rdpgfx.client] - [rdpgfx_read_h264_metablock]: quantQualityVals[120]: qp: 0 r: 0 p: 0 qualityVal: 100
[17:59:45:757] [95171:000173f6] [DEBUG][com.freerdp.channels.rdpgfx.client] - [rdpgfx_read_h264_metablock]: quantQualityVals[121]: qp: 0 r: 0 p: 0 qualityVal: 100
[17:59:45:757] [95171:000173f6] [DEBUG][com.freerdp.channels.rdpgfx.client] - [rdpgfx_read_h264_metablock]: quantQualityVals[122]: qp: 0 r: 0 p: 0 qualityVal: 100
[17:59:45:757] [95171:000173f6] [DEBUG][com.freerdp.channels.rdpgfx.client] - [rdpgfx_read_h264_metablock]: quantQualityVals[123]: qp: 0 r: 0 p: 0 qualityVal: 100
[17:59:45:757] [95171:000173f6] [DEBUG][com.freerdp.channels.rdpgfx.client] - [rdpgfx_read_h264_metablock]: quantQualityVals[124]: qp: 0 r: 0 p: 0 qualityVal: 100
[17:59:45:757] [95171:000173f6] [DEBUG][com.freerdp.channels.rdpgfx.client] - [rdpgfx_read_h264_metablock]: quantQualityVals[125]: qp: 0 r: 0 p: 0 qualityVal: 100
[17:59:45:757] [95171:000173f6] [DEBUG][com.freerdp.channels.rdpgfx.client] - [rdpgfx_read_h264_metablock]: quantQualityVals[126]: qp: 0 r: 0 p: 0 qualityVal: 100
[17:59:45:757] [95171:000173f6] [DEBUG][com.freerdp.channels.rdpgfx.client] - [rdpgfx_read_h264_metablock]: quantQualityVals[127]: qp: 0 r: 0 p: 0 qualityVal: 100
[17:59:45:757] [95171:000173f6] [DEBUG][com.freerdp.channels.rdpgfx.client] - [rdpgfx_read_h264_metablock]: quantQualityVals[128]: qp: 0 r: 0 p: 0 qualityVal: 100
[17:59:45:757] [95171:000173f6] [DEBUG][com.freerdp.channels.rdpgfx.client] - [rdpgfx_read_h264_metablock]: quantQualityVals[129]: qp: 0 r: 0 p: 0 qualityVal: 100
[17:59:45:757] [95171:000173f6] [DEBUG][com.freerdp.channels.rdpgfx.client] - [rdpgfx_read_h264_metablock]: quantQualityVals[130]: qp: 0 r: 0 p: 0 qualityVal: 100
[17:59:45:757] [95171:000173f6] [DEBUG][com.freerdp.channels.rdpgfx.client] - [rdpgfx_read_h264_metablock]: quantQualityVals[131]: qp: 0 r: 0 p: 0 qualityVal: 100
[17:59:45:757] [95171:000173f6] [DEBUG][com.freerdp.channels.rdpgfx.client] - [rdpgfx_read_h264_metablock]: quantQualityVals[132]: qp: 0 r: 0 p: 0 qualityVal: 100
[17:59:45:757] [95171:000173f6] [DEBUG][com.freerdp.channels.rdpgfx.client] - [rdpgfx_read_h264_metablock]: quantQualityVals[133]: qp: 0 r: 0 p: 0 qualityVal: 100
[17:59:45:757] [95171:000173f6] [DEBUG][com.freerdp.channels.rdpgfx.client] - [rdpgfx_read_h264_metablock]: quantQualityVals[134]: qp: 0 r: 0 p: 0 qualityVal: 100
[17:59:45:757] [95171:000173f6] [DEBUG][com.freerdp.channels.rdpgfx.client] - [rdpgfx_read_h264_metablock]: quantQualityVals[135]: qp: 0 r: 0 p: 0 qualityVal: 100
[17:59:45:757] [95171:000173f6] [DEBUG][com.freerdp.channels.rdpgfx.client] - [rdpgfx_read_h264_metablock]: quantQualityVals[136]: qp: 0 r: 0 p: 0 qualityVal: 100
[17:59:45:757] [95171:000173f6] [DEBUG][com.freerdp.channels.rdpgfx.client] - [rdpgfx_read_h264_metablock]: quantQualityVals[137]: qp: 0 r: 0 p: 0 qualityVal: 100
[17:59:45:757] [95171:000173f6] [DEBUG][com.freerdp.channels.rdpgfx.client] - [rdpgfx_read_h264_metablock]: quantQualityVals[138]: qp: 0 r: 0 p: 0 qualityVal: 100
[17:59:45:757] [95171:000173f6] [DEBUG][com.freerdp.channels.rdpgfx.client] - [rdpgfx_read_h264_metablock]: quantQualityVals[139]: qp: 0 r: 0 p: 0 qualityVal: 100
[17:59:45:757] [95171:000173f6] [DEBUG][com.freerdp.channels.rdpgfx.client] - [rdpgfx_read_h264_metablock]: quantQualityVals[140]: qp: 0 r: 0 p: 0 qualityVal: 100
[17:59:45:757] [95171:000173f6] [DEBUG][com.freerdp.channels.rdpgfx.client] - [rdpgfx_read_h264_metablock]: quantQualityVals[141]: qp: 0 r: 0 p: 0 qualityVal: 100
[17:59:45:757] [95171:000173f6] [DEBUG][com.freerdp.channels.rdpgfx.client] - [rdpgfx_read_h264_metablock]: quantQualityVals[142]: qp: 0 r: 0 p: 0 qualityVal: 100
[17:59:45:757] [95171:000173f6] [DEBUG][com.freerdp.channels.rdpgfx.client] - [rdpgfx_read_h264_metablock]: quantQualityVals[143]: qp: 0 r: 0 p: 0 qualityVal: 100
[17:59:45:757] [95171:000173f6] [DEBUG][com.freerdp.channels.rdpgfx.client] - [rdpgfx_read_h264_metablock]: quantQualityVals[144]: qp: 0 r: 0 p: 0 qualityVal: 100
[17:59:45:757] [95171:000173f6] [DEBUG][com.freerdp.channels.rdpgfx.client] - [rdpgfx_read_h264_metablock]: quantQualityVals[145]: qp: 0 r: 0 p: 0 qualityVal: 100
[17:59:45:757] [95171:000173f6] [DEBUG][com.freerdp.channels.rdpgfx.client] - [rdpgfx_read_h264_metablock]: quantQualityVals[146]: qp: 0 r: 0 p: 0 qualityVal: 100
[17:59:45:757] [95171:000173f6] [DEBUG][com.freerdp.channels.rdpgfx.client] - [rdpgfx_read_h264_metablock]: quantQualityVals[147]: qp: 0 r: 0 p: 0 qualityVal: 100
[17:59:45:757] [95171:000173f6] [DEBUG][com.freerdp.channels.rdpgfx.client] - [rdpgfx_read_h264_metablock]: quantQualityVals[148]: qp: 0 r: 0 p: 0 qualityVal: 100
[17:59:45:757] [95171:000173f6] [DEBUG][com.freerdp.channels.rdpgfx.client] - [rdpgfx_read_h264_metablock]: quantQualityVals[149]: qp: 0 r: 0 p: 0 qualityVal: 100
[17:59:45:757] [95171:000173f6] [DEBUG][com.freerdp.channels.rdpgfx.client] - [rdpgfx_read_h264_metablock]: quantQualityVals[150]: qp: 0 r: 0 p: 0 qualityVal: 100
[17:59:45:757] [95171:000173f6] [DEBUG][com.freerdp.channels.rdpgfx.client] - [rdpgfx_read_h264_metablock]: quantQualityVals[151]: qp: 0 r: 0 p: 0 qualityVal: 100
[17:59:45:757] [95171:000173f6] [DEBUG][com.freerdp.channels.rdpgfx.client] - [rdpgfx_read_h264_metablock]: quantQualityVals[152]: qp: 0 r: 0 p: 0 qualityVal: 100
[17:59:45:757] [95171:000173f6] [DEBUG][com.freerdp.channels.rdpgfx.client] - [rdpgfx_read_h264_metablock]: quantQualityVals[153]: qp: 0 r: 0 p: 0 qualityVal: 100
[17:59:45:757] [95171:000173f6] [DEBUG][com.freerdp.channels.rdpgfx.client] - [rdpgfx_read_h264_metablock]: quantQualityVals[154]: qp: 0 r: 0 p: 0 qualityVal: 100
[17:59:45:757] [95171:000173f6] [DEBUG][com.freerdp.channels.rdpgfx.client] - [rdpgfx_read_h264_metablock]: quantQualityVals[155]: qp: 0 r: 0 p: 0 qualityVal: 100
[17:59:45:757] [95171:000173f6] [DEBUG][com.freerdp.channels.rdpgfx.client] - [rdpgfx_read_h264_metablock]: quantQualityVals[156]: qp: 0 r: 0 p: 0 qualityVal: 100
[17:59:45:757] [95171:000173f6] [DEBUG][com.freerdp.channels.rdpgfx.client] - [rdpgfx_read_h264_metablock]: quantQualityVals[157]: qp: 0 r: 0 p: 0 qualityVal: 100
[17:59:45:757] [95171:000173f6] [DEBUG][com.freerdp.channels.rdpgfx.client] - [rdpgfx_read_h264_metablock]: quantQualityVals[158]: qp: 0 r: 0 p: 0 qualityVal: 100
[17:59:45:757] [95171:000173f6] [DEBUG][com.freerdp.channels.rdpgfx.client] - [rdpgfx_read_h264_metablock]: quantQualityVals[159]: qp: 0 r: 0 p: 0 qualityVal: 100
[17:59:45:757] [95171:000173f6] [DEBUG][com.freerdp.channels.rdpgfx.client] - [rdpgfx_read_h264_metablock]: quantQualityVals[160]: qp: 0 r: 0 p: 0 qualityVal: 100
[17:59:45:757] [95171:000173f6] [DEBUG][com.freerdp.channels.rdpgfx.client] - [rdpgfx_read_h264_metablock]: quantQualityVals[161]: qp: 0 r: 0 p: 0 qualityVal: 100
[17:59:45:757] [95171:000173f6] [DEBUG][com.freerdp.channels.rdpgfx.client] - [rdpgfx_read_h264_metablock]: quantQualityVals[162]: qp: 0 r: 0 p: 0 qualityVal: 100
[17:59:45:757] [95171:000173f6] [DEBUG][com.freerdp.channels.rdpgfx.client] - [rdpgfx_read_h264_metablock]: quantQualityVals[163]: qp: 0 r: 0 p: 0 qualityVal: 100
[17:59:45:757] [95171:000173f6] [DEBUG][com.freerdp.channels.rdpgfx.client] - [rdpgfx_read_h264_metablock]: quantQualityVals[164]: qp: 0 r: 0 p: 0 qualityVal: 100
[17:59:45:757] [95171:000173f6] [DEBUG][com.freerdp.channels.rdpgfx.client] - [rdpgfx_read_h264_metablock]: quantQualityVals[165]: qp: 0 r: 0 p: 0 qualityVal: 100
[17:59:45:757] [95171:000173f6] [DEBUG][com.freerdp.channels.rdpgfx.client] - [rdpgfx_read_h264_metablock]: quantQualityVals[166]: qp: 0 r: 0 p: 0 qualityVal: 100
[17:59:45:757] [95171:000173f6] [DEBUG][com.freerdp.channels.rdpgfx.client] - [rdpgfx_read_h264_metablock]: quantQualityVals[167]: qp: 0 r: 0 p: 0 qualityVal: 100
[17:59:45:757] [95171:000173f6] [DEBUG][com.freerdp.channels.rdpgfx.client] - [rdpgfx_read_h264_metablock]: quantQualityVals[168]: qp: 0 r: 0 p: 0 qualityVal: 100
[17:59:45:757] [95171:000173f6] [DEBUG][com.freerdp.channels.rdpgfx.client] - [rdpgfx_read_h264_metablock]: quantQualityVals[169]: qp: 0 r: 0 p: 0 qualityVal: 100
[17:59:45:757] [95171:000173f6] [DEBUG][com.freerdp.channels.rdpgfx.client] - [rdpgfx_read_h264_metablock]: quantQualityVals[170]: qp: 0 r: 0 p: 0 qualityVal: 100
[17:59:45:757] [95171:000173f6] [DEBUG][com.freerdp.channels.rdpgfx.client] - [rdpgfx_read_h264_metablock]: quantQualityVals[171]: qp: 0 r: 0 p: 0 qualityVal: 100
[17:59:45:757] [95171:000173f6] [DEBUG][com.freerdp.channels.rdpgfx.client] - [rdpgfx_read_h264_metablock]: quantQualityVals[172]: qp: 0 r: 0 p: 0 qualityVal: 100
[17:59:45:757] [95171:000173f6] [DEBUG][com.freerdp.channels.rdpgfx.client] - [rdpgfx_read_h264_metablock]: quantQualityVals[173]: qp: 0 r: 0 p: 0 qualityVal: 100
[17:59:45:757] [95171:000173f6] [DEBUG][com.freerdp.channels.rdpgfx.client] - [rdpgfx_read_h264_metablock]: quantQualityVals[174]: qp: 0 r: 0 p: 0 qualityVal: 100
[17:59:45:757] [95171:000173f6] [DEBUG][com.freerdp.channels.rdpgfx.client] - [rdpgfx_read_h264_metablock]: quantQualityVals[175]: qp: 0 r: 0 p: 0 qualityVal: 100
[17:59:45:757] [95171:000173f6] [DEBUG][com.freerdp.channels.rdpgfx.client] - [rdpgfx_read_h264_metablock]: quantQualityVals[176]: qp: 0 r: 0 p: 0 qualityVal: 100
[17:59:45:757] [95171:000173f6] [DEBUG][com.freerdp.channels.rdpgfx.client] - [rdpgfx_read_h264_metablock]: quantQualityVals[177]: qp: 0 r: 0 p: 0 qualityVal: 100
[17:59:45:757] [95171:000173f6] [DEBUG][com.freerdp.channels.rdpgfx.client] - [rdpgfx_read_h264_metablock]: quantQualityVals[178]: qp: 0 r: 0 p: 0 qualityVal: 100
[17:59:45:757] [95171:000173f6] [DEBUG][com.freerdp.channels.rdpgfx.client] - [rdpgfx_read_h264_metablock]: quantQualityVals[179]: qp: 0 r: 0 p: 0 qualityVal: 100
[17:59:45:757] [95171:000173f6] [DEBUG][com.freerdp.channels.rdpgfx.client] - [rdpgfx_read_h264_metablock]: quantQualityVals[180]: qp: 0 r: 0 p: 0 qualityVal: 100
[17:59:45:757] [95171:000173f6] [DEBUG][com.freerdp.channels.rdpgfx.client] - [rdpgfx_read_h264_metablock]: quantQualityVals[181]: qp: 0 r: 0 p: 0 qualityVal: 100
[17:59:45:757] [95171:000173f6] [DEBUG][com.freerdp.channels.rdpgfx.client] - [rdpgfx_read_h264_metablock]: quantQualityVals[182]: qp: 0 r: 0 p: 0 qualityVal: 100
[17:59:45:757] [95171:000173f6] [DEBUG][com.freerdp.channels.rdpgfx.client] - [rdpgfx_read_h264_metablock]: quantQualityVals[183]: qp: 0 r: 0 p: 0 qualityVal: 100
[17:59:45:757] [95171:000173f6] [DEBUG][com.freerdp.channels.rdpgfx.client] - [rdpgfx_read_h264_metablock]: quantQualityVals[184]: qp: 0 r: 0 p: 0 qualityVal: 100
[17:59:45:757] [95171:000173f6] [DEBUG][com.freerdp.channels.rdpgfx.client] - [rdpgfx_read_h264_metablock]: quantQualityVals[185]: qp: 0 r: 0 p: 0 qualityVal: 100
[17:59:45:757] [95171:000173f6] [DEBUG][com.freerdp.channels.rdpgfx.client] - [rdpgfx_read_h264_metablock]: quantQualityVals[186]: qp: 0 r: 0 p: 0 qualityVal: 100
[17:59:45:757] [95171:000173f6] [DEBUG][com.freerdp.channels.rdpgfx.client] - [rdpgfx_read_h264_metablock]: quantQualityVals[187]: qp: 0 r: 0 p: 0 qualityVal: 100
[17:59:45:757] [95171:000173f6] [DEBUG][com.freerdp.channels.rdpgfx.client] - [rdpgfx_read_h264_metablock]: quantQualityVals[188]: qp: 0 r: 0 p: 0 qualityVal: 100
[17:59:45:757] [95171:000173f6] [DEBUG][com.freerdp.channels.rdpgfx.client] - [rdpgfx_read_h264_metablock]: quantQualityVals[189]: qp: 0 r: 0 p: 0 qualityVal: 100
[17:59:45:757] [95171:000173f6] [DEBUG][com.freerdp.channels.rdpgfx.client] - [rdpgfx_read_h264_metablock]: quantQualityVals[190]: qp: 0 r: 0 p: 0 qualityVal: 100
[17:59:45:757] [95171:000173f6] [DEBUG][com.freerdp.channels.rdpgfx.client] - [rdpgfx_read_h264_metablock]: quantQualityVals[191]: qp: 0 r: 0 p: 0 qualityVal: 100
[17:59:45:757] [95171:000173f6] [DEBUG][com.freerdp.channels.rdpgfx.client] - [rdpgfx_read_h264_metablock]: quantQualityVals[192]: qp: 0 r: 0 p: 0 qualityVal: 100
[17:59:45:757] [95171:000173f6] [DEBUG][com.freerdp.channels.rdpgfx.client] - [rdpgfx_read_h264_metablock]: quantQualityVals[193]: qp: 0 r: 0 p: 0 qualityVal: 100
[17:59:45:757] [95171:000173f6] [DEBUG][com.freerdp.channels.rdpgfx.client] - [rdpgfx_read_h264_metablock]: quantQualityVals[194]: qp: 0 r: 0 p: 0 qualityVal: 100
[17:59:45:757] [95171:000173f6] [DEBUG][com.freerdp.channels.rdpgfx.client] - [rdpgfx_read_h264_metablock]: quantQualityVals[195]: qp: 0 r: 0 p: 0 qualityVal: 100
[17:59:45:757] [95171:000173f6] [DEBUG][com.freerdp.channels.rdpgfx.client] - [rdpgfx_read_h264_metablock]: quantQualityVals[196]: qp: 0 r: 0 p: 0 qualityVal: 100
[17:59:45:757] [95171:000173f6] [DEBUG][com.freerdp.channels.rdpgfx.client] - [rdpgfx_read_h264_metablock]: quantQualityVals[197]: qp: 0 r: 0 p: 0 qualityVal: 100
[17:59:45:757] [95171:000173f6] [DEBUG][com.freerdp.channels.rdpgfx.client] - [rdpgfx_read_h264_metablock]: quantQualityVals[198]: qp: 0 r: 0 p: 0 qualityVal: 100
[17:59:45:757] [95171:000173f6] [DEBUG][com.freerdp.channels.rdpgfx.client] - [rdpgfx_read_h264_metablock]: quantQualityVals[199]: qp: 0 r: 0 p: 0 qualityVal: 100
[17:59:45:757] [95171:000173f6] [DEBUG][com.freerdp.channels.rdpgfx.client] - [rdpgfx_read_h264_metablock]: quantQualityVals[200]: qp: 0 r: 0 p: 0 qualityVal: 100
[17:59:45:757] [95171:000173f6] [DEBUG][com.freerdp.channels.rdpgfx.client] - [rdpgfx_read_h264_metablock]: quantQualityVals[201]: qp: 0 r: 0 p: 0 qualityVal: 100
[17:59:45:757] [95171:000173f6] [DEBUG][com.freerdp.channels.rdpgfx.client] - [rdpgfx_read_h264_metablock]: quantQualityVals[202]: qp: 0 r: 0 p: 0 qualityVal: 100
[17:59:45:757] [95171:000173f6] [DEBUG][com.freerdp.channels.rdpgfx.client] - [rdpgfx_read_h264_metablock]: quantQualityVals[203]: qp: 0 r: 0 p: 0 qualityVal: 100
[17:59:45:757] [95171:000173f6] [DEBUG][com.freerdp.channels.rdpgfx.client] - [rdpgfx_read_h264_metablock]: quantQualityVals[204]: qp: 0 r: 0 p: 0 qualityVal: 100
[17:59:45:757] [95171:000173f6] [DEBUG][com.freerdp.channels.rdpgfx.client] - [rdpgfx_read_h264_metablock]: quantQualityVals[205]: qp: 0 r: 0 p: 0 qualityVal: 100
[17:59:45:757] [95171:000173f6] [DEBUG][com.freerdp.channels.rdpgfx.client] - [rdpgfx_read_h264_metablock]: quantQualityVals[206]: qp: 0 r: 0 p: 0 qualityVal: 100
[17:59:45:757] [95171:000173f6] [DEBUG][com.freerdp.channels.rdpgfx.client] - [rdpgfx_read_h264_metablock]: quantQualityVals[207]: qp: 0 r: 0 p: 0 qualityVal: 100
[17:59:45:757] [95171:000173f6] [DEBUG][com.freerdp.channels.rdpgfx.client] - [rdpgfx_read_h264_metablock]: quantQualityVals[208]: qp: 0 r: 0 p: 0 qualityVal: 100
[17:59:45:757] [95171:000173f6] [DEBUG][com.freerdp.channels.rdpgfx.client] - [rdpgfx_read_h264_metablock]: quantQualityVals[209]: qp: 0 r: 0 p: 0 qualityVal: 100
[17:59:45:757] [95171:000173f6] [DEBUG][com.freerdp.channels.rdpgfx.client] - [rdpgfx_read_h264_metablock]: quantQualityVals[210]: qp: 0 r: 0 p: 0 qualityVal: 100
[17:59:45:757] [95171:000173f6] [DEBUG][com.freerdp.channels.rdpgfx.client] - [rdpgfx_read_h264_metablock]: quantQualityVals[211]: qp: 0 r: 0 p: 0 qualityVal: 100
[17:59:45:757] [95171:000173f6] [DEBUG][com.freerdp.channels.rdpgfx.client] - [rdpgfx_read_h264_metablock]: quantQualityVals[212]: qp: 0 r: 0 p: 0 qualityVal: 100
[17:59:45:757] [95171:000173f6] [DEBUG][com.freerdp.channels.rdpgfx.client] - [rdpgfx_read_h264_metablock]: quantQualityVals[213]: qp: 0 r: 0 p: 0 qualityVal: 100
[17:59:45:757] [95171:000173f6] [DEBUG][com.freerdp.channels.rdpgfx.client] - [rdpgfx_read_h264_metablock]: quantQualityVals[214]: qp: 0 r: 0 p: 0 qualityVal: 100
[17:59:45:757] [95171:000173f6] [DEBUG][com.freerdp.channels.rdpgfx.client] - [rdpgfx_read_h264_metablock]: quantQualityVals[215]: qp: 0 r: 0 p: 0 qualityVal: 100
[17:59:45:757] [95171:000173f6] [DEBUG][com.freerdp.channels.rdpgfx.client] - [rdpgfx_read_h264_metablock]: quantQualityVals[216]: qp: 0 r: 0 p: 0 qualityVal: 100
[17:59:45:757] [95171:000173f6] [DEBUG][com.freerdp.channels.rdpgfx.client] - [rdpgfx_read_h264_metablock]: quantQualityVals[217]: qp: 0 r: 0 p: 0 qualityVal: 100
[17:59:45:757] [95171:000173f6] [DEBUG][com.freerdp.channels.rdpgfx.client] - [rdpgfx_read_h264_metablock]: quantQualityVals[218]: qp: 0 r: 0 p: 0 qualityVal: 100
[17:59:45:757] [95171:000173f6] [DEBUG][com.freerdp.channels.rdpgfx.client] - [rdpgfx_read_h264_metablock]: quantQualityVals[219]: qp: 0 r: 0 p: 0 qualityVal: 100
[17:59:45:757] [95171:000173f6] [DEBUG][com.freerdp.channels.rdpgfx.client] - [rdpgfx_read_h264_metablock]: quantQualityVals[220]: qp: 0 r: 0 p: 0 qualityVal: 100
[17:59:45:757] [95171:000173f6] [DEBUG][com.freerdp.channels.rdpgfx.client] - [rdpgfx_read_h264_metablock]: quantQualityVals[221]: qp: 0 r: 0 p: 0 qualityVal: 100
[17:59:45:757] [95171:000173f6] [DEBUG][com.freerdp.channels.rdpgfx.client] - [rdpgfx_read_h264_metablock]: quantQualityVals[222]: qp: 0 r: 0 p: 0 qualityVal: 100
[17:59:45:757] [95171:000173f6] [DEBUG][com.freerdp.channels.rdpgfx.client] - [rdpgfx_read_h264_metablock]: quantQualityVals[223]: qp: 0 r: 0 p: 0 qualityVal: 100
[17:59:45:757] [95171:000173f6] [DEBUG][com.freerdp.channels.rdpgfx.client] - [rdpgfx_read_h264_metablock]: quantQualityVals[224]: qp: 0 r: 0 p: 0 qualityVal: 100
[17:59:45:757] [95171:000173f6] [DEBUG][com.freerdp.channels.rdpgfx.client] - [rdpgfx_read_h264_metablock]: quantQualityVals[225]: qp: 0 r: 0 p: 0 qualityVal: 100
[17:59:45:757] [95171:000173f6] [DEBUG][com.freerdp.channels.rdpgfx.client] - [rdpgfx_read_h264_metablock]: quantQualityVals[226]: qp: 0 r: 0 p: 0 qualityVal: 100
[17:59:45:757] [95171:000173f6] [DEBUG][com.freerdp.channels.rdpgfx.client] - [rdpgfx_read_h264_metablock]: quantQualityVals[227]: qp: 0 r: 0 p: 0 qualityVal: 100
[17:59:45:757] [95171:000173f6] [DEBUG][com.freerdp.channels.rdpgfx.client] - [rdpgfx_read_h264_metablock]: quantQualityVals[228]: qp: 0 r: 0 p: 0 qualityVal: 100
[17:59:45:757] [95171:000173f6] [DEBUG][com.freerdp.channels.rdpgfx.client] - [rdpgfx_read_h264_metablock]: quantQualityVals[229]: qp: 0 r: 0 p: 0 qualityVal: 100
[17:59:45:757] [95171:000173f6] [DEBUG][com.freerdp.channels.rdpgfx.client] - [rdpgfx_read_h264_metablock]: quantQualityVals[230]: qp: 0 r: 0 p: 0 qualityVal: 100
[17:59:45:757] [95171:000173f6] [DEBUG][com.freerdp.channels.rdpgfx.client] - [rdpgfx_read_h264_metablock]: quantQualityVals[231]: qp: 0 r: 0 p: 0 qualityVal: 100
[17:59:45:757] [95171:000173f6] [DEBUG][com.freerdp.channels.rdpgfx.client] - [rdpgfx_read_h264_metablock]: quantQualityVals[232]: qp: 0 r: 0 p: 0 qualityVal: 100
[17:59:45:757] [95171:000173f6] [DEBUG][com.freerdp.channels.rdpgfx.client] - [rdpgfx_read_h264_metablock]: quantQualityVals[233]: qp: 0 r: 0 p: 0 qualityVal: 100
[17:59:45:757] [95171:000173f6] [DEBUG][com.freerdp.channels.rdpgfx.client] - [rdpgfx_read_h264_metablock]: quantQualityVals[234]: qp: 0 r: 0 p: 0 qualityVal: 100
[17:59:45:757] [95171:000173f6] [DEBUG][com.freerdp.channels.rdpgfx.client] - [rdpgfx_read_h264_metablock]: quantQualityVals[235]: qp: 0 r: 0 p: 0 qualityVal: 100
[17:59:45:757] [95171:000173f6] [DEBUG][com.freerdp.channels.rdpgfx.client] - [rdpgfx_read_h264_metablock]: quantQualityVals[236]: qp: 0 r: 0 p: 0 qualityVal: 100
[17:59:45:757] [95171:000173f6] [DEBUG][com.freerdp.channels.rdpgfx.client] - [rdpgfx_read_h264_metablock]: quantQualityVals[237]: qp: 0 r: 0 p: 0 qualityVal: 100
[17:59:45:757] [95171:000173f6] [DEBUG][com.freerdp.channels.rdpgfx.client] - [rdpgfx_read_h264_metablock]: quantQualityVals[238]: qp: 0 r: 0 p: 0 qualityVal: 100
[17:59:45:757] [95171:000173f6] [DEBUG][com.freerdp.channels.rdpgfx.client] - [rdpgfx_read_h264_metablock]: quantQualityVals[239]: qp: 0 r: 0 p: 0 qualityVal: 100
[17:59:45:757] [95171:000173f6] [DEBUG][com.freerdp.channels.rdpgfx.client] - [rdpgfx_read_h264_metablock]: quantQualityVals[240]: qp: 0 r: 0 p: 0 qualityVal: 100
[17:59:45:757] [95171:000173f6] [DEBUG][com.freerdp.channels.rdpgfx.client] - [rdpgfx_read_h264_metablock]: quantQualityVals[241]: qp: 0 r: 0 p: 0 qualityVal: 100
[17:59:45:757] [95171:000173f6] [DEBUG][com.freerdp.channels.rdpgfx.client] - [rdpgfx_read_h264_metablock]: quantQualityVals[242]: qp: 0 r: 0 p: 0 qualityVal: 100
[17:59:45:757] [95171:000173f6] [DEBUG][com.freerdp.channels.rdpgfx.client] - [rdpgfx_read_h264_metablock]: quantQualityVals[243]: qp: 0 r: 0 p: 0 qualityVal: 100
[17:59:45:757] [95171:000173f6] [DEBUG][com.freerdp.channels.rdpgfx.client] - [rdpgfx_read_h264_metablock]: quantQualityVals[244]: qp: 0 r: 0 p: 0 qualityVal: 100
[17:59:45:757] [95171:000173f6] [DEBUG][com.freerdp.channels.rdpgfx.client] - [rdpgfx_read_h264_metablock]: quantQualityVals[245]: qp: 0 r: 0 p: 0 qualityVal: 100
[17:59:45:757] [95171:000173f6] [DEBUG][com.freerdp.channels.rdpgfx.client] - [rdpgfx_read_h264_metablock]: quantQualityVals[246]: qp: 0 r: 0 p: 0 qualityVal: 100
[17:59:45:757] [95171:000173f6] [DEBUG][com.freerdp.channels.rdpgfx.client] - [rdpgfx_read_h264_metablock]: quantQualityVals[247]: qp: 0 r: 0 p: 0 qualityVal: 100
[17:59:45:757] [95171:000173f6] [DEBUG][com.freerdp.channels.rdpgfx.client] - [rdpgfx_read_h264_metablock]: quantQualityVals[248]: qp: 0 r: 0 p: 0 qualityVal: 100
[17:59:45:757] [95171:000173f6] [DEBUG][com.freerdp.channels.rdpgfx.client] - [rdpgfx_read_h264_metablock]: quantQualityVals[249]: qp: 0 r: 0 p: 0 qualityVal: 100
[17:59:45:757] [95171:000173f6] [DEBUG][com.freerdp.channels.rdpgfx.client] - [rdpgfx_read_h264_metablock]: quantQualityVals[250]: qp: 0 r: 0 p: 0 qualityVal: 100
[17:59:45:757] [95171:000173f6] [DEBUG][com.freerdp.channels.rdpgfx.client] - [rdpgfx_read_h264_metablock]: quantQualityVals[251]: qp: 0 r: 0 p: 0 qualityVal: 100
[17:59:45:757] [95171:000173f6] [DEBUG][com.freerdp.channels.rdpgfx.client] - [rdpgfx_read_h264_metablock]: quantQualityVals[252]: qp: 0 r: 0 p: 0 qualityVal: 100
[17:59:45:757] [95171:000173f6] [DEBUG][com.freerdp.channels.rdpgfx.client] - [rdpgfx_read_h264_metablock]: quantQualityVals[253]: qp: 0 r: 0 p: 0 qualityVal: 100
[17:59:45:757] [95171:000173f6] [DEBUG][com.freerdp.channels.rdpgfx.client] - [rdpgfx_read_h264_metablock]: quantQualityVals[254]: qp: 0 r: 0 p: 0 qualityVal: 100
[17:59:45:757] [95171:000173f6] [DEBUG][com.freerdp.channels.rdpgfx.client] - [rdpgfx_read_h264_metablock]: quantQualityVals[255]: qp: 0 r: 0 p: 0 qualityVal: 100
[17:59:45:757] [95171:000173f6] [DEBUG][com.freerdp.channels.rdpgfx.client] - [rdpgfx_read_h264_metablock]: quantQualityVals[256]: qp: 0 r: 0 p: 0 qualityVal: 100
[17:59:45:757] [95171:000173f6] [DEBUG][com.freerdp.channels.rdpgfx.client] - [rdpgfx_read_h264_metablock]: quantQualityVals[257]: qp: 0 r: 0 p: 0 qualityVal: 100
[17:59:45:757] [95171:000173f6] [DEBUG][com.freerdp.channels.rdpgfx.client] - [rdpgfx_read_h264_metablock]: quantQualityVals[258]: qp: 0 r: 0 p: 0 qualityVal: 100
[17:59:45:757] [95171:000173f6] [DEBUG][com.freerdp.channels.rdpgfx.client] - [rdpgfx_read_h264_metablock]: quantQualityVals[259]: qp: 0 r: 0 p: 0 qualityVal: 100
[17:59:46:017] [95171:000173f6] [DEBUG][com.freerdp.channels.rdpgfx.client] - [rdpgfx_read_h264_metablock]: H264_METABLOCK: numRegionRects: 10
[17:59:46:017] [95171:000173f6] [DEBUG][com.freerdp.channels.rdpgfx.client] - [rdpgfx_read_h264_metablock]: regionRects[0]: left: 0 top: 320 right: 64 bottom: 384
[17:59:46:017] [95171:000173f6] [DEBUG][com.freerdp.channels.rdpgfx.client] - [rdpgfx_read_h264_metablock]: regionRects[1]: left: 192 top: 320 right: 256 bottom: 384
[17:59:46:017] [95171:000173f6] [DEBUG][com.freerdp.channels.rdpgfx.client] - [rdpgfx_read_h264_metablock]: regionRects[2]: left: 0 top: 384 right: 64 bottom: 448
[17:59:46:017] [95171:000173f6] [DEBUG][com.freerdp.channels.rdpgfx.client] - [rdpgfx_read_h264_metablock]: regionRects[3]: left: 192 top: 384 right: 256 bottom: 448
[17:59:46:017] [95171:000173f6] [DEBUG][com.freerdp.channels.rdpgfx.client] - [rdpgfx_read_h264_metablock]: regionRects[4]: left: 0 top: 704 right: 64 bottom: 768
[17:59:46:017] [95171:000173f6] [DEBUG][com.freerdp.channels.rdpgfx.client] - [rdpgfx_read_h264_metablock]: regionRects[5]: left: 192 top: 704 right: 256 bottom: 768
[17:59:46:017] [95171:000173f6] [DEBUG][com.freerdp.channels.rdpgfx.client] - [rdpgfx_read_h264_metablock]: regionRects[6]: left: 0 top: 768 right: 64 bottom: 800
[17:59:46:017] [95171:000173f6] [DEBUG][com.freerdp.channels.rdpgfx.client] - [rdpgfx_read_h264_metablock]: regionRects[7]: left: 64 top: 768 right: 128 bottom: 800
[17:59:46:017] [95171:000173f6] [DEBUG][com.freerdp.channels.rdpgfx.client] - [rdpgfx_read_h264_metablock]: regionRects[8]: left: 128 top: 768 right: 192 bottom: 800
[17:59:46:017] [95171:000173f6] [DEBUG][com.freerdp.channels.rdpgfx.client] - [rdpgfx_read_h264_metablock]: regionRects[9]: left: 192 top: 768 right: 256 bottom: 800
[17:59:46:017] [95171:000173f6] [DEBUG][com.freerdp.channels.rdpgfx.client] - [rdpgfx_read_h264_metablock]: quantQualityVals[0]: qp: 0 r: 0 p: 0 qualityVal: 100
[17:59:46:017] [95171:000173f6] [DEBUG][com.freerdp.channels.rdpgfx.client] - [rdpgfx_read_h264_metablock]: quantQualityVals[1]: qp: 0 r: 0 p: 0 qualityVal: 100
[17:59:46:017] [95171:000173f6] [DEBUG][com.freerdp.channels.rdpgfx.client] - [rdpgfx_read_h264_metablock]: quantQualityVals[2]: qp: 0 r: 0 p: 0 qualityVal: 100
[17:59:46:017] [95171:000173f6] [DEBUG][com.freerdp.channels.rdpgfx.client] - [rdpgfx_read_h264_metablock]: quantQualityVals[3]: qp: 0 r: 0 p: 0 qualityVal: 100
[17:59:46:017] [95171:000173f6] [DEBUG][com.freerdp.channels.rdpgfx.client] - [rdpgfx_read_h264_metablock]: quantQualityVals[4]: qp: 0 r: 0 p: 0 qualityVal: 100
[17:59:46:017] [95171:000173f6] [DEBUG][com.freerdp.channels.rdpgfx.client] - [rdpgfx_read_h264_metablock]: quantQualityVals[5]: qp: 0 r: 0 p: 0 qualityVal: 100
[17:59:46:017] [95171:000173f6] [DEBUG][com.freerdp.channels.rdpgfx.client] - [rdpgfx_read_h264_metablock]: quantQualityVals[6]: qp: 0 r: 0 p: 0 qualityVal: 100
[17:59:46:017] [95171:000173f6] [DEBUG][com.freerdp.channels.rdpgfx.client] - [rdpgfx_read_h264_metablock]: quantQualityVals[7]: qp: 0 r: 0 p: 0 qualityVal: 100
[17:59:46:017] [95171:000173f6] [DEBUG][com.freerdp.channels.rdpgfx.client] - [rdpgfx_read_h264_metablock]: quantQualityVals[8]: qp: 0 r: 0 p: 0 qualityVal: 100
[17:59:46:017] [95171:000173f6] [DEBUG][com.freerdp.channels.rdpgfx.client] - [rdpgfx_read_h264_metablock]: quantQualityVals[9]: qp: 0 r: 0 p: 0 qualityVal: 100
[17:59:46:045] [95171:000173f6] [DEBUG][com.freerdp.channels.rdpgfx.client] - [rdpgfx_read_h264_metablock]: H264_METABLOCK: numRegionRects: 10
[17:59:46:045] [95171:000173f6] [DEBUG][com.freerdp.channels.rdpgfx.client] - [rdpgfx_read_h264_metablock]: regionRects[0]: left: 0 top: 320 right: 64 bottom: 384
[17:59:46:045] [95171:000173f6] [DEBUG][com.freerdp.channels.rdpgfx.client] - [rdpgfx_read_h264_metablock]: regionRects[1]: left: 192 top: 320 right: 256 bottom: 384
[17:59:46:045] [95171:000173f6] [DEBUG][com.freerdp.channels.rdpgfx.client] - [rdpgfx_read_h264_metablock]: regionRects[2]: left: 0 top: 384 right: 64 bottom: 448
[17:59:46:045] [95171:000173f6] [DEBUG][com.freerdp.channels.rdpgfx.client] - [rdpgfx_read_h264_metablock]: regionRects[3]: left: 192 top: 384 right: 256 bottom: 448
[17:59:46:045] [95171:000173f6] [DEBUG][com.freerdp.channels.rdpgfx.client] - [rdpgfx_read_h264_metablock]: regionRects[4]: left: 0 top: 704 right: 64 bottom: 768
[17:59:46:045] [95171:000173f6] [DEBUG][com.freerdp.channels.rdpgfx.client] - [rdpgfx_read_h264_metablock]: regionRects[5]: left: 192 top: 704 right: 256 bottom: 768
[17:59:46:045] [95171:000173f6] [DEBUG][com.freerdp.channels.rdpgfx.client] - [rdpgfx_read_h264_metablock]: regionRects[6]: left: 0 top: 768 right: 64 bottom: 800
[17:59:46:045] [95171:000173f6] [DEBUG][com.freerdp.channels.rdpgfx.client] - [rdpgfx_read_h264_metablock]: regionRects[7]: left: 64 top: 768 right: 128 bottom: 800
[17:59:46:045] [95171:000173f6] [DEBUG][com.freerdp.channels.rdpgfx.client] - [rdpgfx_read_h264_metablock]: regionRects[8]: left: 128 top: 768 right: 192 bottom: 800
[17:59:46:045] [95171:000173f6] [DEBUG][com.freerdp.channels.rdpgfx.client] - [rdpgfx_read_h264_metablock]: regionRects[9]: left: 192 top: 768 right: 256 bottom: 800
[17:59:46:045] [95171:000173f6] [DEBUG][com.freerdp.channels.rdpgfx.client] - [rdpgfx_read_h264_metablock]: quantQualityVals[0]: qp: 0 r: 0 p: 0 qualityVal: 100
[17:59:46:045] [95171:000173f6] [DEBUG][com.freerdp.channels.rdpgfx.client] - [rdpgfx_read_h264_metablock]: quantQualityVals[1]: qp: 0 r: 0 p: 0 qualityVal: 100
[17:59:46:045] [95171:000173f6] [DEBUG][com.freerdp.channels.rdpgfx.client] - [rdpgfx_read_h264_metablock]: quantQualityVals[2]: qp: 0 r: 0 p: 0 qualityVal: 100
[17:59:46:045] [95171:000173f6] [DEBUG][com.freerdp.channels.rdpgfx.client] - [rdpgfx_read_h264_metablock]: quantQualityVals[3]: qp: 0 r: 0 p: 0 qualityVal: 100
[17:59:46:045] [95171:000173f6] [DEBUG][com.freerdp.channels.rdpgfx.client] - [rdpgfx_read_h264_metablock]: quantQualityVals[4]: qp: 0 r: 0 p: 0 qualityVal: 100
[17:59:46:045] [95171:000173f6] [DEBUG][com.freerdp.channels.rdpgfx.client] - [rdpgfx_read_h264_metablock]: quantQualityVals[5]: qp: 0 r: 0 p: 0 qualityVal: 100
[17:59:46:045] [95171:000173f6] [DEBUG][com.freerdp.channels.rdpgfx.client] - [rdpgfx_read_h264_metablock]: quantQualityVals[6]: qp: 0 r: 0 p: 0 qualityVal: 100
[17:59:46:045] [95171:000173f6] [DEBUG][com.freerdp.channels.rdpgfx.client] - [rdpgfx_read_h264_metablock]: quantQualityVals[7]: qp: 0 r: 0 p: 0 qualityVal: 100
[17:59:46:045] [95171:000173f6] [DEBUG][com.freerdp.channels.rdpgfx.client] - [rdpgfx_read_h264_metablock]: quantQualityVals[8]: qp: 0 r: 0 p: 0 qualityVal: 100
[17:59:46:045] [95171:000173f6] [DEBUG][com.freerdp.channels.rdpgfx.client] - [rdpgfx_read_h264_metablock]: quantQualityVals[9]: qp: 0 r: 0 p: 0 qualityVal: 100
[17:59:46:115] [95171:000173f6] [DEBUG][com.freerdp.channels.rdpgfx.client] - [rdpgfx_read_h264_metablock]: H264_METABLOCK: numRegionRects: 10
[17:59:46:115] [95171:000173f6] [DEBUG][com.freerdp.channels.rdpgfx.client] - [rdpgfx_read_h264_metablock]: regionRects[0]: left: 0 top: 320 right: 64 bottom: 384
[17:59:46:115] [95171:000173f6] [DEBUG][com.freerdp.channels.rdpgfx.client] - [rdpgfx_read_h264_metablock]: regionRects[1]: left: 192 top: 320 right: 256 bottom: 384
[17:59:46:115] [95171:000173f6] [DEBUG][com.freerdp.channels.rdpgfx.client] - [rdpgfx_read_h264_metablock]: regionRects[2]: left: 0 top: 384 right: 64 bottom: 448
[17:59:46:115] [95171:000173f6] [DEBUG][com.freerdp.channels.rdpgfx.client] - [rdpgfx_read_h264_metablock]: regionRects[3]: left: 192 top: 384 right: 256 bottom: 448
[17:59:46:115] [95171:000173f6] [DEBUG][com.freerdp.channels.rdpgfx.client] - [rdpgfx_read_h264_metablock]: regionRects[4]: left: 0 top: 704 right: 64 bottom: 768
[17:59:46:115] [95171:000173f6] [DEBUG][com.freerdp.channels.rdpgfx.client] - [rdpgfx_read_h264_metablock]: regionRects[5]: left: 192 top: 704 right: 256 bottom: 768
[17:59:46:115] [95171:000173f6] [DEBUG][com.freerdp.channels.rdpgfx.client] - [rdpgfx_read_h264_metablock]: regionRects[6]: left: 0 top: 768 right: 64 bottom: 800
[17:59:46:115] [95171:000173f6] [DEBUG][com.freerdp.channels.rdpgfx.client] - [rdpgfx_read_h264_metablock]: regionRects[7]: left: 64 top: 768 right: 128 bottom: 800
[17:59:46:115] [95171:000173f6] [DEBUG][com.freerdp.channels.rdpgfx.client] - [rdpgfx_read_h264_metablock]: regionRects[8]: left: 128 top: 768 right: 192 bottom: 800
[17:59:46:115] [95171:000173f6] [DEBUG][com.freerdp.channels.rdpgfx.client] - [rdpgfx_read_h264_metablock]: regionRects[9]: left: 192 top: 768 right: 256 bottom: 800
[17:59:46:115] [95171:000173f6] [DEBUG][com.freerdp.channels.rdpgfx.client] - [rdpgfx_read_h264_metablock]: quantQualityVals[0]: qp: 0 r: 0 p: 0 qualityVal: 100
[17:59:46:115] [95171:000173f6] [DEBUG][com.freerdp.channels.rdpgfx.client] - [rdpgfx_read_h264_metablock]: quantQualityVals[1]: qp: 0 r: 0 p: 0 qualityVal: 100
[17:59:46:115] [95171:000173f6] [DEBUG][com.freerdp.channels.rdpgfx.client] - [rdpgfx_read_h264_metablock]: quantQualityVals[2]: qp: 0 r: 0 p: 0 qualityVal: 100
[17:59:46:115] [95171:000173f6] [DEBUG][com.freerdp.channels.rdpgfx.client] - [rdpgfx_read_h264_metablock]: quantQualityVals[3]: qp: 0 r: 0 p: 0 qualityVal: 100
[17:59:46:115] [95171:000173f6] [DEBUG][com.freerdp.channels.rdpgfx.client] - [rdpgfx_read_h264_metablock]: quantQualityVals[4]: qp: 0 r: 0 p: 0 qualityVal: 100
[17:59:46:115] [95171:000173f6] [DEBUG][com.freerdp.channels.rdpgfx.client] - [rdpgfx_read_h264_metablock]: quantQualityVals[5]: qp: 0 r: 0 p: 0 qualityVal: 100
[17:59:46:115] [95171:000173f6] [DEBUG][com.freerdp.channels.rdpgfx.client] - [rdpgfx_read_h264_metablock]: quantQualityVals[6]: qp: 0 r: 0 p: 0 qualityVal: 100
[17:59:46:115] [95171:000173f6] [DEBUG][com.freerdp.channels.rdpgfx.client] - [rdpgfx_read_h264_metablock]: quantQualityVals[7]: qp: 0 r: 0 p: 0 qualityVal: 100
[17:59:46:115] [95171:000173f6] [DEBUG][com.freerdp.channels.rdpgfx.client] - [rdpgfx_read_h264_metablock]: quantQualityVals[8]: qp: 0 r: 0 p: 0 qualityVal: 100
[17:59:46:115] [95171:000173f6] [DEBUG][com.freerdp.channels.rdpgfx.client] - [rdpgfx_read_h264_metablock]: quantQualityVals[9]: qp: 0 r: 0 p: 0 qualityVal: 100
[17:59:46:145] [95171:000173f6] [DEBUG][com.freerdp.channels.rdpgfx.client] - [rdpgfx_read_h264_metablock]: H264_METABLOCK: numRegionRects: 10
[17:59:46:145] [95171:000173f6] [DEBUG][com.freerdp.channels.rdpgfx.client] - [rdpgfx_read_h264_metablock]: regionRects[0]: left: 0 top: 320 right: 64 bottom: 384
[17:59:46:145] [95171:000173f6] [DEBUG][com.freerdp.channels.rdpgfx.client] - [rdpgfx_read_h264_metablock]: regionRects[1]: left: 192 top: 320 right: 256 bottom: 384
[17:59:46:145] [95171:000173f6] [DEBUG][com.freerdp.channels.rdpgfx.client] - [rdpgfx_read_h264_metablock]: regionRects[2]: left: 0 top: 384 right: 64 bottom: 448
[17:59:46:145] [95171:000173f6] [DEBUG][com.freerdp.channels.rdpgfx.client] - [rdpgfx_read_h264_metablock]: regionRects[3]: left: 192 top: 384 right: 256 bottom: 448
[17:59:46:145] [95171:000173f6] [DEBUG][com.freerdp.channels.rdpgfx.client] - [rdpgfx_read_h264_metablock]: regionRects[4]: left: 0 top: 704 right: 64 bottom: 768
[17:59:46:145] [95171:000173f6] [DEBUG][com.freerdp.channels.rdpgfx.client] - [rdpgfx_read_h264_metablock]: regionRects[5]: left: 192 top: 704 right: 256 bottom: 768
[17:59:46:145] [95171:000173f6] [DEBUG][com.freerdp.channels.rdpgfx.client] - [rdpgfx_read_h264_metablock]: regionRects[6]: left: 0 top: 768 right: 64 bottom: 800
[17:59:46:145] [95171:000173f6] [DEBUG][com.freerdp.channels.rdpgfx.client] - [rdpgfx_read_h264_metablock]: regionRects[7]: left: 64 top: 768 right: 128 bottom: 800
[17:59:46:145] [95171:000173f6] [DEBUG][com.freerdp.channels.rdpgfx.client] - [rdpgfx_read_h264_metablock]: regionRects[8]: left: 128 top: 768 right: 192 bottom: 800
[17:59:46:145] [95171:000173f6] [DEBUG][com.freerdp.channels.rdpgfx.client] - [rdpgfx_read_h264_metablock]: regionRects[9]: left: 192 top: 768 right: 256 bottom: 800
[17:59:46:145] [95171:000173f6] [DEBUG][com.freerdp.channels.rdpgfx.client] - [rdpgfx_read_h264_metablock]: quantQualityVals[0]: qp: 0 r: 0 p: 0 qualityVal: 100
[17:59:46:145] [95171:000173f6] [DEBUG][com.freerdp.channels.rdpgfx.client] - [rdpgfx_read_h264_metablock]: quantQualityVals[1]: qp: 0 r: 0 p: 0 qualityVal: 100
[17:59:46:145] [95171:000173f6] [DEBUG][com.freerdp.channels.rdpgfx.client] - [rdpgfx_read_h264_metablock]: quantQualityVals[2]: qp: 0 r: 0 p: 0 qualityVal: 100
[17:59:46:145] [95171:000173f6] [DEBUG][com.freerdp.channels.rdpgfx.client] - [rdpgfx_read_h264_metablock]: quantQualityVals[3]: qp: 0 r: 0 p: 0 qualityVal: 100
[17:59:46:145] [95171:000173f6] [DEBUG][com.freerdp.channels.rdpgfx.client] - [rdpgfx_read_h264_metablock]: quantQualityVals[4]: qp: 0 r: 0 p: 0 qualityVal: 100
[17:59:46:145] [95171:000173f6] [DEBUG][com.freerdp.channels.rdpgfx.client] - [rdpgfx_read_h264_metablock]: quantQualityVals[5]: qp: 0 r: 0 p: 0 qualityVal: 100
[17:59:46:145] [95171:000173f6] [DEBUG][com.freerdp.channels.rdpgfx.client] - [rdpgfx_read_h264_metablock]: quantQualityVals[6]: qp: 0 r: 0 p: 0 qualityVal: 100
[17:59:46:145] [95171:000173f6] [DEBUG][com.freerdp.channels.rdpgfx.client] - [rdpgfx_read_h264_metablock]: quantQualityVals[7]: qp: 0 r: 0 p: 0 qualityVal: 100
[17:59:46:145] [95171:000173f6] [DEBUG][com.freerdp.channels.rdpgfx.client] - [rdpgfx_read_h264_metablock]: quantQualityVals[8]: qp: 0 r: 0 p: 0 qualityVal: 100
[17:59:46:145] [95171:000173f6] [DEBUG][com.freerdp.channels.rdpgfx.client] - [rdpgfx_read_h264_metablock]: quantQualityVals[9]: qp: 0 r: 0 p: 0 qualityVal: 100
[17:59:46:276] [95171:000173f6] [DEBUG][com.freerdp.channels.rdpgfx.client] - [rdpgfx_read_h264_metablock]: H264_METABLOCK: numRegionRects: 10
[17:59:46:276] [95171:000173f6] [DEBUG][com.freerdp.channels.rdpgfx.client] - [rdpgfx_read_h264_metablock]: regionRects[0]: left: 0 top: 320 right: 64 bottom: 384
[17:59:46:276] [95171:000173f6] [DEBUG][com.freerdp.channels.rdpgfx.client] - [rdpgfx_read_h264_metablock]: regionRects[1]: left: 192 top: 320 right: 256 bottom: 384
[17:59:46:276] [95171:000173f6] [DEBUG][com.freerdp.channels.rdpgfx.client] - [rdpgfx_read_h264_metablock]: regionRects[2]: left: 0 top: 384 right: 64 bottom: 448
[17:59:46:276] [95171:000173f6] [DEBUG][com.freerdp.channels.rdpgfx.client] - [rdpgfx_read_h264_metablock]: regionRects[3]: left: 192 top: 384 right: 256 bottom: 448
[17:59:46:276] [95171:000173f6] [DEBUG][com.freerdp.channels.rdpgfx.client] - [rdpgfx_read_h264_metablock]: regionRects[4]: left: 0 top: 704 right: 64 bottom: 768
[17:59:46:276] [95171:000173f6] [DEBUG][com.freerdp.channels.rdpgfx.client] - [rdpgfx_read_h264_metablock]: regionRects[5]: left: 192 top: 704 right: 256 bottom: 768
[17:59:46:276] [95171:000173f6] [DEBUG][com.freerdp.channels.rdpgfx.client] - [rdpgfx_read_h264_metablock]: regionRects[6]: left: 0 top: 768 right: 64 bottom: 800
[17:59:46:276] [95171:000173f6] [DEBUG][com.freerdp.channels.rdpgfx.client] - [rdpgfx_read_h264_metablock]: regionRects[7]: left: 64 top: 768 right: 128 bottom: 800
[17:59:46:276] [95171:000173f6] [DEBUG][com.freerdp.channels.rdpgfx.client] - [rdpgfx_read_h264_metablock]: regionRects[8]: left: 128 top: 768 right: 192 bottom: 800
[17:59:46:276] [95171:000173f6] [DEBUG][com.freerdp.channels.rdpgfx.client] - [rdpgfx_read_h264_metablock]: regionRects[9]: left: 192 top: 768 right: 256 bottom: 800
[17:59:46:276] [95171:000173f6] [DEBUG][com.freerdp.channels.rdpgfx.client] - [rdpgfx_read_h264_metablock]: quantQualityVals[0]: qp: 0 r: 0 p: 0 qualityVal: 100
[17:59:46:276] [95171:000173f6] [DEBUG][com.freerdp.channels.rdpgfx.client] - [rdpgfx_read_h264_metablock]: quantQualityVals[1]: qp: 0 r: 0 p: 0 qualityVal: 100
[17:59:46:276] [95171:000173f6] [DEBUG][com.freerdp.channels.rdpgfx.client] - [rdpgfx_read_h264_metablock]: quantQualityVals[2]: qp: 0 r: 0 p: 0 qualityVal: 100
[17:59:46:276] [95171:000173f6] [DEBUG][com.freerdp.channels.rdpgfx.client] - [rdpgfx_read_h264_metablock]: quantQualityVals[3]: qp: 0 r: 0 p: 0 qualityVal: 100
[17:59:46:276] [95171:000173f6] [DEBUG][com.freerdp.channels.rdpgfx.client] - [rdpgfx_read_h264_metablock]: quantQualityVals[4]: qp: 0 r: 0 p: 0 qualityVal: 100
[17:59:46:276] [95171:000173f6] [DEBUG][com.freerdp.channels.rdpgfx.client] - [rdpgfx_read_h264_metablock]: quantQualityVals[5]: qp: 0 r: 0 p: 0 qualityVal: 100
[17:59:46:276] [95171:000173f6] [DEBUG][com.freerdp.channels.rdpgfx.client] - [rdpgfx_read_h264_metablock]: quantQualityVals[6]: qp: 0 r: 0 p: 0 qualityVal: 100
[17:59:46:276] [95171:000173f6] [DEBUG][com.freerdp.channels.rdpgfx.client] - [rdpgfx_read_h264_metablock]: quantQualityVals[7]: qp: 0 r: 0 p: 0 qualityVal: 100
[17:59:46:276] [95171:000173f6] [DEBUG][com.freerdp.channels.rdpgfx.client] - [rdpgfx_read_h264_metablock]: quantQualityVals[8]: qp: 0 r: 0 p: 0 qualityVal: 100
[17:59:46:276] [95171:000173f6] [DEBUG][com.freerdp.channels.rdpgfx.client] - [rdpgfx_read_h264_metablock]: quantQualityVals[9]: qp: 0 r: 0 p: 0 qualityVal: 100
[17:59:46:307] [95171:000173f6] [DEBUG][com.freerdp.channels.rdpgfx.client] - [rdpgfx_read_h264_metablock]: H264_METABLOCK: numRegionRects: 10
[17:59:46:307] [95171:000173f6] [DEBUG][com.freerdp.channels.rdpgfx.client] - [rdpgfx_read_h264_metablock]: regionRects[0]: left: 0 top: 320 right: 64 bottom: 384
[17:59:46:307] [95171:000173f6] [DEBUG][com.freerdp.channels.rdpgfx.client] - [rdpgfx_read_h264_metablock]: regionRects[1]: left: 192 top: 320 right: 256 bottom: 384
[17:59:46:307] [95171:000173f6] [DEBUG][com.freerdp.channels.rdpgfx.client] - [rdpgfx_read_h264_metablock]: regionRects[2]: left: 0 top: 384 right: 64 bottom: 448
[17:59:46:307] [95171:000173f6] [DEBUG][com.freerdp.channels.rdpgfx.client] - [rdpgfx_read_h264_metablock]: regionRects[3]: left: 192 top: 384 right: 256 bottom: 448
[17:59:46:308] [95171:000173f6] [DEBUG][com.freerdp.channels.rdpgfx.client] - [rdpgfx_read_h264_metablock]: regionRects[4]: left: 0 top: 704 right: 64 bottom: 768
[17:59:46:308] [95171:000173f6] [DEBUG][com.freerdp.channels.rdpgfx.client] - [rdpgfx_read_h264_metablock]: regionRects[5]: left: 192 top: 704 right: 256 bottom: 768
[17:59:46:308] [95171:000173f6] [DEBUG][com.freerdp.channels.rdpgfx.client] - [rdpgfx_read_h264_metablock]: regionRects[6]: left: 0 top: 768 right: 64 bottom: 800
[17:59:46:308] [95171:000173f6] [DEBUG][com.freerdp.channels.rdpgfx.client] - [rdpgfx_read_h264_metablock]: regionRects[7]: left: 64 top: 768 right: 128 bottom: 800
[17:59:46:308] [95171:000173f6] [DEBUG][com.freerdp.channels.rdpgfx.client] - [rdpgfx_read_h264_metablock]: regionRects[8]: left: 128 top: 768 right: 192 bottom: 800
[17:59:46:308] [95171:000173f6] [DEBUG][com.freerdp.channels.rdpgfx.client] - [rdpgfx_read_h264_metablock]: regionRects[9]: left: 192 top: 768 right: 256 bottom: 800
[17:59:46:308] [95171:000173f6] [DEBUG][com.freerdp.channels.rdpgfx.client] - [rdpgfx_read_h264_metablock]: quantQualityVals[0]: qp: 0 r: 0 p: 0 qualityVal: 100
[17:59:46:308] [95171:000173f6] [DEBUG][com.freerdp.channels.rdpgfx.client] - [rdpgfx_read_h264_metablock]: quantQualityVals[1]: qp: 0 r: 0 p: 0 qualityVal: 100
[17:59:46:308] [95171:000173f6] [DEBUG][com.freerdp.channels.rdpgfx.client] - [rdpgfx_read_h264_metablock]: quantQualityVals[2]: qp: 0 r: 0 p: 0 qualityVal: 100
[17:59:46:308] [95171:000173f6] [DEBUG][com.freerdp.channels.rdpgfx.client] - [rdpgfx_read_h264_metablock]: quantQualityVals[3]: qp: 0 r: 0 p: 0 qualityVal: 100
[17:59:46:308] [95171:000173f6] [DEBUG][com.freerdp.channels.rdpgfx.client] - [rdpgfx_read_h264_metablock]: quantQualityVals[4]: qp: 0 r: 0 p: 0 qualityVal: 100
[17:59:46:308] [95171:000173f6] [DEBUG][com.freerdp.channels.rdpgfx.client] - [rdpgfx_read_h264_metablock]: quantQualityVals[5]: qp: 0 r: 0 p: 0 qualityVal: 100
[17:59:46:308] [95171:000173f6] [DEBUG][com.freerdp.channels.rdpgfx.client] - [rdpgfx_read_h264_metablock]: quantQualityVals[6]: qp: 0 r: 0 p: 0 qualityVal: 100
[17:59:46:308] [95171:000173f6] [DEBUG][com.freerdp.channels.rdpgfx.client] - [rdpgfx_read_h264_metablock]: quantQualityVals[7]: qp: 0 r: 0 p: 0 qualityVal: 100
[17:59:46:308] [95171:000173f6] [DEBUG][com.freerdp.channels.rdpgfx.client] - [rdpgfx_read_h264_metablock]: quantQualityVals[8]: qp: 0 r: 0 p: 0 qualityVal: 100
[17:59:46:308] [95171:000173f6] [DEBUG][com.freerdp.channels.rdpgfx.client] - [rdpgfx_read_h264_metablock]: quantQualityVals[9]: qp: 0 r: 0 p: 0 qualityVal: 100
[17:59:46:342] [95171:000173f6] [DEBUG][com.freerdp.channels.rdpgfx.client] - [rdpgfx_read_h264_metablock]: H264_METABLOCK: numRegionRects: 4
[17:59:46:342] [95171:000173f6] [DEBUG][com.freerdp.channels.rdpgfx.client] - [rdpgfx_read_h264_metablock]: regionRects[0]: left: 0 top: 320 right: 64 bottom: 384
[17:59:46:342] [95171:000173f6] [DEBUG][com.freerdp.channels.rdpgfx.client] - [rdpgfx_read_h264_metablock]: regionRects[1]: left: 0 top: 384 right: 64 bottom: 448
[17:59:46:342] [95171:000173f6] [DEBUG][com.freerdp.channels.rdpgfx.client] - [rdpgfx_read_h264_metablock]: regionRects[2]: left: 0 top: 704 right: 64 bottom: 768
[17:59:46:342] [95171:000173f6] [DEBUG][com.freerdp.channels.rdpgfx.client] - [rdpgfx_read_h264_metablock]: regionRects[3]: left: 0 top: 768 right: 64 bottom: 800
[17:59:46:342] [95171:000173f6] [DEBUG][com.freerdp.channels.rdpgfx.client] - [rdpgfx_read_h264_metablock]: quantQualityVals[0]: qp: 0 r: 0 p: 0 qualityVal: 100
[17:59:46:342] [95171:000173f6] [DEBUG][com.freerdp.channels.rdpgfx.client] - [rdpgfx_read_h264_metablock]: quantQualityVals[1]: qp: 0 r: 0 p: 0 qualityVal: 100
[17:59:46:342] [95171:000173f6] [DEBUG][com.freerdp.channels.rdpgfx.client] - [rdpgfx_read_h264_metablock]: quantQualityVals[2]: qp: 0 r: 0 p: 0 qualityVal: 100
[17:59:46:342] [95171:000173f6] [DEBUG][com.freerdp.channels.rdpgfx.client] - [rdpgfx_read_h264_metablock]: quantQualityVals[3]: qp: 0 r: 0 p: 0 qualityVal: 100
[17:59:46:542] [95171:000173f6] [DEBUG][com.freerdp.channels.rdpgfx.client] - [rdpgfx_read_h264_metablock]: H264_METABLOCK: numRegionRects: 4
[17:59:46:542] [95171:000173f6] [DEBUG][com.freerdp.channels.rdpgfx.client] - [rdpgfx_read_h264_metablock]: regionRects[0]: left: 0 top: 768 right: 64 bottom: 800
[17:59:46:542] [95171:000173f6] [DEBUG][com.freerdp.channels.rdpgfx.client] - [rdpgfx_read_h264_metablock]: regionRects[1]: left: 64 top: 768 right: 128 bottom: 800
[17:59:46:542] [95171:000173f6] [DEBUG][com.freerdp.channels.rdpgfx.client] - [rdpgfx_read_h264_metablock]: regionRects[2]: left: 128 top: 768 right: 192 bottom: 800
[17:59:46:542] [95171:000173f6] [DEBUG][com.freerdp.channels.rdpgfx.client] - [rdpgfx_read_h264_metablock]: regionRects[3]: left: 192 top: 768 right: 256 bottom: 800
[17:59:46:542] [95171:000173f6] [DEBUG][com.freerdp.channels.rdpgfx.client] - [rdpgfx_read_h264_metablock]: quantQualityVals[0]: qp: 0 r: 0 p: 0 qualityVal: 100
[17:59:46:542] [95171:000173f6] [DEBUG][com.freerdp.channels.rdpgfx.client] - [rdpgfx_read_h264_metablock]: quantQualityVals[1]: qp: 0 r: 0 p: 0 qualityVal: 100
[17:59:46:542] [95171:000173f6] [DEBUG][com.freerdp.channels.rdpgfx.client] - [rdpgfx_read_h264_metablock]: quantQualityVals[2]: qp: 0 r: 0 p: 0 qualityVal: 100
[17:59:46:542] [95171:000173f6] [DEBUG][com.freerdp.channels.rdpgfx.client] - [rdpgfx_read_h264_metablock]: quantQualityVals[3]: qp: 0 r: 0 p: 0 qualityVal: 100
[17:59:46:570] [95171:000173f6] [DEBUG][com.freerdp.channels.rdpgfx.client] - [rdpgfx_read_h264_metablock]: H264_METABLOCK: numRegionRects: 4
[17:59:46:570] [95171:000173f6] [DEBUG][com.freerdp.channels.rdpgfx.client] - [rdpgfx_read_h264_metablock]: regionRects[0]: left: 0 top: 768 right: 64 bottom: 800
[17:59:46:570] [95171:000173f6] [DEBUG][com.freerdp.channels.rdpgfx.client] - [rdpgfx_read_h264_metablock]: regionRects[1]: left: 64 top: 768 right: 128 bottom: 800
[17:59:46:570] [95171:000173f6] [DEBUG][com.freerdp.channels.rdpgfx.client] - [rdpgfx_read_h264_metablock]: regionRects[2]: left: 128 top: 768 right: 192 bottom: 800
[17:59:46:570] [95171:000173f6] [DEBUG][com.freerdp.channels.rdpgfx.client] - [rdpgfx_read_h264_metablock]: regionRects[3]: left: 192 top: 768 right: 256 bottom: 800
[17:59:46:570] [95171:000173f6] [DEBUG][com.freerdp.channels.rdpgfx.client] - [rdpgfx_read_h264_metablock]: quantQualityVals[0]: qp: 0 r: 0 p: 0 qualityVal: 100
[17:59:46:570] [95171:000173f6] [DEBUG][com.freerdp.channels.rdpgfx.client] - [rdpgfx_read_h264_metablock]: quantQualityVals[1]: qp: 0 r: 0 p: 0 qualityVal: 100
[17:59:46:570] [95171:000173f6] [DEBUG][com.freerdp.channels.rdpgfx.client] - [rdpgfx_read_h264_metablock]: quantQualityVals[2]: qp: 0 r: 0 p: 0 qualityVal: 100
[17:59:46:570] [95171:000173f6] [DEBUG][com.freerdp.channels.rdpgfx.client] - [rdpgfx_read_h264_metablock]: quantQualityVals[3]: qp: 0 r: 0 p: 0 qualityVal: 100
[17:59:46:802] [95171:000173f6] [DEBUG][com.freerdp.channels.rdpgfx.client] - [rdpgfx_read_h264_metablock]: H264_METABLOCK: numRegionRects: 4
[17:59:46:802] [95171:000173f6] [DEBUG][com.freerdp.channels.rdpgfx.client] - [rdpgfx_read_h264_metablock]: regionRects[0]: left: 0 top: 768 right: 64 bottom: 800
[17:59:46:802] [95171:000173f6] [DEBUG][com.freerdp.channels.rdpgfx.client] - [rdpgfx_read_h264_metablock]: regionRects[1]: left: 64 top: 768 right: 128 bottom: 800
[17:59:46:802] [95171:000173f6] [DEBUG][com.freerdp.channels.rdpgfx.client] - [rdpgfx_read_h264_metablock]: regionRects[2]: left: 128 top: 768 right: 192 bottom: 800
[17:59:46:802] [95171:000173f6] [DEBUG][com.freerdp.channels.rdpgfx.client] - [rdpgfx_read_h264_metablock]: regionRects[3]: left: 192 top: 768 right: 256 bottom: 800
[17:59:46:802] [95171:000173f6] [DEBUG][com.freerdp.channels.rdpgfx.client] - [rdpgfx_read_h264_metablock]: quantQualityVals[0]: qp: 0 r: 0 p: 0 qualityVal: 100
[17:59:46:802] [95171:000173f6] [DEBUG][com.freerdp.channels.rdpgfx.client] - [rdpgfx_read_h264_metablock]: quantQualityVals[1]: qp: 0 r: 0 p: 0 qualityVal: 100
[17:59:46:802] [95171:000173f6] [DEBUG][com.freerdp.channels.rdpgfx.client] - [rdpgfx_read_h264_metablock]: quantQualityVals[2]: qp: 0 r: 0 p: 0 qualityVal: 100
[17:59:46:802] [95171:000173f6] [DEBUG][com.freerdp.channels.rdpgfx.client] - [rdpgfx_read_h264_metablock]: quantQualityVals[3]: qp: 0 r: 0 p: 0 qualityVal: 100
[17:59:46:834] [95171:000173f6] [DEBUG][com.freerdp.channels.rdpgfx.client] - [rdpgfx_read_h264_metablock]: H264_METABLOCK: numRegionRects: 4
[17:59:46:834] [95171:000173f6] [DEBUG][com.freerdp.channels.rdpgfx.client] - [rdpgfx_read_h264_metablock]: regionRects[0]: left: 0 top: 768 right: 64 bottom: 800
[17:59:46:834] [95171:000173f6] [DEBUG][com.freerdp.channels.rdpgfx.client] - [rdpgfx_read_h264_metablock]: regionRects[1]: left: 64 top: 768 right: 128 bottom: 800
[17:59:46:834] [95171:000173f6] [DEBUG][com.freerdp.channels.rdpgfx.client] - [rdpgfx_read_h264_metablock]: regionRects[2]: left: 128 top: 768 right: 192 bottom: 800
[17:59:46:834] [95171:000173f6] [DEBUG][com.freerdp.channels.rdpgfx.client] - [rdpgfx_read_h264_metablock]: regionRects[3]: left: 192 top: 768 right: 256 bottom: 800
[17:59:46:834] [95171:000173f6] [DEBUG][com.freerdp.channels.rdpgfx.client] - [rdpgfx_read_h264_metablock]: quantQualityVals[0]: qp: 0 r: 0 p: 0 qualityVal: 100
[17:59:46:834] [95171:000173f6] [DEBUG][com.freerdp.channels.rdpgfx.client] - [rdpgfx_read_h264_metablock]: quantQualityVals[1]: qp: 0 r: 0 p: 0 qualityVal: 100
[17:59:46:834] [95171:000173f6] [DEBUG][com.freerdp.channels.rdpgfx.client] - [rdpgfx_read_h264_metablock]: quantQualityVals[2]: qp: 0 r: 0 p: 0 qualityVal: 100
[17:59:46:834] [95171:000173f6] [DEBUG][com.freerdp.channels.rdpgfx.client] - [rdpgfx_read_h264_metablock]: quantQualityVals[3]: qp: 0 r: 0 p: 0 qualityVal: 100
[17:59:46:933] [95171:000173f6] [DEBUG][com.freerdp.channels.rdpgfx.client] - [rdpgfx_read_h264_metablock]: H264_METABLOCK: numRegionRects: 7
[17:59:46:933] [95171:000173f6] [DEBUG][com.freerdp.channels.rdpgfx.client] - [rdpgfx_read_h264_metablock]: regionRects[0]: left: 192 top: 320 right: 256 bottom: 384
[17:59:46:933] [95171:000173f6] [DEBUG][com.freerdp.channels.rdpgfx.client] - [rdpgfx_read_h264_metablock]: regionRects[1]: left: 192 top: 384 right: 256 bottom: 448
[17:59:46:933] [95171:000173f6] [DEBUG][com.freerdp.channels.rdpgfx.client] - [rdpgfx_read_h264_metablock]: regionRects[2]: left: 192 top: 704 right: 256 bottom: 768
[17:59:46:933] [95171:000173f6] [DEBUG][com.freerdp.channels.rdpgfx.client] - [rdpgfx_read_h264_metablock]: regionRects[3]: left: 0 top: 768 right: 64 bottom: 800
[17:59:46:933] [95171:000173f6] [DEBUG][com.freerdp.channels.rdpgfx.client] - [rdpgfx_read_h264_metablock]: regionRects[4]: left: 64 top: 768 right: 128 bottom: 800
[17:59:46:933] [95171:000173f6] [DEBUG][com.freerdp.channels.rdpgfx.client] - [rdpgfx_read_h264_metablock]: regionRects[5]: left: 128 top: 768 right: 192 bottom: 800
[17:59:46:933] [95171:000173f6] [DEBUG][com.freerdp.channels.rdpgfx.client] - [rdpgfx_read_h264_metablock]: regionRects[6]: left: 192 top: 768 right: 256 bottom: 800
[17:59:46:933] [95171:000173f6] [DEBUG][com.freerdp.channels.rdpgfx.client] - [rdpgfx_read_h264_metablock]: quantQualityVals[0]: qp: 0 r: 0 p: 0 qualityVal: 100
[17:59:46:933] [95171:000173f6] [DEBUG][com.freerdp.channels.rdpgfx.client] - [rdpgfx_read_h264_metablock]: quantQualityVals[1]: qp: 0 r: 0 p: 0 qualityVal: 100
[17:59:46:933] [95171:000173f6] [DEBUG][com.freerdp.channels.rdpgfx.client] - [rdpgfx_read_h264_metablock]: quantQualityVals[2]: qp: 0 r: 0 p: 0 qualityVal: 100
[17:59:46:933] [95171:000173f6] [DEBUG][com.freerdp.channels.rdpgfx.client] - [rdpgfx_read_h264_metablock]: quantQualityVals[3]: qp: 0 r: 0 p: 0 qualityVal: 100
[17:59:46:933] [95171:000173f6] [DEBUG][com.freerdp.channels.rdpgfx.client] - [rdpgfx_read_h264_metablock]: quantQualityVals[4]: qp: 0 r: 0 p: 0 qualityVal: 100
[17:59:46:933] [95171:000173f6] [DEBUG][com.freerdp.channels.rdpgfx.client] - [rdpgfx_read_h264_metablock]: quantQualityVals[5]: qp: 0 r: 0 p: 0 qualityVal: 100
[17:59:46:933] [95171:000173f6] [DEBUG][com.freerdp.channels.rdpgfx.client] - [rdpgfx_read_h264_metablock]: quantQualityVals[6]: qp: 0 r: 0 p: 0 qualityVal: 100
[17:59:46:968] [95171:000173f6] [DEBUG][com.freerdp.channels.rdpgfx.client] - [rdpgfx_read_h264_metablock]: H264_METABLOCK: numRegionRects: 10
[17:59:46:968] [95171:000173f6] [DEBUG][com.freerdp.channels.rdpgfx.client] - [rdpgfx_read_h264_metablock]: regionRects[0]: left: 0 top: 320 right: 64 bottom: 384
[17:59:46:968] [95171:000173f6] [DEBUG][com.freerdp.channels.rdpgfx.client] - [rdpgfx_read_h264_metablock]: regionRects[1]: left: 192 top: 320 right: 256 bottom: 384
[17:59:46:968] [95171:000173f6] [DEBUG][com.freerdp.channels.rdpgfx.client] - [rdpgfx_read_h264_metablock]: regionRects[2]: left: 0 top: 384 right: 64 bottom: 448
[17:59:46:968] [95171:000173f6] [DEBUG][com.freerdp.channels.rdpgfx.client] - [rdpgfx_read_h264_metablock]: regionRects[3]: left: 192 top: 384 right: 256 bottom: 448
[17:59:46:968] [95171:000173f6] [DEBUG][com.freerdp.channels.rdpgfx.client] - [rdpgfx_read_h264_metablock]: regionRects[4]: left: 0 top: 704 right: 64 bottom: 768
[17:59:46:968] [95171:000173f6] [DEBUG][com.freerdp.channels.rdpgfx.client] - [rdpgfx_read_h264_metablock]: regionRects[5]: left: 192 top: 704 right: 256 bottom: 768
[17:59:46:968] [95171:000173f6] [DEBUG][com.freerdp.channels.rdpgfx.client] - [rdpgfx_read_h264_metablock]: regionRects[6]: left: 0 top: 768 right: 64 bottom: 800
[17:59:46:968] [95171:000173f6] [DEBUG][com.freerdp.channels.rdpgfx.client] - [rdpgfx_read_h264_metablock]: regionRects[7]: left: 64 top: 768 right: 128 bottom: 800
[17:59:46:968] [95171:000173f6] [DEBUG][com.freerdp.channels.rdpgfx.client] - [rdpgfx_read_h264_metablock]: regionRects[8]: left: 128 top: 768 right: 192 bottom: 800
[17:59:46:968] [95171:000173f6] [DEBUG][com.freerdp.channels.rdpgfx.client] - [rdpgfx_read_h264_metablock]: regionRects[9]: left: 192 top: 768 right: 256 bottom: 800
[17:59:46:968] [95171:000173f6] [DEBUG][com.freerdp.channels.rdpgfx.client] - [rdpgfx_read_h264_metablock]: quantQualityVals[0]: qp: 0 r: 0 p: 0 qualityVal: 100
[17:59:46:968] [95171:000173f6] [DEBUG][com.freerdp.channels.rdpgfx.client] - [rdpgfx_read_h264_metablock]: quantQualityVals[1]: qp: 0 r: 0 p: 0 qualityVal: 100
[17:59:46:968] [95171:000173f6] [DEBUG][com.freerdp.channels.rdpgfx.client] - [rdpgfx_read_h264_metablock]: quantQualityVals[2]: qp: 0 r: 0 p: 0 qualityVal: 100
[17:59:46:968] [95171:000173f6] [DEBUG][com.freerdp.channels.rdpgfx.client] - [rdpgfx_read_h264_metablock]: quantQualityVals[3]: qp: 0 r: 0 p: 0 qualityVal: 100
[17:59:46:968] [95171:000173f6] [DEBUG][com.freerdp.channels.rdpgfx.client] - [rdpgfx_read_h264_metablock]: quantQualityVals[4]: qp: 0 r: 0 p: 0 qualityVal: 100
[17:59:46:968] [95171:000173f6] [DEBUG][com.freerdp.channels.rdpgfx.client] - [rdpgfx_read_h264_metablock]: quantQualityVals[5]: qp: 0 r: 0 p: 0 qualityVal: 100
[17:59:46:968] [95171:000173f6] [DEBUG][com.freerdp.channels.rdpgfx.client] - [rdpgfx_read_h264_metablock]: quantQualityVals[6]: qp: 0 r: 0 p: 0 qualityVal: 100
[17:59:46:968] [95171:000173f6] [DEBUG][com.freerdp.channels.rdpgfx.client] - [rdpgfx_read_h264_metablock]: quantQualityVals[7]: qp: 0 r: 0 p: 0 qualityVal: 100
[17:59:46:968] [95171:000173f6] [DEBUG][com.freerdp.channels.rdpgfx.client] - [rdpgfx_read_h264_metablock]: quantQualityVals[8]: qp: 0 r: 0 p: 0 qualityVal: 100
[17:59:46:968] [95171:000173f6] [DEBUG][com.freerdp.channels.rdpgfx.client] - [rdpgfx_read_h264_metablock]: quantQualityVals[9]: qp: 0 r: 0 p: 0 qualityVal: 100
[17:59:47:033] [95171:000173f6] [DEBUG][com.freerdp.channels.rdpgfx.client] - [rdpgfx_read_h264_metablock]: H264_METABLOCK: numRegionRects: 10
[17:59:47:033] [95171:000173f6] [DEBUG][com.freerdp.channels.rdpgfx.client] - [rdpgfx_read_h264_metablock]: regionRects[0]: left: 0 top: 320 right: 64 bottom: 384
[17:59:47:033] [95171:000173f6] [DEBUG][com.freerdp.channels.rdpgfx.client] - [rdpgfx_read_h264_metablock]: regionRects[1]: left: 192 top: 320 right: 256 bottom: 384
[17:59:47:033] [95171:000173f6] [DEBUG][com.freerdp.channels.rdpgfx.client] - [rdpgfx_read_h264_metablock]: regionRects[2]: left: 0 top: 384 right: 64 bottom: 448
[17:59:47:033] [95171:000173f6] [DEBUG][com.freerdp.channels.rdpgfx.client] - [rdpgfx_read_h264_metablock]: regionRects[3]: left: 192 top: 384 right: 256 bottom: 448
[17:59:47:033] [95171:000173f6] [DEBUG][com.freerdp.channels.rdpgfx.client] - [rdpgfx_read_h264_metablock]: regionRects[4]: left: 0 top: 704 right: 64 bottom: 768
[17:59:47:033] [95171:000173f6] [DEBUG][com.freerdp.channels.rdpgfx.client] - [rdpgfx_read_h264_metablock]: regionRects[5]: left: 192 top: 704 right: 256 bottom: 768
[17:59:47:033] [95171:000173f6] [DEBUG][com.freerdp.channels.rdpgfx.client] - [rdpgfx_read_h264_metablock]: regionRects[6]: left: 0 top: 768 right: 64 bottom: 800
[17:59:47:033] [95171:000173f6] [DEBUG][com.freerdp.channels.rdpgfx.client] - [rdpgfx_read_h264_metablock]: regionRects[7]: left: 64 top: 768 right: 128 bottom: 800
[17:59:47:033] [95171:000173f6] [DEBUG][com.freerdp.channels.rdpgfx.client] - [rdpgfx_read_h264_metablock]: regionRects[8]: left: 128 top: 768 right: 192 bottom: 800
[17:59:47:033] [95171:000173f6] [DEBUG][com.freerdp.channels.rdpgfx.client] - [rdpgfx_read_h264_metablock]: regionRects[9]: left: 192 top: 768 right: 256 bottom: 800
[17:59:47:033] [95171:000173f6] [DEBUG][com.freerdp.channels.rdpgfx.client] - [rdpgfx_read_h264_metablock]: quantQualityVals[0]: qp: 0 r: 0 p: 0 qualityVal: 100
[17:59:47:033] [95171:000173f6] [DEBUG][com.freerdp.channels.rdpgfx.client] - [rdpgfx_read_h264_metablock]: quantQualityVals[1]: qp: 0 r: 0 p: 0 qualityVal: 100
[17:59:47:033] [95171:000173f6] [DEBUG][com.freerdp.channels.rdpgfx.client] - [rdpgfx_read_h264_metablock]: quantQualityVals[2]: qp: 0 r: 0 p: 0 qualityVal: 100
[17:59:47:033] [95171:000173f6] [DEBUG][com.freerdp.channels.rdpgfx.client] - [rdpgfx_read_h264_metablock]: quantQualityVals[3]: qp: 0 r: 0 p: 0 qualityVal: 100
[17:59:47:033] [95171:000173f6] [DEBUG][com.freerdp.channels.rdpgfx.client] - [rdpgfx_read_h264_metablock]: quantQualityVals[4]: qp: 0 r: 0 p: 0 qualityVal: 100
[17:59:47:033] [95171:000173f6] [DEBUG][com.freerdp.channels.rdpgfx.client] - [rdpgfx_read_h264_metablock]: quantQualityVals[5]: qp: 0 r: 0 p: 0 qualityVal: 100
[17:59:47:033] [95171:000173f6] [DEBUG][com.freerdp.channels.rdpgfx.client] - [rdpgfx_read_h264_metablock]: quantQualityVals[6]: qp: 0 r: 0 p: 0 qualityVal: 100
[17:59:47:033] [95171:000173f6] [DEBUG][com.freerdp.channels.rdpgfx.client] - [rdpgfx_read_h264_metablock]: quantQualityVals[7]: qp: 0 r: 0 p: 0 qualityVal: 100
[17:59:47:033] [95171:000173f6] [DEBUG][com.freerdp.channels.rdpgfx.client] - [rdpgfx_read_h264_metablock]: quantQualityVals[8]: qp: 0 r: 0 p: 0 qualityVal: 100
[17:59:47:033] [95171:000173f6] [DEBUG][com.freerdp.channels.rdpgfx.client] - [rdpgfx_read_h264_metablock]: quantQualityVals[9]: qp: 0 r: 0 p: 0 qualityVal: 100
[17:59:47:066] [95171:000173f6] [DEBUG][com.freerdp.channels.rdpgfx.client] - [rdpgfx_read_h264_metablock]: H264_METABLOCK: numRegionRects: 10
[17:59:47:066] [95171:000173f6] [DEBUG][com.freerdp.channels.rdpgfx.client] - [rdpgfx_read_h264_metablock]: regionRects[0]: left: 0 top: 320 right: 64 bottom: 384
[17:59:47:066] [95171:000173f6] [DEBUG][com.freerdp.channels.rdpgfx.client] - [rdpgfx_read_h264_metablock]: regionRects[1]: left: 192 top: 320 right: 256 bottom: 384
[17:59:47:066] [95171:000173f6] [DEBUG][com.freerdp.channels.rdpgfx.client] - [rdpgfx_read_h264_metablock]: regionRects[2]: left: 0 top: 384 right: 64 bottom: 448
[17:59:47:066] [95171:000173f6] [DEBUG][com.freerdp.channels.rdpgfx.client] - [rdpgfx_read_h264_metablock]: regionRects[3]: left: 192 top: 384 right: 256 bottom: 448
[17:59:47:066] [95171:000173f6] [DEBUG][com.freerdp.channels.rdpgfx.client] - [rdpgfx_read_h264_metablock]: regionRects[4]: left: 0 top: 704 right: 64 bottom: 768
[17:59:47:066] [95171:000173f6] [DEBUG][com.freerdp.channels.rdpgfx.client] - [rdpgfx_read_h264_metablock]: regionRects[5]: left: 192 top: 704 right: 256 bottom: 768
[17:59:47:066] [95171:000173f6] [DEBUG][com.freerdp.channels.rdpgfx.client] - [rdpgfx_read_h264_metablock]: regionRects[6]: left: 0 top: 768 right: 64 bottom: 800
[17:59:47:066] [95171:000173f6] [DEBUG][com.freerdp.channels.rdpgfx.client] - [rdpgfx_read_h264_metablock]: regionRects[7]: left: 64 top: 768 right: 128 bottom: 800
[17:59:47:066] [95171:000173f6] [DEBUG][com.freerdp.channels.rdpgfx.client] - [rdpgfx_read_h264_metablock]: regionRects[8]: left: 128 top: 768 right: 192 bottom: 800
[17:59:47:066] [95171:000173f6] [DEBUG][com.freerdp.channels.rdpgfx.client] - [rdpgfx_read_h264_metablock]: regionRects[9]: left: 192 top: 768 right: 256 bottom: 800
[17:59:47:066] [95171:000173f6] [DEBUG][com.freerdp.channels.rdpgfx.client] - [rdpgfx_read_h264_metablock]: quantQualityVals[0]: qp: 0 r: 0 p: 0 qualityVal: 100
[17:59:47:066] [95171:000173f6] [DEBUG][com.freerdp.channels.rdpgfx.client] - [rdpgfx_read_h264_metablock]: quantQualityVals[1]: qp: 0 r: 0 p: 0 qualityVal: 100
[17:59:47:066] [95171:000173f6] [DEBUG][com.freerdp.channels.rdpgfx.client] - [rdpgfx_read_h264_metablock]: quantQualityVals[2]: qp: 0 r: 0 p: 0 qualityVal: 100
[17:59:47:066] [95171:000173f6] [DEBUG][com.freerdp.channels.rdpgfx.client] - [rdpgfx_read_h264_metablock]: quantQualityVals[3]: qp: 0 r: 0 p: 0 qualityVal: 100
[17:59:47:066] [95171:000173f6] [DEBUG][com.freerdp.channels.rdpgfx.client] - [rdpgfx_read_h264_metablock]: quantQualityVals[4]: qp: 0 r: 0 p: 0 qualityVal: 100
[17:59:47:066] [95171:000173f6] [DEBUG][com.freerdp.channels.rdpgfx.client] - [rdpgfx_read_h264_metablock]: quantQualityVals[5]: qp: 0 r: 0 p: 0 qualityVal: 100
[17:59:47:066] [95171:000173f6] [DEBUG][com.freerdp.channels.rdpgfx.client] - [rdpgfx_read_h264_metablock]: quantQualityVals[6]: qp: 0 r: 0 p: 0 qualityVal: 100
[17:59:47:066] [95171:000173f6] [DEBUG][com.freerdp.channels.rdpgfx.client] - [rdpgfx_read_h264_metablock]: quantQualityVals[7]: qp: 0 r: 0 p: 0 qualityVal: 100
[17:59:47:067] [95171:000173f6] [DEBUG][com.freerdp.channels.rdpgfx.client] - [rdpgfx_read_h264_metablock]: quantQualityVals[8]: qp: 0 r: 0 p: 0 qualityVal: 100
[17:59:47:067] [95171:000173f6] [DEBUG][com.freerdp.channels.rdpgfx.client] - [rdpgfx_read_h264_metablock]: quantQualityVals[9]: qp: 0 r: 0 p: 0 qualityVal: 100
[17:59:47:430] [95171:000173f6] [DEBUG][com.freerdp.channels.rdpgfx.client] - [rdpgfx_read_h264_metablock]: H264_METABLOCK: numRegionRects: 4
[17:59:47:430] [95171:000173f6] [DEBUG][com.freerdp.channels.rdpgfx.client] - [rdpgfx_read_h264_metablock]: regionRects[0]: left: 0 top: 320 right: 64 bottom: 384
[17:59:47:430] [95171:000173f6] [DEBUG][com.freerdp.channels.rdpgfx.client] - [rdpgfx_read_h264_metablock]: regionRects[1]: left: 0 top: 384 right: 64 bottom: 448
[17:59:47:430] [95171:000173f6] [DEBUG][com.freerdp.channels.rdpgfx.client] - [rdpgfx_read_h264_metablock]: regionRects[2]: left: 0 top: 704 right: 64 bottom: 768
[17:59:47:430] [95171:000173f6] [DEBUG][com.freerdp.channels.rdpgfx.client] - [rdpgfx_read_h264_metablock]: regionRects[3]: left: 0 top: 768 right: 64 bottom: 800
[17:59:47:430] [95171:000173f6] [DEBUG][com.freerdp.channels.rdpgfx.client] - [rdpgfx_read_h264_metablock]: quantQualityVals[0]: qp: 0 r: 0 p: 0 qualityVal: 100
[17:59:47:430] [95171:000173f6] [DEBUG][com.freerdp.channels.rdpgfx.client] - [rdpgfx_read_h264_metablock]: quantQualityVals[1]: qp: 0 r: 0 p: 0 qualityVal: 100
[17:59:47:430] [95171:000173f6] [DEBUG][com.freerdp.channels.rdpgfx.client] - [rdpgfx_read_h264_metablock]: quantQualityVals[2]: qp: 0 r: 0 p: 0 qualityVal: 100
[17:59:47:430] [95171:000173f6] [DEBUG][com.freerdp.channels.rdpgfx.client] - [rdpgfx_read_h264_metablock]: quantQualityVals[3]: qp: 0 r: 0 p: 0 qualityVal: 100
[17:59:47:499] [95171:000173f6] [DEBUG][com.freerdp.channels.rdpgfx.client] - [rdpgfx_read_h264_metablock]: H264_METABLOCK: numRegionRects: 4
[17:59:47:499] [95171:000173f6] [DEBUG][com.freerdp.channels.rdpgfx.client] - [rdpgfx_read_h264_metablock]: regionRects[0]: left: 0 top: 320 right: 64 bottom: 384
[17:59:47:499] [95171:000173f6] [DEBUG][com.freerdp.channels.rdpgfx.client] - [rdpgfx_read_h264_metablock]: regionRects[1]: left: 0 top: 384 right: 64 bottom: 448
[17:59:47:499] [95171:000173f6] [DEBUG][com.freerdp.channels.rdpgfx.client] - [rdpgfx_read_h264_metablock]: regionRects[2]: left: 0 top: 704 right: 64 bottom: 768
[17:59:47:499] [95171:000173f6] [DEBUG][com.freerdp.channels.rdpgfx.client] - [rdpgfx_read_h264_metablock]: regionRects[3]: left: 0 top: 768 right: 64 bottom: 800
[17:59:47:499] [95171:000173f6] [DEBUG][com.freerdp.channels.rdpgfx.client] - [rdpgfx_read_h264_metablock]: quantQualityVals[0]: qp: 0 r: 0 p: 0 qualityVal: 100
[17:59:47:499] [95171:000173f6] [DEBUG][com.freerdp.channels.rdpgfx.client] - [rdpgfx_read_h264_metablock]: quantQualityVals[1]: qp: 0 r: 0 p: 0 qualityVal: 100
[17:59:47:499] [95171:000173f6] [DEBUG][com.freerdp.channels.rdpgfx.client] - [rdpgfx_read_h264_metablock]: quantQualityVals[2]: qp: 0 r: 0 p: 0 qualityVal: 100
[17:59:47:499] [95171:000173f6] [DEBUG][com.freerdp.channels.rdpgfx.client] - [rdpgfx_read_h264_metablock]: quantQualityVals[3]: qp: 0 r: 0 p: 0 qualityVal: 100
[17:59:47:533] [95171:000173f6] [DEBUG][com.freerdp.channels.rdpgfx.client] - [rdpgfx_read_h264_metablock]: H264_METABLOCK: numRegionRects: 4
[17:59:47:533] [95171:000173f6] [DEBUG][com.freerdp.channels.rdpgfx.client] - [rdpgfx_read_h264_metablock]: regionRects[0]: left: 0 top: 320 right: 64 bottom: 384
[17:59:47:533] [95171:000173f6] [DEBUG][com.freerdp.channels.rdpgfx.client] - [rdpgfx_read_h264_metablock]: regionRects[1]: left: 0 top: 384 right: 64 bottom: 448
[17:59:47:533] [95171:000173f6] [DEBUG][com.freerdp.channels.rdpgfx.client] - [rdpgfx_read_h264_metablock]: regionRects[2]: left: 0 top: 704 right: 64 bottom: 768
[17:59:47:533] [95171:000173f6] [DEBUG][com.freerdp.channels.rdpgfx.client] - [rdpgfx_read_h264_metablock]: regionRects[3]: left: 0 top: 768 right: 64 bottom: 800
[17:59:47:533] [95171:000173f6] [DEBUG][com.freerdp.channels.rdpgfx.client] - [rdpgfx_read_h264_metablock]: quantQualityVals[0]: qp: 0 r: 0 p: 0 qualityVal: 100
[17:59:47:534] [95171:000173f6] [DEBUG][com.freerdp.channels.rdpgfx.client] - [rdpgfx_read_h264_metablock]: quantQualityVals[1]: qp: 0 r: 0 p: 0 qualityVal: 100
[17:59:47:534] [95171:000173f6] [DEBUG][com.freerdp.channels.rdpgfx.client] - [rdpgfx_read_h264_metablock]: quantQualityVals[2]: qp: 0 r: 0 p: 0 qualityVal: 100
[17:59:47:534] [95171:000173f6] [DEBUG][com.freerdp.channels.rdpgfx.client] - [rdpgfx_read_h264_metablock]: quantQualityVals[3]: qp: 0 r: 0 p: 0 qualityVal: 100
[17:59:47:570] [95171:000173f6] [DEBUG][com.freerdp.channels.rdpgfx.client] - [rdpgfx_read_h264_metablock]: H264_METABLOCK: numRegionRects: 4
[17:59:47:570] [95171:000173f6] [DEBUG][com.freerdp.channels.rdpgfx.client] - [rdpgfx_read_h264_metablock]: regionRects[0]: left: 0 top: 768 right: 64 bottom: 800
[17:59:47:570] [95171:000173f6] [DEBUG][com.freerdp.channels.rdpgfx.client] - [rdpgfx_read_h264_metablock]: regionRects[1]: left: 64 top: 768 right: 128 bottom: 800
[17:59:47:570] [95171:000173f6] [DEBUG][com.freerdp.channels.rdpgfx.client] - [rdpgfx_read_h264_metablock]: regionRects[2]: left: 128 top: 768 right: 192 bottom: 800
[17:59:47:570] [95171:000173f6] [DEBUG][com.freerdp.channels.rdpgfx.client] - [rdpgfx_read_h264_metablock]: regionRects[3]: left: 192 top: 768 right: 256 bottom: 800
[17:59:47:570] [95171:000173f6] [DEBUG][com.freerdp.channels.rdpgfx.client] - [rdpgfx_read_h264_metablock]: quantQualityVals[0]: qp: 0 r: 0 p: 0 qualityVal: 100
[17:59:47:570] [95171:000173f6] [DEBUG][com.freerdp.channels.rdpgfx.client] - [rdpgfx_read_h264_metablock]: quantQualityVals[1]: qp: 0 r: 0 p: 0 qualityVal: 100
[17:59:47:570] [95171:000173f6] [DEBUG][com.freerdp.channels.rdpgfx.client] - [rdpgfx_read_h264_metablock]: quantQualityVals[2]: qp: 0 r: 0 p: 0 qualityVal: 100
[17:59:47:570] [95171:000173f6] [DEBUG][com.freerdp.channels.rdpgfx.client] - [rdpgfx_read_h264_metablock]: quantQualityVals[3]: qp: 0 r: 0 p: 0 qualityVal: 100
[17:59:47:628] [95171:000173f6] [DEBUG][com.freerdp.channels.rdpgfx.client] - [rdpgfx_read_h264_metablock]: H264_METABLOCK: numRegionRects: 4
[17:59:47:628] [95171:000173f6] [DEBUG][com.freerdp.channels.rdpgfx.client] - [rdpgfx_read_h264_metablock]: regionRects[0]: left: 0 top: 768 right: 64 bottom: 800
[17:59:47:628] [95171:000173f6] [DEBUG][com.freerdp.channels.rdpgfx.client] - [rdpgfx_read_h264_metablock]: regionRects[1]: left: 64 top: 768 right: 128 bottom: 800
[17:59:47:628] [95171:000173f6] [DEBUG][com.freerdp.channels.rdpgfx.client] - [rdpgfx_read_h264_metablock]: regionRects[2]: left: 128 top: 768 right: 192 bottom: 800
[17:59:47:628] [95171:000173f6] [DEBUG][com.freerdp.channels.rdpgfx.client] - [rdpgfx_read_h264_metablock]: regionRects[3]: left: 192 top: 768 right: 256 bottom: 800
[17:59:47:628] [95171:000173f6] [DEBUG][com.freerdp.channels.rdpgfx.client] - [rdpgfx_read_h264_metablock]: quantQualityVals[0]: qp: 0 r: 0 p: 0 qualityVal: 100
[17:59:47:628] [95171:000173f6] [DEBUG][com.freerdp.channels.rdpgfx.client] - [rdpgfx_read_h264_metablock]: quantQualityVals[1]: qp: 0 r: 0 p: 0 qualityVal: 100
[17:59:47:628] [95171:000173f6] [DEBUG][com.freerdp.channels.rdpgfx.client] - [rdpgfx_read_h264_metablock]: quantQualityVals[2]: qp: 0 r: 0 p: 0 qualityVal: 100
[17:59:47:628] [95171:000173f6] [DEBUG][com.freerdp.channels.rdpgfx.client] - [rdpgfx_read_h264_metablock]: quantQualityVals[3]: qp: 0 r: 0 p: 0 qualityVal: 100
[17:59:47:825] [95171:000173f6] [DEBUG][com.freerdp.channels.rdpgfx.client] - [rdpgfx_read_h264_metablock]: H264_METABLOCK: numRegionRects: 4
[17:59:47:825] [95171:000173f6] [DEBUG][com.freerdp.channels.rdpgfx.client] - [rdpgfx_read_h264_metablock]: regionRects[0]: left: 0 top: 768 right: 64 bottom: 800
[17:59:47:825] [95171:000173f6] [DEBUG][com.freerdp.channels.rdpgfx.client] - [rdpgfx_read_h264_metablock]: regionRects[1]: left: 64 top: 768 right: 128 bottom: 800
[17:59:47:825] [95171:000173f6] [DEBUG][com.freerdp.channels.rdpgfx.client] - [rdpgfx_read_h264_metablock]: regionRects[2]: left: 128 top: 768 right: 192 bottom: 800
[17:59:47:825] [95171:000173f6] [DEBUG][com.freerdp.channels.rdpgfx.client] - [rdpgfx_read_h264_metablock]: regionRects[3]: left: 192 top: 768 right: 256 bottom: 800
[17:59:47:826] [95171:000173f6] [DEBUG][com.freerdp.channels.rdpgfx.client] - [rdpgfx_read_h264_metablock]: quantQualityVals[0]: qp: 0 r: 0 p: 0 qualityVal: 100
[17:59:47:826] [95171:000173f6] [DEBUG][com.freerdp.channels.rdpgfx.client] - [rdpgfx_read_h264_metablock]: quantQualityVals[1]: qp: 0 r: 0 p: 0 qualityVal: 100
[17:59:47:826] [95171:000173f6] [DEBUG][com.freerdp.channels.rdpgfx.client] - [rdpgfx_read_h264_metablock]: quantQualityVals[2]: qp: 0 r: 0 p: 0 qualityVal: 100
[17:59:47:826] [95171:000173f6] [DEBUG][com.freerdp.channels.rdpgfx.client] - [rdpgfx_read_h264_metablock]: quantQualityVals[3]: qp: 0 r: 0 p: 0 qualityVal: 100
[17:59:47:858] [95171:000173f6] [DEBUG][com.freerdp.channels.rdpgfx.client] - [rdpgfx_read_h264_metablock]: H264_METABLOCK: numRegionRects: 4
[17:59:47:858] [95171:000173f6] [DEBUG][com.freerdp.channels.rdpgfx.client] - [rdpgfx_read_h264_metablock]: regionRects[0]: left: 0 top: 768 right: 64 bottom: 800
[17:59:47:858] [95171:000173f6] [DEBUG][com.freerdp.channels.rdpgfx.client] - [rdpgfx_read_h264_metablock]: regionRects[1]: left: 64 top: 768 right: 128 bottom: 800
[17:59:47:858] [95171:000173f6] [DEBUG][com.freerdp.channels.rdpgfx.client] - [rdpgfx_read_h264_metablock]: regionRects[2]: left: 128 top: 768 right: 192 bottom: 800
[17:59:47:858] [95171:000173f6] [DEBUG][com.freerdp.channels.rdpgfx.client] - [rdpgfx_read_h264_metablock]: regionRects[3]: left: 192 top: 768 right: 256 bottom: 800
[17:59:47:858] [95171:000173f6] [DEBUG][com.freerdp.channels.rdpgfx.client] - [rdpgfx_read_h264_metablock]: quantQualityVals[0]: qp: 0 r: 0 p: 0 qualityVal: 100
[17:59:47:858] [95171:000173f6] [DEBUG][com.freerdp.channels.rdpgfx.client] - [rdpgfx_read_h264_metablock]: quantQualityVals[1]: qp: 0 r: 0 p: 0 qualityVal: 100
[17:59:47:858] [95171:000173f6] [DEBUG][com.freerdp.channels.rdpgfx.client] - [rdpgfx_read_h264_metablock]: quantQualityVals[2]: qp: 0 r: 0 p: 0 qualityVal: 100
[17:59:47:858] [95171:000173f6] [DEBUG][com.freerdp.channels.rdpgfx.client] - [rdpgfx_read_h264_metablock]: quantQualityVals[3]: qp: 0 r: 0 p: 0 qualityVal: 100
[17:59:48:023] [95171:000173f6] [DEBUG][com.freerdp.channels.rdpgfx.client] - [rdpgfx_read_h264_metablock]: H264_METABLOCK: numRegionRects: 4
[17:59:48:023] [95171:000173f6] [DEBUG][com.freerdp.channels.rdpgfx.client] - [rdpgfx_read_h264_metablock]: regionRects[0]: left: 0 top: 768 right: 64 bottom: 800
[17:59:48:023] [95171:000173f6] [DEBUG][com.freerdp.channels.rdpgfx.client] - [rdpgfx_read_h264_metablock]: regionRects[1]: left: 64 top: 768 right: 128 bottom: 800
[17:59:48:023] [95171:000173f6] [DEBUG][com.freerdp.channels.rdpgfx.client] - [rdpgfx_read_h264_metablock]: regionRects[2]: left: 128 top: 768 right: 192 bottom: 800
[17:59:48:023] [95171:000173f6] [DEBUG][com.freerdp.channels.rdpgfx.client] - [rdpgfx_read_h264_metablock]: regionRects[3]: left: 192 top: 768 right: 256 bottom: 800
[17:59:48:023] [95171:000173f6] [DEBUG][com.freerdp.channels.rdpgfx.client] - [rdpgfx_read_h264_metablock]: quantQualityVals[0]: qp: 0 r: 0 p: 0 qualityVal: 100
[17:59:48:023] [95171:000173f6] [DEBUG][com.freerdp.channels.rdpgfx.client] - [rdpgfx_read_h264_metablock]: quantQualityVals[1]: qp: 0 r: 0 p: 0 qualityVal: 100
[17:59:48:023] [95171:000173f6] [DEBUG][com.freerdp.channels.rdpgfx.client] - [rdpgfx_read_h264_metablock]: quantQualityVals[2]: qp: 0 r: 0 p: 0 qualityVal: 100
[17:59:48:023] [95171:000173f6] [DEBUG][com.freerdp.channels.rdpgfx.client] - [rdpgfx_read_h264_metablock]: quantQualityVals[3]: qp: 0 r: 0 p: 0 qualityVal: 100
[17:59:48:089] [95171:000173f6] [DEBUG][com.freerdp.channels.rdpgfx.client] - [rdpgfx_read_h264_metablock]: H264_METABLOCK: numRegionRects: 4
[17:59:48:089] [95171:000173f6] [DEBUG][com.freerdp.channels.rdpgfx.client] - [rdpgfx_read_h264_metablock]: regionRects[0]: left: 0 top: 768 right: 64 bottom: 800
[17:59:48:089] [95171:000173f6] [DEBUG][com.freerdp.channels.rdpgfx.client] - [rdpgfx_read_h264_metablock]: regionRects[1]: left: 64 top: 768 right: 128 bottom: 800
[17:59:48:090] [95171:000173f6] [DEBUG][com.freerdp.channels.rdpgfx.client] - [rdpgfx_read_h264_metablock]: regionRects[2]: left: 128 top: 768 right: 192 bottom: 800
[17:59:48:090] [95171:000173f6] [DEBUG][com.freerdp.channels.rdpgfx.client] - [rdpgfx_read_h264_metablock]: regionRects[3]: left: 192 top: 768 right: 256 bottom: 800
[17:59:48:090] [95171:000173f6] [DEBUG][com.freerdp.channels.rdpgfx.client] - [rdpgfx_read_h264_metablock]: quantQualityVals[0]: qp: 0 r: 0 p: 0 qualityVal: 100
[17:59:48:090] [95171:000173f6] [DEBUG][com.freerdp.channels.rdpgfx.client] - [rdpgfx_read_h264_metablock]: quantQualityVals[1]: qp: 0 r: 0 p: 0 qualityVal: 100
[17:59:48:090] [95171:000173f6] [DEBUG][com.freerdp.channels.rdpgfx.client] - [rdpgfx_read_h264_metablock]: quantQualityVals[2]: qp: 0 r: 0 p: 0 qualityVal: 100
[17:59:48:090] [95171:000173f6] [DEBUG][com.freerdp.channels.rdpgfx.client] - [rdpgfx_read_h264_metablock]: quantQualityVals[3]: qp: 0 r: 0 p: 0 qualityVal: 100
[17:59:48:189] [95171:000173f6] [DEBUG][com.freerdp.channels.rdpgfx.client] - [rdpgfx_read_h264_metablock]: H264_METABLOCK: numRegionRects: 4
[17:59:48:189] [95171:000173f6] [DEBUG][com.freerdp.channels.rdpgfx.client] - [rdpgfx_read_h264_metablock]: regionRects[0]: left: 0 top: 320 right: 64 bottom: 384
[17:59:48:189] [95171:000173f6] [DEBUG][com.freerdp.channels.rdpgfx.client] - [rdpgfx_read_h264_metablock]: regionRects[1]: left: 0 top: 384 right: 64 bottom: 448
[17:59:48:189] [95171:000173f6] [DEBUG][com.freerdp.channels.rdpgfx.client] - [rdpgfx_read_h264_metablock]: regionRects[2]: left: 0 top: 704 right: 64 bottom: 768
[17:59:48:189] [95171:000173f6] [DEBUG][com.freerdp.channels.rdpgfx.client] - [rdpgfx_read_h264_metablock]: regionRects[3]: left: 0 top: 768 right: 64 bottom: 800
[17:59:48:189] [95171:000173f6] [DEBUG][com.freerdp.channels.rdpgfx.client] - [rdpgfx_read_h264_metablock]: quantQualityVals[0]: qp: 0 r: 0 p: 0 qualityVal: 100
[17:59:48:189] [95171:000173f6] [DEBUG][com.freerdp.channels.rdpgfx.client] - [rdpgfx_read_h264_metablock]: quantQualityVals[1]: qp: 0 r: 0 p: 0 qualityVal: 100
[17:59:48:189] [95171:000173f6] [DEBUG][com.freerdp.channels.rdpgfx.client] - [rdpgfx_read_h264_metablock]: quantQualityVals[2]: qp: 0 r: 0 p: 0 qualityVal: 100
[17:59:48:189] [95171:000173f6] [DEBUG][com.freerdp.channels.rdpgfx.client] - [rdpgfx_read_h264_metablock]: quantQualityVals[3]: qp: 0 r: 0 p: 0 qualityVal: 100
[17:59:48:584] [95171:000173f6] [DEBUG][com.freerdp.channels.rdpgfx.client] - [rdpgfx_read_h264_metablock]: H264_METABLOCK: numRegionRects: 10
[17:59:48:584] [95171:000173f6] [DEBUG][com.freerdp.channels.rdpgfx.client] - [rdpgfx_read_h264_metablock]: regionRects[0]: left: 0 top: 320 right: 64 bottom: 384
[17:59:48:584] [95171:000173f6] [DEBUG][com.freerdp.channels.rdpgfx.client] - [rdpgfx_read_h264_metablock]: regionRects[1]: left: 192 top: 320 right: 256 bottom: 384
[17:59:48:584] [95171:000173f6] [DEBUG][com.freerdp.channels.rdpgfx.client] - [rdpgfx_read_h264_metablock]: regionRects[2]: left: 0 top: 384 right: 64 bottom: 448
[17:59:48:584] [95171:000173f6] [DEBUG][com.freerdp.channels.rdpgfx.client] - [rdpgfx_read_h264_metablock]: regionRects[3]: left: 192 top: 384 right: 256 bottom: 448
[17:59:48:584] [95171:000173f6] [DEBUG][com.freerdp.channels.rdpgfx.client] - [rdpgfx_read_h264_metablock]: regionRects[4]: left: 0 top: 704 right: 64 bottom: 768
[17:59:48:584] [95171:000173f6] [DEBUG][com.freerdp.channels.rdpgfx.client] - [rdpgfx_read_h264_metablock]: regionRects[5]: left: 192 top: 704 right: 256 bottom: 768
[17:59:48:584] [95171:000173f6] [DEBUG][com.freerdp.channels.rdpgfx.client] - [rdpgfx_read_h264_metablock]: regionRects[6]: left: 0 top: 768 right: 64 bottom: 800
[17:59:48:584] [95171:000173f6] [DEBUG][com.freerdp.channels.rdpgfx.client] - [rdpgfx_read_h264_metablock]: regionRects[7]: left: 64 top: 768 right: 128 bottom: 800
[17:59:48:584] [95171:000173f6] [DEBUG][com.freerdp.channels.rdpgfx.client] - [rdpgfx_read_h264_metablock]: regionRects[8]: left: 128 top: 768 right: 192 bottom: 800
[17:59:48:584] [95171:000173f6] [DEBUG][com.freerdp.channels.rdpgfx.client] - [rdpgfx_read_h264_metablock]: regionRects[9]: left: 192 top: 768 right: 256 bottom: 800
[17:59:48:584] [95171:000173f6] [DEBUG][com.freerdp.channels.rdpgfx.client] - [rdpgfx_read_h264_metablock]: quantQualityVals[0]: qp: 0 r: 0 p: 0 qualityVal: 100
[17:59:48:584] [95171:000173f6] [DEBUG][com.freerdp.channels.rdpgfx.client] - [rdpgfx_read_h264_metablock]: quantQualityVals[1]: qp: 0 r: 0 p: 0 qualityVal: 100
[17:59:48:584] [95171:000173f6] [DEBUG][com.freerdp.channels.rdpgfx.client] - [rdpgfx_read_h264_metablock]: quantQualityVals[2]: qp: 0 r: 0 p: 0 qualityVal: 100
[17:59:48:584] [95171:000173f6] [DEBUG][com.freerdp.channels.rdpgfx.client] - [rdpgfx_read_h264_metablock]: quantQualityVals[3]: qp: 0 r: 0 p: 0 qualityVal: 100
[17:59:48:584] [95171:000173f6] [DEBUG][com.freerdp.channels.rdpgfx.client] - [rdpgfx_read_h264_metablock]: quantQualityVals[4]: qp: 0 r: 0 p: 0 qualityVal: 100
[17:59:48:584] [95171:000173f6] [DEBUG][com.freerdp.channels.rdpgfx.client] - [rdpgfx_read_h264_metablock]: quantQualityVals[5]: qp: 0 r: 0 p: 0 qualityVal: 100
[17:59:48:584] [95171:000173f6] [DEBUG][com.freerdp.channels.rdpgfx.client] - [rdpgfx_read_h264_metablock]: quantQualityVals[6]: qp: 0 r: 0 p: 0 qualityVal: 100
[17:59:48:584] [95171:000173f6] [DEBUG][com.freerdp.channels.rdpgfx.client] - [rdpgfx_read_h264_metablock]: quantQualityVals[7]: qp: 0 r: 0 p: 0 qualityVal: 100
[17:59:48:584] [95171:000173f6] [DEBUG][com.freerdp.channels.rdpgfx.client] - [rdpgfx_read_h264_metablock]: quantQualityVals[8]: qp: 0 r: 0 p: 0 qualityVal: 100
[17:59:48:584] [95171:000173f6] [DEBUG][com.freerdp.channels.rdpgfx.client] - [rdpgfx_read_h264_metablock]: quantQualityVals[9]: qp: 0 r: 0 p: 0 qualityVal: 100
[17:59:48:750] [95171:000173f6] [DEBUG][com.freerdp.channels.rdpgfx.client] - [rdpgfx_read_h264_metablock]: H264_METABLOCK: numRegionRects: 10
[17:59:48:750] [95171:000173f6] [DEBUG][com.freerdp.channels.rdpgfx.client] - [rdpgfx_read_h264_metablock]: regionRects[0]: left: 0 top: 320 right: 64 bottom: 384
[17:59:48:750] [95171:000173f6] [DEBUG][com.freerdp.channels.rdpgfx.client] - [rdpgfx_read_h264_metablock]: regionRects[1]: left: 192 top: 320 right: 256 bottom: 384
[17:59:48:750] [95171:000173f6] [DEBUG][com.freerdp.channels.rdpgfx.client] - [rdpgfx_read_h264_metablock]: regionRects[2]: left: 0 top: 384 right: 64 bottom: 448
[17:59:48:750] [95171:000173f6] [DEBUG][com.freerdp.channels.rdpgfx.client] - [rdpgfx_read_h264_metablock]: regionRects[3]: left: 192 top: 384 right: 256 bottom: 448
[17:59:48:750] [95171:000173f6] [DEBUG][com.freerdp.channels.rdpgfx.client] - [rdpgfx_read_h264_metablock]: regionRects[4]: left: 0 top: 704 right: 64 bottom: 768
[17:59:48:750] [95171:000173f6] [DEBUG][com.freerdp.channels.rdpgfx.client] - [rdpgfx_read_h264_metablock]: regionRects[5]: left: 192 top: 704 right: 256 bottom: 768
[17:59:48:750] [95171:000173f6] [DEBUG][com.freerdp.channels.rdpgfx.client] - [rdpgfx_read_h264_metablock]: regionRects[6]: left: 0 top: 768 right: 64 bottom: 800
[17:59:48:750] [95171:000173f6] [DEBUG][com.freerdp.channels.rdpgfx.client] - [rdpgfx_read_h264_metablock]: regionRects[7]: left: 64 top: 768 right: 128 bottom: 800
[17:59:48:750] [95171:000173f6] [DEBUG][com.freerdp.channels.rdpgfx.client] - [rdpgfx_read_h264_metablock]: regionRects[8]: left: 128 top: 768 right: 192 bottom: 800
[17:59:48:750] [95171:000173f6] [DEBUG][com.freerdp.channels.rdpgfx.client] - [rdpgfx_read_h264_metablock]: regionRects[9]: left: 192 top: 768 right: 256 bottom: 800
[17:59:48:750] [95171:000173f6] [DEBUG][com.freerdp.channels.rdpgfx.client] - [rdpgfx_read_h264_metablock]: quantQualityVals[0]: qp: 0 r: 0 p: 0 qualityVal: 100
[17:59:48:750] [95171:000173f6] [DEBUG][com.freerdp.channels.rdpgfx.client] - [rdpgfx_read_h264_metablock]: quantQualityVals[1]: qp: 0 r: 0 p: 0 qualityVal: 100
[17:59:48:750] [95171:000173f6] [DEBUG][com.freerdp.channels.rdpgfx.client] - [rdpgfx_read_h264_metablock]: quantQualityVals[2]: qp: 0 r: 0 p: 0 qualityVal: 100
[17:59:48:750] [95171:000173f6] [DEBUG][com.freerdp.channels.rdpgfx.client] - [rdpgfx_read_h264_metablock]: quantQualityVals[3]: qp: 0 r: 0 p: 0 qualityVal: 100
[17:59:48:750] [95171:000173f6] [DEBUG][com.freerdp.channels.rdpgfx.client] - [rdpgfx_read_h264_metablock]: quantQualityVals[4]: qp: 0 r: 0 p: 0 qualityVal: 100
[17:59:48:750] [95171:000173f6] [DEBUG][com.freerdp.channels.rdpgfx.client] - [rdpgfx_read_h264_metablock]: quantQualityVals[5]: qp: 0 r: 0 p: 0 qualityVal: 100
[17:59:48:750] [95171:000173f6] [DEBUG][com.freerdp.channels.rdpgfx.client] - [rdpgfx_read_h264_metablock]: quantQualityVals[6]: qp: 0 r: 0 p: 0 qualityVal: 100
[17:59:48:750] [95171:000173f6] [DEBUG][com.freerdp.channels.rdpgfx.client] - [rdpgfx_read_h264_metablock]: quantQualityVals[7]: qp: 0 r: 0 p: 0 qualityVal: 100
[17:59:48:750] [95171:000173f6] [DEBUG][com.freerdp.channels.rdpgfx.client] - [rdpgfx_read_h264_metablock]: quantQualityVals[8]: qp: 0 r: 0 p: 0 qualityVal: 100
[17:59:48:750] [95171:000173f6] [DEBUG][com.freerdp.channels.rdpgfx.client] - [rdpgfx_read_h264_metablock]: quantQualityVals[9]: qp: 0 r: 0 p: 0 qualityVal: 100
[17:59:48:849] [95171:000173f6] [DEBUG][com.freerdp.channels.rdpgfx.client] - [rdpgfx_read_h264_metablock]: H264_METABLOCK: numRegionRects: 4
[17:59:48:849] [95171:000173f6] [DEBUG][com.freerdp.channels.rdpgfx.client] - [rdpgfx_read_h264_metablock]: regionRects[0]: left: 0 top: 320 right: 64 bottom: 384
[17:59:48:849] [95171:000173f6] [DEBUG][com.freerdp.channels.rdpgfx.client] - [rdpgfx_read_h264_metablock]: regionRects[1]: left: 0 top: 384 right: 64 bottom: 448
[17:59:48:849] [95171:000173f6] [DEBUG][com.freerdp.channels.rdpgfx.client] - [rdpgfx_read_h264_metablock]: regionRects[2]: left: 0 top: 704 right: 64 bottom: 768
[17:59:48:849] [95171:000173f6] [DEBUG][com.freerdp.channels.rdpgfx.client] - [rdpgfx_read_h264_metablock]: regionRects[3]: left: 0 top: 768 right: 64 bottom: 800
[17:59:48:849] [95171:000173f6] [DEBUG][com.freerdp.channels.rdpgfx.client] - [rdpgfx_read_h264_metablock]: quantQualityVals[0]: qp: 0 r: 0 p: 0 qualityVal: 100
[17:59:48:849] [95171:000173f6] [DEBUG][com.freerdp.channels.rdpgfx.client] - [rdpgfx_read_h264_metablock]: quantQualityVals[1]: qp: 0 r: 0 p: 0 qualityVal: 100
[17:59:48:849] [95171:000173f6] [DEBUG][com.freerdp.channels.rdpgfx.client] - [rdpgfx_read_h264_metablock]: quantQualityVals[2]: qp: 0 r: 0 p: 0 qualityVal: 100
[17:59:48:849] [95171:000173f6] [DEBUG][com.freerdp.channels.rdpgfx.client] - [rdpgfx_read_h264_metablock]: quantQualityVals[3]: qp: 0 r: 0 p: 0 qualityVal: 100
[17:59:49:279] [95171:000173f6] [DEBUG][com.freerdp.channels.rdpgfx.client] - [rdpgfx_read_h264_metablock]: H264_METABLOCK: numRegionRects: 4
[17:59:49:279] [95171:000173f6] [DEBUG][com.freerdp.channels.rdpgfx.client] - [rdpgfx_read_h264_metablock]: regionRects[0]: left: 0 top: 768 right: 64 bottom: 800
[17:59:49:279] [95171:000173f6] [DEBUG][com.freerdp.channels.rdpgfx.client] - [rdpgfx_read_h264_metablock]: regionRects[1]: left: 64 top: 768 right: 128 bottom: 800
[17:59:49:279] [95171:000173f6] [DEBUG][com.freerdp.channels.rdpgfx.client] - [rdpgfx_read_h264_metablock]: regionRects[2]: left: 128 top: 768 right: 192 bottom: 800
[17:59:49:279] [95171:000173f6] [DEBUG][com.freerdp.channels.rdpgfx.client] - [rdpgfx_read_h264_metablock]: regionRects[3]: left: 192 top: 768 right: 256 bottom: 800
[17:59:49:279] [95171:000173f6] [DEBUG][com.freerdp.channels.rdpgfx.client] - [rdpgfx_read_h264_metablock]: quantQualityVals[0]: qp: 0 r: 0 p: 0 qualityVal: 100
[17:59:49:279] [95171:000173f6] [DEBUG][com.freerdp.channels.rdpgfx.client] - [rdpgfx_read_h264_metablock]: quantQualityVals[1]: qp: 0 r: 0 p: 0 qualityVal: 100
[17:59:49:279] [95171:000173f6] [DEBUG][com.freerdp.channels.rdpgfx.client] - [rdpgfx_read_h264_metablock]: quantQualityVals[2]: qp: 0 r: 0 p: 0 qualityVal: 100
[17:59:49:279] [95171:000173f6] [DEBUG][com.freerdp.channels.rdpgfx.client] - [rdpgfx_read_h264_metablock]: quantQualityVals[3]: qp: 0 r: 0 p: 0 qualityVal: 100
[17:59:49:413] [95171:000173f6] [DEBUG][com.freerdp.channels.rdpgfx.client] - [rdpgfx_read_h264_metablock]: H264_METABLOCK: numRegionRects: 4
[17:59:49:413] [95171:000173f6] [DEBUG][com.freerdp.channels.rdpgfx.client] - [rdpgfx_read_h264_metablock]: regionRects[0]: left: 0 top: 768 right: 64 bottom: 800
[17:59:49:413] [95171:000173f6] [DEBUG][com.freerdp.channels.rdpgfx.client] - [rdpgfx_read_h264_metablock]: regionRects[1]: left: 64 top: 768 right: 128 bottom: 800
[17:59:49:413] [95171:000173f6] [DEBUG][com.freerdp.channels.rdpgfx.client] - [rdpgfx_read_h264_metablock]: regionRects[2]: left: 128 top: 768 right: 192 bottom: 800
[17:59:49:413] [95171:000173f6] [DEBUG][com.freerdp.channels.rdpgfx.client] - [rdpgfx_read_h264_metablock]: regionRects[3]: left: 192 top: 768 right: 256 bottom: 800
[17:59:49:413] [95171:000173f6] [DEBUG][com.freerdp.channels.rdpgfx.client] - [rdpgfx_read_h264_metablock]: quantQualityVals[0]: qp: 0 r: 0 p: 0 qualityVal: 100
[17:59:49:413] [95171:000173f6] [DEBUG][com.freerdp.channels.rdpgfx.client] - [rdpgfx_read_h264_metablock]: quantQualityVals[1]: qp: 0 r: 0 p: 0 qualityVal: 100
[17:59:49:413] [95171:000173f6] [DEBUG][com.freerdp.channels.rdpgfx.client] - [rdpgfx_read_h264_metablock]: quantQualityVals[2]: qp: 0 r: 0 p: 0 qualityVal: 100
[17:59:49:413] [95171:000173f6] [DEBUG][com.freerdp.channels.rdpgfx.client] - [rdpgfx_read_h264_metablock]: quantQualityVals[3]: qp: 0 r: 0 p: 0 qualityVal: 100
[17:59:49:479] [95171:000173f6] [DEBUG][com.freerdp.channels.rdpgfx.client] - [rdpgfx_read_h264_metablock]: H264_METABLOCK: numRegionRects: 4
[17:59:49:479] [95171:000173f6] [DEBUG][com.freerdp.channels.rdpgfx.client] - [rdpgfx_read_h264_metablock]: regionRects[0]: left: 0 top: 320 right: 64 bottom: 384
[17:59:49:479] [95171:000173f6] [DEBUG][com.freerdp.channels.rdpgfx.client] - [rdpgfx_read_h264_metablock]: regionRects[1]: left: 0 top: 384 right: 64 bottom: 448
[17:59:49:479] [95171:000173f6] [DEBUG][com.freerdp.channels.rdpgfx.client] - [rdpgfx_read_h264_metablock]: regionRects[2]: left: 0 top: 704 right: 64 bottom: 768
[17:59:49:479] [95171:000173f6] [DEBUG][com.freerdp.channels.rdpgfx.client] - [rdpgfx_read_h264_metablock]: regionRects[3]: left: 0 top: 768 right: 64 bottom: 800
[17:59:49:479] [95171:000173f6] [DEBUG][com.freerdp.channels.rdpgfx.client] - [rdpgfx_read_h264_metablock]: quantQualityVals[0]: qp: 0 r: 0 p: 0 qualityVal: 100
[17:59:49:479] [95171:000173f6] [DEBUG][com.freerdp.channels.rdpgfx.client] - [rdpgfx_read_h264_metablock]: quantQualityVals[1]: qp: 0 r: 0 p: 0 qualityVal: 100
[17:59:49:479] [95171:000173f6] [DEBUG][com.freerdp.channels.rdpgfx.client] - [rdpgfx_read_h264_metablock]: quantQualityVals[2]: qp: 0 r: 0 p: 0 qualityVal: 100
[17:59:49:479] [95171:000173f6] [DEBUG][com.freerdp.channels.rdpgfx.client] - [rdpgfx_read_h264_metablock]: quantQualityVals[3]: qp: 0 r: 0 p: 0 qualityVal: 100
[17:59:49:611] [95171:000173f6] [DEBUG][com.freerdp.channels.rdpgfx.client] - [rdpgfx_read_h264_metablock]: H264_METABLOCK: numRegionRects: 10
[17:59:49:611] [95171:000173f6] [DEBUG][com.freerdp.channels.rdpgfx.client] - [rdpgfx_read_h264_metablock]: regionRects[0]: left: 0 top: 320 right: 64 bottom: 384
[17:59:49:611] [95171:000173f6] [DEBUG][com.freerdp.channels.rdpgfx.client] - [rdpgfx_read_h264_metablock]: regionRects[1]: left: 192 top: 320 right: 256 bottom: 384
[17:59:49:611] [95171:000173f6] [DEBUG][com.freerdp.channels.rdpgfx.client] - [rdpgfx_read_h264_metablock]: regionRects[2]: left: 0 top: 384 right: 64 bottom: 448
[17:59:49:611] [95171:000173f6] [DEBUG][com.freerdp.channels.rdpgfx.client] - [rdpgfx_read_h264_metablock]: regionRects[3]: left: 192 top: 384 right: 256 bottom: 448
[17:59:49:611] [95171:000173f6] [DEBUG][com.freerdp.channels.rdpgfx.client] - [rdpgfx_read_h264_metablock]: regionRects[4]: left: 0 top: 704 right: 64 bottom: 768
[17:59:49:611] [95171:000173f6] [DEBUG][com.freerdp.channels.rdpgfx.client] - [rdpgfx_read_h264_metablock]: regionRects[5]: left: 192 top: 704 right: 256 bottom: 768
[17:59:49:611] [95171:000173f6] [DEBUG][com.freerdp.channels.rdpgfx.client] - [rdpgfx_read_h264_metablock]: regionRects[6]: left: 0 top: 768 right: 64 bottom: 800
[17:59:49:611] [95171:000173f6] [DEBUG][com.freerdp.channels.rdpgfx.client] - [rdpgfx_read_h264_metablock]: regionRects[7]: left: 64 top: 768 right: 128 bottom: 800
[17:59:49:611] [95171:000173f6] [DEBUG][com.freerdp.channels.rdpgfx.client] - [rdpgfx_read_h264_metablock]: regionRects[8]: left: 128 top: 768 right: 192 bottom: 800
[17:59:49:611] [95171:000173f6] [DEBUG][com.freerdp.channels.rdpgfx.client] - [rdpgfx_read_h264_metablock]: regionRects[9]: left: 192 top: 768 right: 256 bottom: 800
[17:59:49:611] [95171:000173f6] [DEBUG][com.freerdp.channels.rdpgfx.client] - [rdpgfx_read_h264_metablock]: quantQualityVals[0]: qp: 0 r: 0 p: 0 qualityVal: 100
[17:59:49:611] [95171:000173f6] [DEBUG][com.freerdp.channels.rdpgfx.client] - [rdpgfx_read_h264_metablock]: quantQualityVals[1]: qp: 0 r: 0 p: 0 qualityVal: 100
[17:59:49:611] [95171:000173f6] [DEBUG][com.freerdp.channels.rdpgfx.client] - [rdpgfx_read_h264_metablock]: quantQualityVals[2]: qp: 0 r: 0 p: 0 qualityVal: 100
[17:59:49:611] [95171:000173f6] [DEBUG][com.freerdp.channels.rdpgfx.client] - [rdpgfx_read_h264_metablock]: quantQualityVals[3]: qp: 0 r: 0 p: 0 qualityVal: 100
[17:59:49:611] [95171:000173f6] [DEBUG][com.freerdp.channels.rdpgfx.client] - [rdpgfx_read_h264_metablock]: quantQualityVals[4]: qp: 0 r: 0 p: 0 qualityVal: 100
[17:59:49:611] [95171:000173f6] [DEBUG][com.freerdp.channels.rdpgfx.client] - [rdpgfx_read_h264_metablock]: quantQualityVals[5]: qp: 0 r: 0 p: 0 qualityVal: 100
[17:59:49:611] [95171:000173f6] [DEBUG][com.freerdp.channels.rdpgfx.client] - [rdpgfx_read_h264_metablock]: quantQualityVals[6]: qp: 0 r: 0 p: 0 qualityVal: 100
[17:59:49:611] [95171:000173f6] [DEBUG][com.freerdp.channels.rdpgfx.client] - [rdpgfx_read_h264_metablock]: quantQualityVals[7]: qp: 0 r: 0 p: 0 qualityVal: 100
[17:59:49:611] [95171:000173f6] [DEBUG][com.freerdp.channels.rdpgfx.client] - [rdpgfx_read_h264_metablock]: quantQualityVals[8]: qp: 0 r: 0 p: 0 qualityVal: 100
[17:59:49:611] [95171:000173f6] [DEBUG][com.freerdp.channels.rdpgfx.client] - [rdpgfx_read_h264_metablock]: quantQualityVals[9]: qp: 0 r: 0 p: 0 qualityVal: 100
[17:59:49:711] [95171:000173f6] [DEBUG][com.freerdp.channels.rdpgfx.client] - [rdpgfx_read_h264_metablock]: H264_METABLOCK: numRegionRects: 10
[17:59:49:711] [95171:000173f6] [DEBUG][com.freerdp.channels.rdpgfx.client] - [rdpgfx_read_h264_metablock]: regionRects[0]: left: 0 top: 320 right: 64 bottom: 384
[17:59:49:711] [95171:000173f6] [DEBUG][com.freerdp.channels.rdpgfx.client] - [rdpgfx_read_h264_metablock]: regionRects[1]: left: 192 top: 320 right: 256 bottom: 384
[17:59:49:711] [95171:000173f6] [DEBUG][com.freerdp.channels.rdpgfx.client] - [rdpgfx_read_h264_metablock]: regionRects[2]: left: 0 top: 384 right: 64 bottom: 448
[17:59:49:711] [95171:000173f6] [DEBUG][com.freerdp.channels.rdpgfx.client] - [rdpgfx_read_h264_metablock]: regionRects[3]: left: 192 top: 384 right: 256 bottom: 448
[17:59:49:711] [95171:000173f6] [DEBUG][com.freerdp.channels.rdpgfx.client] - [rdpgfx_read_h264_metablock]: regionRects[4]: left: 0 top: 704 right: 64 bottom: 768
[17:59:49:711] [95171:000173f6] [DEBUG][com.freerdp.channels.rdpgfx.client] - [rdpgfx_read_h264_metablock]: regionRects[5]: left: 192 top: 704 right: 256 bottom: 768
[17:59:49:711] [95171:000173f6] [DEBUG][com.freerdp.channels.rdpgfx.client] - [rdpgfx_read_h264_metablock]: regionRects[6]: left: 0 top: 768 right: 64 bottom: 800
[17:59:49:711] [95171:000173f6] [DEBUG][com.freerdp.channels.rdpgfx.client] - [rdpgfx_read_h264_metablock]: regionRects[7]: left: 64 top: 768 right: 128 bottom: 800
[17:59:49:711] [95171:000173f6] [DEBUG][com.freerdp.channels.rdpgfx.client] - [rdpgfx_read_h264_metablock]: regionRects[8]: left: 128 top: 768 right: 192 bottom: 800
[17:59:49:711] [95171:000173f6] [DEBUG][com.freerdp.channels.rdpgfx.client] - [rdpgfx_read_h264_metablock]: regionRects[9]: left: 192 top: 768 right: 256 bottom: 800
[17:59:49:711] [95171:000173f6] [DEBUG][com.freerdp.channels.rdpgfx.client] - [rdpgfx_read_h264_metablock]: quantQualityVals[0]: qp: 0 r: 0 p: 0 qualityVal: 100
[17:59:49:711] [95171:000173f6] [DEBUG][com.freerdp.channels.rdpgfx.client] - [rdpgfx_read_h264_metablock]: quantQualityVals[1]: qp: 0 r: 0 p: 0 qualityVal: 100
[17:59:49:711] [95171:000173f6] [DEBUG][com.freerdp.channels.rdpgfx.client] - [rdpgfx_read_h264_metablock]: quantQualityVals[2]: qp: 0 r: 0 p: 0 qualityVal: 100
[17:59:49:711] [95171:000173f6] [DEBUG][com.freerdp.channels.rdpgfx.client] - [rdpgfx_read_h264_metablock]: quantQualityVals[3]: qp: 0 r: 0 p: 0 qualityVal: 100
[17:59:49:711] [95171:000173f6] [DEBUG][com.freerdp.channels.rdpgfx.client] - [rdpgfx_read_h264_metablock]: quantQualityVals[4]: qp: 0 r: 0 p: 0 qualityVal: 100
[17:59:49:711] [95171:000173f6] [DEBUG][com.freerdp.channels.rdpgfx.client] - [rdpgfx_read_h264_metablock]: quantQualityVals[5]: qp: 0 r: 0 p: 0 qualityVal: 100
[17:59:49:711] [95171:000173f6] [DEBUG][com.freerdp.channels.rdpgfx.client] - [rdpgfx_read_h264_metablock]: quantQualityVals[6]: qp: 0 r: 0 p: 0 qualityVal: 100
[17:59:49:711] [95171:000173f6] [DEBUG][com.freerdp.channels.rdpgfx.client] - [rdpgfx_read_h264_metablock]: quantQualityVals[7]: qp: 0 r: 0 p: 0 qualityVal: 100
[17:59:49:711] [95171:000173f6] [DEBUG][com.freerdp.channels.rdpgfx.client] - [rdpgfx_read_h264_metablock]: quantQualityVals[8]: qp: 0 r: 0 p: 0 qualityVal: 100
[17:59:49:711] [95171:000173f6] [DEBUG][com.freerdp.channels.rdpgfx.client] - [rdpgfx_read_h264_metablock]: quantQualityVals[9]: qp: 0 r: 0 p: 0 qualityVal: 100
[17:59:49:879] [95171:000173f6] [DEBUG][com.freerdp.channels.rdpgfx.client] - [rdpgfx_read_h264_metablock]: H264_METABLOCK: numRegionRects: 10
[17:59:49:879] [95171:000173f6] [DEBUG][com.freerdp.channels.rdpgfx.client] - [rdpgfx_read_h264_metablock]: regionRects[0]: left: 0 top: 320 right: 64 bottom: 384
[17:59:49:879] [95171:000173f6] [DEBUG][com.freerdp.channels.rdpgfx.client] - [rdpgfx_read_h264_metablock]: regionRects[1]: left: 192 top: 320 right: 256 bottom: 384
[17:59:49:879] [95171:000173f6] [DEBUG][com.freerdp.channels.rdpgfx.client] - [rdpgfx_read_h264_metablock]: regionRects[2]: left: 0 top: 384 right: 64 bottom: 448
[17:59:49:879] [95171:000173f6] [DEBUG][com.freerdp.channels.rdpgfx.client] - [rdpgfx_read_h264_metablock]: regionRects[3]: left: 192 top: 384 right: 256 bottom: 448
[17:59:49:879] [95171:000173f6] [DEBUG][com.freerdp.channels.rdpgfx.client] - [rdpgfx_read_h264_metablock]: regionRects[4]: left: 0 top: 704 right: 64 bottom: 768
[17:59:49:879] [95171:000173f6] [DEBUG][com.freerdp.channels.rdpgfx.client] - [rdpgfx_read_h264_metablock]: regionRects[5]: left: 192 top: 704 right: 256 bottom: 768
[17:59:49:879] [95171:000173f6] [DEBUG][com.freerdp.channels.rdpgfx.client] - [rdpgfx_read_h264_metablock]: regionRects[6]: left: 0 top: 768 right: 64 bottom: 800
[17:59:49:879] [95171:000173f6] [DEBUG][com.freerdp.channels.rdpgfx.client] - [rdpgfx_read_h264_metablock]: regionRects[7]: left: 64 top: 768 right: 128 bottom: 800
[17:59:49:879] [95171:000173f6] [DEBUG][com.freerdp.channels.rdpgfx.client] - [rdpgfx_read_h264_metablock]: regionRects[8]: left: 128 top: 768 right: 192 bottom: 800
[17:59:49:879] [95171:000173f6] [DEBUG][com.freerdp.channels.rdpgfx.client] - [rdpgfx_read_h264_metablock]: regionRects[9]: left: 192 top: 768 right: 256 bottom: 800
[17:59:49:879] [95171:000173f6] [DEBUG][com.freerdp.channels.rdpgfx.client] - [rdpgfx_read_h264_metablock]: quantQualityVals[0]: qp: 0 r: 0 p: 0 qualityVal: 100
[17:59:49:879] [95171:000173f6] [DEBUG][com.freerdp.channels.rdpgfx.client] - [rdpgfx_read_h264_metablock]: quantQualityVals[1]: qp: 0 r: 0 p: 0 qualityVal: 100
[17:59:49:879] [95171:000173f6] [DEBUG][com.freerdp.channels.rdpgfx.client] - [rdpgfx_read_h264_metablock]: quantQualityVals[2]: qp: 0 r: 0 p: 0 qualityVal: 100
[17:59:49:879] [95171:000173f6] [DEBUG][com.freerdp.channels.rdpgfx.client] - [rdpgfx_read_h264_metablock]: quantQualityVals[3]: qp: 0 r: 0 p: 0 qualityVal: 100
[17:59:49:879] [95171:000173f6] [DEBUG][com.freerdp.channels.rdpgfx.client] - [rdpgfx_read_h264_metablock]: quantQualityVals[4]: qp: 0 r: 0 p: 0 qualityVal: 100
[17:59:49:879] [95171:000173f6] [DEBUG][com.freerdp.channels.rdpgfx.client] - [rdpgfx_read_h264_metablock]: quantQualityVals[5]: qp: 0 r: 0 p: 0 qualityVal: 100
[17:59:49:879] [95171:000173f6] [DEBUG][com.freerdp.channels.rdpgfx.client] - [rdpgfx_read_h264_metablock]: quantQualityVals[6]: qp: 0 r: 0 p: 0 qualityVal: 100
[17:59:49:879] [95171:000173f6] [DEBUG][com.freerdp.channels.rdpgfx.client] - [rdpgfx_read_h264_metablock]: quantQualityVals[7]: qp: 0 r: 0 p: 0 qualityVal: 100
[17:59:49:879] [95171:000173f6] [DEBUG][com.freerdp.channels.rdpgfx.client] - [rdpgfx_read_h264_metablock]: quantQualityVals[8]: qp: 0 r: 0 p: 0 qualityVal: 100
[17:59:49:879] [95171:000173f6] [DEBUG][com.freerdp.channels.rdpgfx.client] - [rdpgfx_read_h264_metablock]: quantQualityVals[9]: qp: 0 r: 0 p: 0 qualityVal: 100
[17:59:49:941] [95171:000173f6] [DEBUG][com.freerdp.channels.rdpgfx.client] - [rdpgfx_read_h264_metablock]: H264_METABLOCK: numRegionRects: 10
[17:59:49:941] [95171:000173f6] [DEBUG][com.freerdp.channels.rdpgfx.client] - [rdpgfx_read_h264_metablock]: regionRects[0]: left: 0 top: 320 right: 64 bottom: 384
[17:59:49:941] [95171:000173f6] [DEBUG][com.freerdp.channels.rdpgfx.client] - [rdpgfx_read_h264_metablock]: regionRects[1]: left: 192 top: 320 right: 256 bottom: 384
[17:59:49:941] [95171:000173f6] [DEBUG][com.freerdp.channels.rdpgfx.client] - [rdpgfx_read_h264_metablock]: regionRects[2]: left: 0 top: 384 right: 64 bottom: 448
[17:59:49:941] [95171:000173f6] [DEBUG][com.freerdp.channels.rdpgfx.client] - [rdpgfx_read_h264_metablock]: regionRects[3]: left: 192 top: 384 right: 256 bottom: 448
[17:59:49:941] [95171:000173f6] [DEBUG][com.freerdp.channels.rdpgfx.client] - [rdpgfx_read_h264_metablock]: regionRects[4]: left: 0 top: 704 right: 64 bottom: 768
[17:59:49:941] [95171:000173f6] [DEBUG][com.freerdp.channels.rdpgfx.client] - [rdpgfx_read_h264_metablock]: regionRects[5]: left: 192 top: 704 right: 256 bottom: 768
[17:59:49:941] [95171:000173f6] [DEBUG][com.freerdp.channels.rdpgfx.client] - [rdpgfx_read_h264_metablock]: regionRects[6]: left: 0 top: 768 right: 64 bottom: 800
[17:59:49:941] [95171:000173f6] [DEBUG][com.freerdp.channels.rdpgfx.client] - [rdpgfx_read_h264_metablock]: regionRects[7]: left: 64 top: 768 right: 128 bottom: 800
[17:59:49:941] [95171:000173f6] [DEBUG][com.freerdp.channels.rdpgfx.client] - [rdpgfx_read_h264_metablock]: regionRects[8]: left: 128 top: 768 right: 192 bottom: 800
[17:59:49:941] [95171:000173f6] [DEBUG][com.freerdp.channels.rdpgfx.client] - [rdpgfx_read_h264_metablock]: regionRects[9]: left: 192 top: 768 right: 256 bottom: 800
[17:59:49:941] [95171:000173f6] [DEBUG][com.freerdp.channels.rdpgfx.client] - [rdpgfx_read_h264_metablock]: quantQualityVals[0]: qp: 0 r: 0 p: 0 qualityVal: 100
[17:59:49:941] [95171:000173f6] [DEBUG][com.freerdp.channels.rdpgfx.client] - [rdpgfx_read_h264_metablock]: quantQualityVals[1]: qp: 0 r: 0 p: 0 qualityVal: 100
[17:59:49:941] [95171:000173f6] [DEBUG][com.freerdp.channels.rdpgfx.client] - [rdpgfx_read_h264_metablock]: quantQualityVals[2]: qp: 0 r: 0 p: 0 qualityVal: 100
[17:59:49:941] [95171:000173f6] [DEBUG][com.freerdp.channels.rdpgfx.client] - [rdpgfx_read_h264_metablock]: quantQualityVals[3]: qp: 0 r: 0 p: 0 qualityVal: 100
[17:59:49:941] [95171:000173f6] [DEBUG][com.freerdp.channels.rdpgfx.client] - [rdpgfx_read_h264_metablock]: quantQualityVals[4]: qp: 0 r: 0 p: 0 qualityVal: 100
[17:59:49:941] [95171:000173f6] [DEBUG][com.freerdp.channels.rdpgfx.client] - [rdpgfx_read_h264_metablock]: quantQualityVals[5]: qp: 0 r: 0 p: 0 qualityVal: 100
[17:59:49:941] [95171:000173f6] [DEBUG][com.freerdp.channels.rdpgfx.client] - [rdpgfx_read_h264_metablock]: quantQualityVals[6]: qp: 0 r: 0 p: 0 qualityVal: 100
[17:59:49:941] [95171:000173f6] [DEBUG][com.freerdp.channels.rdpgfx.client] - [rdpgfx_read_h264_metablock]: quantQualityVals[7]: qp: 0 r: 0 p: 0 qualityVal: 100
[17:59:49:941] [95171:000173f6] [DEBUG][com.freerdp.channels.rdpgfx.client] - [rdpgfx_read_h264_metablock]: quantQualityVals[8]: qp: 0 r: 0 p: 0 qualityVal: 100
[17:59:49:941] [95171:000173f6] [DEBUG][com.freerdp.channels.rdpgfx.client] - [rdpgfx_read_h264_metablock]: quantQualityVals[9]: qp: 0 r: 0 p: 0 qualityVal: 100
[17:59:50:007] [95171:000173f6] [DEBUG][com.freerdp.channels.rdpgfx.client] - [rdpgfx_read_h264_metablock]: H264_METABLOCK: numRegionRects: 10
[17:59:50:007] [95171:000173f6] [DEBUG][com.freerdp.channels.rdpgfx.client] - [rdpgfx_read_h264_metablock]: regionRects[0]: left: 0 top: 320 right: 64 bottom: 384
[17:59:50:007] [95171:000173f6] [DEBUG][com.freerdp.channels.rdpgfx.client] - [rdpgfx_read_h264_metablock]: regionRects[1]: left: 192 top: 320 right: 256 bottom: 384
[17:59:50:007] [95171:000173f6] [DEBUG][com.freerdp.channels.rdpgfx.client] - [rdpgfx_read_h264_metablock]: regionRects[2]: left: 0 top: 384 right: 64 bottom: 448
[17:59:50:007] [95171:000173f6] [DEBUG][com.freerdp.channels.rdpgfx.client] - [rdpgfx_read_h264_metablock]: regionRects[3]: left: 192 top: 384 right: 256 bottom: 448
[17:59:50:007] [95171:000173f6] [DEBUG][com.freerdp.channels.rdpgfx.client] - [rdpgfx_read_h264_metablock]: regionRects[4]: left: 0 top: 704 right: 64 bottom: 768
[17:59:50:007] [95171:000173f6] [DEBUG][com.freerdp.channels.rdpgfx.client] - [rdpgfx_read_h264_metablock]: regionRects[5]: left: 192 top: 704 right: 256 bottom: 768
[17:59:50:007] [95171:000173f6] [DEBUG][com.freerdp.channels.rdpgfx.client] - [rdpgfx_read_h264_metablock]: regionRects[6]: left: 0 top: 768 right: 64 bottom: 800
[17:59:50:007] [95171:000173f6] [DEBUG][com.freerdp.channels.rdpgfx.client] - [rdpgfx_read_h264_metablock]: regionRects[7]: left: 64 top: 768 right: 128 bottom: 800
[17:59:50:007] [95171:000173f6] [DEBUG][com.freerdp.channels.rdpgfx.client] - [rdpgfx_read_h264_metablock]: regionRects[8]: left: 128 top: 768 right: 192 bottom: 800
[17:59:50:007] [95171:000173f6] [DEBUG][com.freerdp.channels.rdpgfx.client] - [rdpgfx_read_h264_metablock]: regionRects[9]: left: 192 top: 768 right: 256 bottom: 800
[17:59:50:007] [95171:000173f6] [DEBUG][com.freerdp.channels.rdpgfx.client] - [rdpgfx_read_h264_metablock]: quantQualityVals[0]: qp: 0 r: 0 p: 0 qualityVal: 100
[17:59:50:007] [95171:000173f6] [DEBUG][com.freerdp.channels.rdpgfx.client] - [rdpgfx_read_h264_metablock]: quantQualityVals[1]: qp: 0 r: 0 p: 0 qualityVal: 100
[17:59:50:007] [95171:000173f6] [DEBUG][com.freerdp.channels.rdpgfx.client] - [rdpgfx_read_h264_metablock]: quantQualityVals[2]: qp: 0 r: 0 p: 0 qualityVal: 100
[17:59:50:007] [95171:000173f6] [DEBUG][com.freerdp.channels.rdpgfx.client] - [rdpgfx_read_h264_metablock]: quantQualityVals[3]: qp: 0 r: 0 p: 0 qualityVal: 100
[17:59:50:007] [95171:000173f6] [DEBUG][com.freerdp.channels.rdpgfx.client] - [rdpgfx_read_h264_metablock]: quantQualityVals[4]: qp: 0 r: 0 p: 0 qualityVal: 100
[17:59:50:007] [95171:000173f6] [DEBUG][com.freerdp.channels.rdpgfx.client] - [rdpgfx_read_h264_metablock]: quantQualityVals[5]: qp: 0 r: 0 p: 0 qualityVal: 100
[17:59:50:007] [95171:000173f6] [DEBUG][com.freerdp.channels.rdpgfx.client] - [rdpgfx_read_h264_metablock]: quantQualityVals[6]: qp: 0 r: 0 p: 0 qualityVal: 100
[17:59:50:007] [95171:000173f6] [DEBUG][com.freerdp.channels.rdpgfx.client] - [rdpgfx_read_h264_metablock]: quantQualityVals[7]: qp: 0 r: 0 p: 0 qualityVal: 100
[17:59:50:007] [95171:000173f6] [DEBUG][com.freerdp.channels.rdpgfx.client] - [rdpgfx_read_h264_metablock]: quantQualityVals[8]: qp: 0 r: 0 p: 0 qualityVal: 100
[17:59:50:007] [95171:000173f6] [DEBUG][com.freerdp.channels.rdpgfx.client] - [rdpgfx_read_h264_metablock]: quantQualityVals[9]: qp: 0 r: 0 p: 0 qualityVal: 100
[17:59:50:074] [95171:000173f6] [DEBUG][com.freerdp.channels.rdpgfx.client] - [rdpgfx_read_h264_metablock]: H264_METABLOCK: numRegionRects: 4
[17:59:50:074] [95171:000173f6] [DEBUG][com.freerdp.channels.rdpgfx.client] - [rdpgfx_read_h264_metablock]: regionRects[0]: left: 192 top: 320 right: 256 bottom: 384
[17:59:50:074] [95171:000173f6] [DEBUG][com.freerdp.channels.rdpgfx.client] - [rdpgfx_read_h264_metablock]: regionRects[1]: left: 192 top: 384 right: 256 bottom: 448
[17:59:50:074] [95171:000173f6] [DEBUG][com.freerdp.channels.rdpgfx.client] - [rdpgfx_read_h264_metablock]: regionRects[2]: left: 192 top: 704 right: 256 bottom: 768
[17:59:50:074] [95171:000173f6] [DEBUG][com.freerdp.channels.rdpgfx.client] - [rdpgfx_read_h264_metablock]: regionRects[3]: left: 192 top: 768 right: 256 bottom: 800
[17:59:50:074] [95171:000173f6] [DEBUG][com.freerdp.channels.rdpgfx.client] - [rdpgfx_read_h264_metablock]: quantQualityVals[0]: qp: 0 r: 0 p: 0 qualityVal: 100
[17:59:50:074] [95171:000173f6] [DEBUG][com.freerdp.channels.rdpgfx.client] - [rdpgfx_read_h264_metablock]: quantQualityVals[1]: qp: 0 r: 0 p: 0 qualityVal: 100
[17:59:50:074] [95171:000173f6] [DEBUG][com.freerdp.channels.rdpgfx.client] - [rdpgfx_read_h264_metablock]: quantQualityVals[2]: qp: 0 r: 0 p: 0 qualityVal: 100
[17:59:50:074] [95171:000173f6] [DEBUG][com.freerdp.channels.rdpgfx.client] - [rdpgfx_read_h264_metablock]: quantQualityVals[3]: qp: 0 r: 0 p: 0 qualityVal: 100
[17:59:50:172] [95171:000173f6] [DEBUG][com.freerdp.channels.rdpgfx.client] - [rdpgfx_read_h264_metablock]: H264_METABLOCK: numRegionRects: 4
[17:59:50:172] [95171:000173f6] [DEBUG][com.freerdp.channels.rdpgfx.client] - [rdpgfx_read_h264_metablock]: regionRects[0]: left: 0 top: 768 right: 64 bottom: 800
[17:59:50:172] [95171:000173f6] [DEBUG][com.freerdp.channels.rdpgfx.client] - [rdpgfx_read_h264_metablock]: regionRects[1]: left: 64 top: 768 right: 128 bottom: 800
[17:59:50:172] [95171:000173f6] [DEBUG][com.freerdp.channels.rdpgfx.client] - [rdpgfx_read_h264_metablock]: regionRects[2]: left: 128 top: 768 right: 192 bottom: 800
[17:59:50:172] [95171:000173f6] [DEBUG][com.freerdp.channels.rdpgfx.client] - [rdpgfx_read_h264_metablock]: regionRects[3]: left: 192 top: 768 right: 256 bottom: 800
[17:59:50:172] [95171:000173f6] [DEBUG][com.freerdp.channels.rdpgfx.client] - [rdpgfx_read_h264_metablock]: quantQualityVals[0]: qp: 0 r: 0 p: 0 qualityVal: 100
[17:59:50:172] [95171:000173f6] [DEBUG][com.freerdp.channels.rdpgfx.client] - [rdpgfx_read_h264_metablock]: quantQualityVals[1]: qp: 0 r: 0 p: 0 qualityVal: 100
[17:59:50:172] [95171:000173f6] [DEBUG][com.freerdp.channels.rdpgfx.client] - [rdpgfx_read_h264_metablock]: quantQualityVals[2]: qp: 0 r: 0 p: 0 qualityVal: 100
[17:59:50:172] [95171:000173f6] [DEBUG][com.freerdp.channels.rdpgfx.client] - [rdpgfx_read_h264_metablock]: quantQualityVals[3]: qp: 0 r: 0 p: 0 qualityVal: 100
[17:59:50:272] [95171:000173f6] [DEBUG][com.freerdp.channels.rdpgfx.client] - [rdpgfx_read_h264_metablock]: H264_METABLOCK: numRegionRects: 4
[17:59:50:272] [95171:000173f6] [DEBUG][com.freerdp.channels.rdpgfx.client] - [rdpgfx_read_h264_metablock]: regionRects[0]: left: 0 top: 768 right: 64 bottom: 800
[17:59:50:272] [95171:000173f6] [DEBUG][com.freerdp.channels.rdpgfx.client] - [rdpgfx_read_h264_metablock]: regionRects[1]: left: 64 top: 768 right: 128 bottom: 800
[17:59:50:272] [95171:000173f6] [DEBUG][com.freerdp.channels.rdpgfx.client] - [rdpgfx_read_h264_metablock]: regionRects[2]: left: 128 top: 768 right: 192 bottom: 800
[17:59:50:272] [95171:000173f6] [DEBUG][com.freerdp.channels.rdpgfx.client] - [rdpgfx_read_h264_metablock]: regionRects[3]: left: 192 top: 768 right: 256 bottom: 800
[17:59:50:272] [95171:000173f6] [DEBUG][com.freerdp.channels.rdpgfx.client] - [rdpgfx_read_h264_metablock]: quantQualityVals[0]: qp: 0 r: 0 p: 0 qualityVal: 100
[17:59:50:272] [95171:000173f6] [DEBUG][com.freerdp.channels.rdpgfx.client] - [rdpgfx_read_h264_metablock]: quantQualityVals[1]: qp: 0 r: 0 p: 0 qualityVal: 100
[17:59:50:272] [95171:000173f6] [DEBUG][com.freerdp.channels.rdpgfx.client] - [rdpgfx_read_h264_metablock]: quantQualityVals[2]: qp: 0 r: 0 p: 0 qualityVal: 100
[17:59:50:272] [95171:000173f6] [DEBUG][com.freerdp.channels.rdpgfx.client] - [rdpgfx_read_h264_metablock]: quantQualityVals[3]: qp: 0 r: 0 p: 0 qualityVal: 100
[17:59:50:303] [95171:000173f6] [DEBUG][com.freerdp.channels.rdpgfx.client] - [rdpgfx_read_h264_metablock]: H264_METABLOCK: numRegionRects: 4
[17:59:50:303] [95171:000173f6] [DEBUG][com.freerdp.channels.rdpgfx.client] - [rdpgfx_read_h264_metablock]: regionRects[0]: left: 0 top: 768 right: 64 bottom: 800
[17:59:50:303] [95171:000173f6] [DEBUG][com.freerdp.channels.rdpgfx.client] - [rdpgfx_read_h264_metablock]: regionRects[1]: left: 64 top: 768 right: 128 bottom: 800
[17:59:50:303] [95171:000173f6] [DEBUG][com.freerdp.channels.rdpgfx.client] - [rdpgfx_read_h264_metablock]: regionRects[2]: left: 128 top: 768 right: 192 bottom: 800
[17:59:50:303] [95171:000173f6] [DEBUG][com.freerdp.channels.rdpgfx.client] - [rdpgfx_read_h264_metablock]: regionRects[3]: left: 192 top: 768 right: 256 bottom: 800
[17:59:50:303] [95171:000173f6] [DEBUG][com.freerdp.channels.rdpgfx.client] - [rdpgfx_read_h264_metablock]: quantQualityVals[0]: qp: 0 r: 0 p: 0 qualityVal: 100
[17:59:50:303] [95171:000173f6] [DEBUG][com.freerdp.channels.rdpgfx.client] - [rdpgfx_read_h264_metablock]: quantQualityVals[1]: qp: 0 r: 0 p: 0 qualityVal: 100
[17:59:50:303] [95171:000173f6] [DEBUG][com.freerdp.channels.rdpgfx.client] - [rdpgfx_read_h264_metablock]: quantQualityVals[2]: qp: 0 r: 0 p: 0 qualityVal: 100
[17:59:50:303] [95171:000173f6] [DEBUG][com.freerdp.channels.rdpgfx.client] - [rdpgfx_read_h264_metablock]: quantQualityVals[3]: qp: 0 r: 0 p: 0 qualityVal: 100
[17:59:50:436] [95171:000173f6] [DEBUG][com.freerdp.channels.rdpgfx.client] - [rdpgfx_read_h264_metablock]: H264_METABLOCK: numRegionRects: 4
[17:59:50:436] [95171:000173f6] [DEBUG][com.freerdp.channels.rdpgfx.client] - [rdpgfx_read_h264_metablock]: regionRects[0]: left: 0 top: 768 right: 64 bottom: 800
[17:59:50:436] [95171:000173f6] [DEBUG][com.freerdp.channels.rdpgfx.client] - [rdpgfx_read_h264_metablock]: regionRects[1]: left: 64 top: 768 right: 128 bottom: 800
[17:59:50:436] [95171:000173f6] [DEBUG][com.freerdp.channels.rdpgfx.client] - [rdpgfx_read_h264_metablock]: regionRects[2]: left: 128 top: 768 right: 192 bottom: 800
[17:59:50:436] [95171:000173f6] [DEBUG][com.freerdp.channels.rdpgfx.client] - [rdpgfx_read_h264_metablock]: regionRects[3]: left: 192 top: 768 right: 256 bottom: 800
[17:59:50:436] [95171:000173f6] [DEBUG][com.freerdp.channels.rdpgfx.client] - [rdpgfx_read_h264_metablock]: quantQualityVals[0]: qp: 0 r: 0 p: 0 qualityVal: 100
[17:59:50:436] [95171:000173f6] [DEBUG][com.freerdp.channels.rdpgfx.client] - [rdpgfx_read_h264_metablock]: quantQualityVals[1]: qp: 0 r: 0 p: 0 qualityVal: 100
[17:59:50:436] [95171:000173f6] [DEBUG][com.freerdp.channels.rdpgfx.client] - [rdpgfx_read_h264_metablock]: quantQualityVals[2]: qp: 0 r: 0 p: 0 qualityVal: 100
[17:59:50:436] [95171:000173f6] [DEBUG][com.freerdp.channels.rdpgfx.client] - [rdpgfx_read_h264_metablock]: quantQualityVals[3]: qp: 0 r: 0 p: 0 qualityVal: 100
[17:59:50:469] [95171:000173f6] [DEBUG][com.freerdp.channels.rdpgfx.client] - [rdpgfx_read_h264_metablock]: H264_METABLOCK: numRegionRects: 4
[17:59:50:469] [95171:000173f6] [DEBUG][com.freerdp.channels.rdpgfx.client] - [rdpgfx_read_h264_metablock]: regionRects[0]: left: 0 top: 768 right: 64 bottom: 800
[17:59:50:469] [95171:000173f6] [DEBUG][com.freerdp.channels.rdpgfx.client] - [rdpgfx_read_h264_metablock]: regionRects[1]: left: 64 top: 768 right: 128 bottom: 800
[17:59:50:469] [95171:000173f6] [DEBUG][com.freerdp.channels.rdpgfx.client] - [rdpgfx_read_h264_metablock]: regionRects[2]: left: 128 top: 768 right: 192 bottom: 800
[17:59:50:469] [95171:000173f6] [DEBUG][com.freerdp.channels.rdpgfx.client] - [rdpgfx_read_h264_metablock]: regionRects[3]: left: 192 top: 768 right: 256 bottom: 800
[17:59:50:469] [95171:000173f6] [DEBUG][com.freerdp.channels.rdpgfx.client] - [rdpgfx_read_h264_metablock]: quantQualityVals[0]: qp: 0 r: 0 p: 0 qualityVal: 100
[17:59:50:469] [95171:000173f6] [DEBUG][com.freerdp.channels.rdpgfx.client] - [rdpgfx_read_h264_metablock]: quantQualityVals[1]: qp: 0 r: 0 p: 0 qualityVal: 100
[17:59:50:469] [95171:000173f6] [DEBUG][com.freerdp.channels.rdpgfx.client] - [rdpgfx_read_h264_metablock]: quantQualityVals[2]: qp: 0 r: 0 p: 0 qualityVal: 100
[17:59:50:469] [95171:000173f6] [DEBUG][com.freerdp.channels.rdpgfx.client] - [rdpgfx_read_h264_metablock]: quantQualityVals[3]: qp: 0 r: 0 p: 0 qualityVal: 100
[17:59:50:502] [95171:000173f6] [DEBUG][com.freerdp.channels.rdpgfx.client] - [rdpgfx_read_h264_metablock]: H264_METABLOCK: numRegionRects: 4
[17:59:50:502] [95171:000173f6] [DEBUG][com.freerdp.channels.rdpgfx.client] - [rdpgfx_read_h264_metablock]: regionRects[0]: left: 0 top: 768 right: 64 bottom: 800
[17:59:50:502] [95171:000173f6] [DEBUG][com.freerdp.channels.rdpgfx.client] - [rdpgfx_read_h264_metablock]: regionRects[1]: left: 64 top: 768 right: 128 bottom: 800
[17:59:50:502] [95171:000173f6] [DEBUG][com.freerdp.channels.rdpgfx.client] - [rdpgfx_read_h264_metablock]: regionRects[2]: left: 128 top: 768 right: 192 bottom: 800
[17:59:50:502] [95171:000173f6] [DEBUG][com.freerdp.channels.rdpgfx.client] - [rdpgfx_read_h264_metablock]: regionRects[3]: left: 192 top: 768 right: 256 bottom: 800
[17:59:50:502] [95171:000173f6] [DEBUG][com.freerdp.channels.rdpgfx.client] - [rdpgfx_read_h264_metablock]: quantQualityVals[0]: qp: 0 r: 0 p: 0 qualityVal: 100
[17:59:50:502] [95171:000173f6] [DEBUG][com.freerdp.channels.rdpgfx.client] - [rdpgfx_read_h264_metablock]: quantQualityVals[1]: qp: 0 r: 0 p: 0 qualityVal: 100
[17:59:50:502] [95171:000173f6] [DEBUG][com.freerdp.channels.rdpgfx.client] - [rdpgfx_read_h264_metablock]: quantQualityVals[2]: qp: 0 r: 0 p: 0 qualityVal: 100
[17:59:50:502] [95171:000173f6] [DEBUG][com.freerdp.channels.rdpgfx.client] - [rdpgfx_read_h264_metablock]: quantQualityVals[3]: qp: 0 r: 0 p: 0 qualityVal: 100
[17:59:50:568] [95171:000173f6] [DEBUG][com.freerdp.channels.rdpgfx.client] - [rdpgfx_read_h264_metablock]: H264_METABLOCK: numRegionRects: 4
[17:59:50:568] [95171:000173f6] [DEBUG][com.freerdp.channels.rdpgfx.client] - [rdpgfx_read_h264_metablock]: regionRects[0]: left: 0 top: 768 right: 64 bottom: 800
[17:59:50:568] [95171:000173f6] [DEBUG][com.freerdp.channels.rdpgfx.client] - [rdpgfx_read_h264_metablock]: regionRects[1]: left: 64 top: 768 right: 128 bottom: 800
[17:59:50:568] [95171:000173f6] [DEBUG][com.freerdp.channels.rdpgfx.client] - [rdpgfx_read_h264_metablock]: regionRects[2]: left: 128 top: 768 right: 192 bottom: 800
[17:59:50:568] [95171:000173f6] [DEBUG][com.freerdp.channels.rdpgfx.client] - [rdpgfx_read_h264_metablock]: regionRects[3]: left: 192 top: 768 right: 256 bottom: 800
[17:59:50:568] [95171:000173f6] [DEBUG][com.freerdp.channels.rdpgfx.client] - [rdpgfx_read_h264_metablock]: quantQualityVals[0]: qp: 0 r: 0 p: 0 qualityVal: 100
[17:59:50:568] [95171:000173f6] [DEBUG][com.freerdp.channels.rdpgfx.client] - [rdpgfx_read_h264_metablock]: quantQualityVals[1]: qp: 0 r: 0 p: 0 qualityVal: 100
[17:59:50:568] [95171:000173f6] [DEBUG][com.freerdp.channels.rdpgfx.client] - [rdpgfx_read_h264_metablock]: quantQualityVals[2]: qp: 0 r: 0 p: 0 qualityVal: 100
[17:59:50:568] [95171:000173f6] [DEBUG][com.freerdp.channels.rdpgfx.client] - [rdpgfx_read_h264_metablock]: quantQualityVals[3]: qp: 0 r: 0 p: 0 qualityVal: 100
[17:59:50:601] [95171:000173f6] [DEBUG][com.freerdp.channels.rdpgfx.client] - [rdpgfx_read_h264_metablock]: H264_METABLOCK: numRegionRects: 4
[17:59:50:601] [95171:000173f6] [DEBUG][com.freerdp.channels.rdpgfx.client] - [rdpgfx_read_h264_metablock]: regionRects[0]: left: 0 top: 768 right: 64 bottom: 800
[17:59:50:601] [95171:000173f6] [DEBUG][com.freerdp.channels.rdpgfx.client] - [rdpgfx_read_h264_metablock]: regionRects[1]: left: 64 top: 768 right: 128 bottom: 800
[17:59:50:601] [95171:000173f6] [DEBUG][com.freerdp.channels.rdpgfx.client] - [rdpgfx_read_h264_metablock]: regionRects[2]: left: 128 top: 768 right: 192 bottom: 800
[17:59:50:601] [95171:000173f6] [DEBUG][com.freerdp.channels.rdpgfx.client] - [rdpgfx_read_h264_metablock]: regionRects[3]: left: 192 top: 768 right: 256 bottom: 800
[17:59:50:601] [95171:000173f6] [DEBUG][com.freerdp.channels.rdpgfx.client] - [rdpgfx_read_h264_metablock]: quantQualityVals[0]: qp: 0 r: 0 p: 0 qualityVal: 100
[17:59:50:601] [95171:000173f6] [DEBUG][com.freerdp.channels.rdpgfx.client] - [rdpgfx_read_h264_metablock]: quantQualityVals[1]: qp: 0 r: 0 p: 0 qualityVal: 100
[17:59:50:601] [95171:000173f6] [DEBUG][com.freerdp.channels.rdpgfx.client] - [rdpgfx_read_h264_metablock]: quantQualityVals[2]: qp: 0 r: 0 p: 0 qualityVal: 100
[17:59:50:601] [95171:000173f6] [DEBUG][com.freerdp.channels.rdpgfx.client] - [rdpgfx_read_h264_metablock]: quantQualityVals[3]: qp: 0 r: 0 p: 0 qualityVal: 100
[17:59:50:637] [95171:000173f6] [DEBUG][com.freerdp.channels.rdpgfx.client] - [rdpgfx_read_h264_metablock]: H264_METABLOCK: numRegionRects: 4
[17:59:50:637] [95171:000173f6] [DEBUG][com.freerdp.channels.rdpgfx.client] - [rdpgfx_read_h264_metablock]: regionRects[0]: left: 0 top: 768 right: 64 bottom: 800
[17:59:50:637] [95171:000173f6] [DEBUG][com.freerdp.channels.rdpgfx.client] - [rdpgfx_read_h264_metablock]: regionRects[1]: left: 64 top: 768 right: 128 bottom: 800
[17:59:50:637] [95171:000173f6] [DEBUG][com.freerdp.channels.rdpgfx.client] - [rdpgfx_read_h264_metablock]: regionRects[2]: left: 128 top: 768 right: 192 bottom: 800
[17:59:50:637] [95171:000173f6] [DEBUG][com.freerdp.channels.rdpgfx.client] - [rdpgfx_read_h264_metablock]: regionRects[3]: left: 192 top: 768 right: 256 bottom: 800
[17:59:50:637] [95171:000173f6] [DEBUG][com.freerdp.channels.rdpgfx.client] - [rdpgfx_read_h264_metablock]: quantQualityVals[0]: qp: 0 r: 0 p: 0 qualityVal: 100
[17:59:50:637] [95171:000173f6] [DEBUG][com.freerdp.channels.rdpgfx.client] - [rdpgfx_read_h264_metablock]: quantQualityVals[1]: qp: 0 r: 0 p: 0 qualityVal: 100
[17:59:50:637] [95171:000173f6] [DEBUG][com.freerdp.channels.rdpgfx.client] - [rdpgfx_read_h264_metablock]: quantQualityVals[2]: qp: 0 r: 0 p: 0 qualityVal: 100
[17:59:50:637] [95171:000173f6] [DEBUG][com.freerdp.channels.rdpgfx.client] - [rdpgfx_read_h264_metablock]: quantQualityVals[3]: qp: 0 r: 0 p: 0 qualityVal: 100
[17:59:50:700] [95171:000173f6] [DEBUG][com.freerdp.channels.rdpgfx.client] - [rdpgfx_read_h264_metablock]: H264_METABLOCK: numRegionRects: 4
[17:59:50:700] [95171:000173f6] [DEBUG][com.freerdp.channels.rdpgfx.client] - [rdpgfx_read_h264_metablock]: regionRects[0]: left: 0 top: 320 right: 64 bottom: 384
[17:59:50:700] [95171:000173f6] [DEBUG][com.freerdp.channels.rdpgfx.client] - [rdpgfx_read_h264_metablock]: regionRects[1]: left: 0 top: 384 right: 64 bottom: 448
[17:59:50:700] [95171:000173f6] [DEBUG][com.freerdp.channels.rdpgfx.client] - [rdpgfx_read_h264_metablock]: regionRects[2]: left: 0 top: 704 right: 64 bottom: 768
[17:59:50:700] [95171:000173f6] [DEBUG][com.freerdp.channels.rdpgfx.client] - [rdpgfx_read_h264_metablock]: regionRects[3]: left: 0 top: 768 right: 64 bottom: 800
[17:59:50:700] [95171:000173f6] [DEBUG][com.freerdp.channels.rdpgfx.client] - [rdpgfx_read_h264_metablock]: quantQualityVals[0]: qp: 0 r: 0 p: 0 qualityVal: 100
[17:59:50:700] [95171:000173f6] [DEBUG][com.freerdp.channels.rdpgfx.client] - [rdpgfx_read_h264_metablock]: quantQualityVals[1]: qp: 0 r: 0 p: 0 qualityVal: 100
[17:59:50:700] [95171:000173f6] [DEBUG][com.freerdp.channels.rdpgfx.client] - [rdpgfx_read_h264_metablock]: quantQualityVals[2]: qp: 0 r: 0 p: 0 qualityVal: 100
[17:59:50:700] [95171:000173f6] [DEBUG][com.freerdp.channels.rdpgfx.client] - [rdpgfx_read_h264_metablock]: quantQualityVals[3]: qp: 0 r: 0 p: 0 qualityVal: 100
[17:59:50:831] [95171:000173f6] [DEBUG][com.freerdp.channels.rdpgfx.client] - [rdpgfx_read_h264_metablock]: H264_METABLOCK: numRegionRects: 10
[17:59:50:831] [95171:000173f6] [DEBUG][com.freerdp.channels.rdpgfx.client] - [rdpgfx_read_h264_metablock]: regionRects[0]: left: 0 top: 320 right: 64 bottom: 384
[17:59:50:831] [95171:000173f6] [DEBUG][com.freerdp.channels.rdpgfx.client] - [rdpgfx_read_h264_metablock]: regionRects[1]: left: 192 top: 320 right: 256 bottom: 384
[17:59:50:831] [95171:000173f6] [DEBUG][com.freerdp.channels.rdpgfx.client] - [rdpgfx_read_h264_metablock]: regionRects[2]: left: 0 top: 384 right: 64 bottom: 448
[17:59:50:831] [95171:000173f6] [DEBUG][com.freerdp.channels.rdpgfx.client] - [rdpgfx_read_h264_metablock]: regionRects[3]: left: 192 top: 384 right: 256 bottom: 448
[17:59:50:831] [95171:000173f6] [DEBUG][com.freerdp.channels.rdpgfx.client] - [rdpgfx_read_h264_metablock]: regionRects[4]: left: 0 top: 704 right: 64 bottom: 768
[17:59:50:831] [95171:000173f6] [DEBUG][com.freerdp.channels.rdpgfx.client] - [rdpgfx_read_h264_metablock]: regionRects[5]: left: 192 top: 704 right: 256 bottom: 768
[17:59:50:831] [95171:000173f6] [DEBUG][com.freerdp.channels.rdpgfx.client] - [rdpgfx_read_h264_metablock]: regionRects[6]: left: 0 top: 768 right: 64 bottom: 800
[17:59:50:831] [95171:000173f6] [DEBUG][com.freerdp.channels.rdpgfx.client] - [rdpgfx_read_h264_metablock]: regionRects[7]: left: 64 top: 768 right: 128 bottom: 800
[17:59:50:831] [95171:000173f6] [DEBUG][com.freerdp.channels.rdpgfx.client] - [rdpgfx_read_h264_metablock]: regionRects[8]: left: 128 top: 768 right: 192 bottom: 800
[17:59:50:831] [95171:000173f6] [DEBUG][com.freerdp.channels.rdpgfx.client] - [rdpgfx_read_h264_metablock]: regionRects[9]: left: 192 top: 768 right: 256 bottom: 800
[17:59:50:831] [95171:000173f6] [DEBUG][com.freerdp.channels.rdpgfx.client] - [rdpgfx_read_h264_metablock]: quantQualityVals[0]: qp: 0 r: 0 p: 0 qualityVal: 100
[17:59:50:831] [95171:000173f6] [DEBUG][com.freerdp.channels.rdpgfx.client] - [rdpgfx_read_h264_metablock]: quantQualityVals[1]: qp: 0 r: 0 p: 0 qualityVal: 100
[17:59:50:831] [95171:000173f6] [DEBUG][com.freerdp.channels.rdpgfx.client] - [rdpgfx_read_h264_metablock]: quantQualityVals[2]: qp: 0 r: 0 p: 0 qualityVal: 100
[17:59:50:831] [95171:000173f6] [DEBUG][com.freerdp.channels.rdpgfx.client] - [rdpgfx_read_h264_metablock]: quantQualityVals[3]: qp: 0 r: 0 p: 0 qualityVal: 100
[17:59:50:831] [95171:000173f6] [DEBUG][com.freerdp.channels.rdpgfx.client] - [rdpgfx_read_h264_metablock]: quantQualityVals[4]: qp: 0 r: 0 p: 0 qualityVal: 100
[17:59:50:831] [95171:000173f6] [DEBUG][com.freerdp.channels.rdpgfx.client] - [rdpgfx_read_h264_metablock]: quantQualityVals[5]: qp: 0 r: 0 p: 0 qualityVal: 100
[17:59:50:831] [95171:000173f6] [DEBUG][com.freerdp.channels.rdpgfx.client] - [rdpgfx_read_h264_metablock]: quantQualityVals[6]: qp: 0 r: 0 p: 0 qualityVal: 100
[17:59:50:831] [95171:000173f6] [DEBUG][com.freerdp.channels.rdpgfx.client] - [rdpgfx_read_h264_metablock]: quantQualityVals[7]: qp: 0 r: 0 p: 0 qualityVal: 100
[17:59:50:831] [95171:000173f6] [DEBUG][com.freerdp.channels.rdpgfx.client] - [rdpgfx_read_h264_metablock]: quantQualityVals[8]: qp: 0 r: 0 p: 0 qualityVal: 100
[17:59:50:831] [95171:000173f6] [DEBUG][com.freerdp.channels.rdpgfx.client] - [rdpgfx_read_h264_metablock]: quantQualityVals[9]: qp: 0 r: 0 p: 0 qualityVal: 100
[17:59:50:865] [95171:000173f6] [DEBUG][com.freerdp.channels.rdpgfx.client] - [rdpgfx_read_h264_metablock]: H264_METABLOCK: numRegionRects: 10
[17:59:50:865] [95171:000173f6] [DEBUG][com.freerdp.channels.rdpgfx.client] - [rdpgfx_read_h264_metablock]: regionRects[0]: left: 0 top: 320 right: 64 bottom: 384
[17:59:50:865] [95171:000173f6] [DEBUG][com.freerdp.channels.rdpgfx.client] - [rdpgfx_read_h264_metablock]: regionRects[1]: left: 192 top: 320 right: 256 bottom: 384
[17:59:50:865] [95171:000173f6] [DEBUG][com.freerdp.channels.rdpgfx.client] - [rdpgfx_read_h264_metablock]: regionRects[2]: left: 0 top: 384 right: 64 bottom: 448
[17:59:50:865] [95171:000173f6] [DEBUG][com.freerdp.channels.rdpgfx.client] - [rdpgfx_read_h264_metablock]: regionRects[3]: left: 192 top: 384 right: 256 bottom: 448
[17:59:50:865] [95171:000173f6] [DEBUG][com.freerdp.channels.rdpgfx.client] - [rdpgfx_read_h264_metablock]: regionRects[4]: left: 0 top: 704 right: 64 bottom: 768
[17:59:50:865] [95171:000173f6] [DEBUG][com.freerdp.channels.rdpgfx.client] - [rdpgfx_read_h264_metablock]: regionRects[5]: left: 192 top: 704 right: 256 bottom: 768
[17:59:50:865] [95171:000173f6] [DEBUG][com.freerdp.channels.rdpgfx.client] - [rdpgfx_read_h264_metablock]: regionRects[6]: left: 0 top: 768 right: 64 bottom: 800
[17:59:50:865] [95171:000173f6] [DEBUG][com.freerdp.channels.rdpgfx.client] - [rdpgfx_read_h264_metablock]: regionRects[7]: left: 64 top: 768 right: 128 bottom: 800
[17:59:50:865] [95171:000173f6] [DEBUG][com.freerdp.channels.rdpgfx.client] - [rdpgfx_read_h264_metablock]: regionRects[8]: left: 128 top: 768 right: 192 bottom: 800
[17:59:50:865] [95171:000173f6] [DEBUG][com.freerdp.channels.rdpgfx.client] - [rdpgfx_read_h264_metablock]: regionRects[9]: left: 192 top: 768 right: 256 bottom: 800
[17:59:50:865] [95171:000173f6] [DEBUG][com.freerdp.channels.rdpgfx.client] - [rdpgfx_read_h264_metablock]: quantQualityVals[0]: qp: 0 r: 0 p: 0 qualityVal: 100
[17:59:50:865] [95171:000173f6] [DEBUG][com.freerdp.channels.rdpgfx.client] - [rdpgfx_read_h264_metablock]: quantQualityVals[1]: qp: 0 r: 0 p: 0 qualityVal: 100
[17:59:50:865] [95171:000173f6] [DEBUG][com.freerdp.channels.rdpgfx.client] - [rdpgfx_read_h264_metablock]: quantQualityVals[2]: qp: 0 r: 0 p: 0 qualityVal: 100
[17:59:50:865] [95171:000173f6] [DEBUG][com.freerdp.channels.rdpgfx.client] - [rdpgfx_read_h264_metablock]: quantQualityVals[3]: qp: 0 r: 0 p: 0 qualityVal: 100
[17:59:50:865] [95171:000173f6] [DEBUG][com.freerdp.channels.rdpgfx.client] - [rdpgfx_read_h264_metablock]: quantQualityVals[4]: qp: 0 r: 0 p: 0 qualityVal: 100
[17:59:50:865] [95171:000173f6] [DEBUG][com.freerdp.channels.rdpgfx.client] - [rdpgfx_read_h264_metablock]: quantQualityVals[5]: qp: 0 r: 0 p: 0 qualityVal: 100
[17:59:50:865] [95171:000173f6] [DEBUG][com.freerdp.channels.rdpgfx.client] - [rdpgfx_read_h264_metablock]: quantQualityVals[6]: qp: 0 r: 0 p: 0 qualityVal: 100
[17:59:50:865] [95171:000173f6] [DEBUG][com.freerdp.channels.rdpgfx.client] - [rdpgfx_read_h264_metablock]: quantQualityVals[7]: qp: 0 r: 0 p: 0 qualityVal: 100
[17:59:50:865] [95171:000173f6] [DEBUG][com.freerdp.channels.rdpgfx.client] - [rdpgfx_read_h264_metablock]: quantQualityVals[8]: qp: 0 r: 0 p: 0 qualityVal: 100
[17:59:50:865] [95171:000173f6] [DEBUG][com.freerdp.channels.rdpgfx.client] - [rdpgfx_read_h264_metablock]: quantQualityVals[9]: qp: 0 r: 0 p: 0 qualityVal: 100
[17:59:51:031] [95171:000173f6] [DEBUG][com.freerdp.channels.rdpgfx.client] - [rdpgfx_read_h264_metablock]: H264_METABLOCK: numRegionRects: 10
[17:59:51:031] [95171:000173f6] [DEBUG][com.freerdp.channels.rdpgfx.client] - [rdpgfx_read_h264_metablock]: regionRects[0]: left: 0 top: 320 right: 64 bottom: 384
[17:59:51:031] [95171:000173f6] [DEBUG][com.freerdp.channels.rdpgfx.client] - [rdpgfx_read_h264_metablock]: regionRects[1]: left: 192 top: 320 right: 256 bottom: 384
[17:59:51:031] [95171:000173f6] [DEBUG][com.freerdp.channels.rdpgfx.client] - [rdpgfx_read_h264_metablock]: regionRects[2]: left: 0 top: 384 right: 64 bottom: 448
[17:59:51:031] [95171:000173f6] [DEBUG][com.freerdp.channels.rdpgfx.client] - [rdpgfx_read_h264_metablock]: regionRects[3]: left: 192 top: 384 right: 256 bottom: 448
[17:59:51:031] [95171:000173f6] [DEBUG][com.freerdp.channels.rdpgfx.client] - [rdpgfx_read_h264_metablock]: regionRects[4]: left: 0 top: 704 right: 64 bottom: 768
[17:59:51:031] [95171:000173f6] [DEBUG][com.freerdp.channels.rdpgfx.client] - [rdpgfx_read_h264_metablock]: regionRects[5]: left: 192 top: 704 right: 256 bottom: 768
[17:59:51:031] [95171:000173f6] [DEBUG][com.freerdp.channels.rdpgfx.client] - [rdpgfx_read_h264_metablock]: regionRects[6]: left: 0 top: 768 right: 64 bottom: 800
[17:59:51:031] [95171:000173f6] [DEBUG][com.freerdp.channels.rdpgfx.client] - [rdpgfx_read_h264_metablock]: regionRects[7]: left: 64 top: 768 right: 128 bottom: 800
[17:59:51:031] [95171:000173f6] [DEBUG][com.freerdp.channels.rdpgfx.client] - [rdpgfx_read_h264_metablock]: regionRects[8]: left: 128 top: 768 right: 192 bottom: 800
[17:59:51:031] [95171:000173f6] [DEBUG][com.freerdp.channels.rdpgfx.client] - [rdpgfx_read_h264_metablock]: regionRects[9]: left: 192 top: 768 right: 256 bottom: 800
[17:59:51:031] [95171:000173f6] [DEBUG][com.freerdp.channels.rdpgfx.client] - [rdpgfx_read_h264_metablock]: quantQualityVals[0]: qp: 0 r: 0 p: 0 qualityVal: 100
[17:59:51:031] [95171:000173f6] [DEBUG][com.freerdp.channels.rdpgfx.client] - [rdpgfx_read_h264_metablock]: quantQualityVals[1]: qp: 0 r: 0 p: 0 qualityVal: 100
[17:59:51:031] [95171:000173f6] [DEBUG][com.freerdp.channels.rdpgfx.client] - [rdpgfx_read_h264_metablock]: quantQualityVals[2]: qp: 0 r: 0 p: 0 qualityVal: 100
[17:59:51:031] [95171:000173f6] [DEBUG][com.freerdp.channels.rdpgfx.client] - [rdpgfx_read_h264_metablock]: quantQualityVals[3]: qp: 0 r: 0 p: 0 qualityVal: 100
[17:59:51:031] [95171:000173f6] [DEBUG][com.freerdp.channels.rdpgfx.client] - [rdpgfx_read_h264_metablock]: quantQualityVals[4]: qp: 0 r: 0 p: 0 qualityVal: 100
[17:59:51:031] [95171:000173f6] [DEBUG][com.freerdp.channels.rdpgfx.client] - [rdpgfx_read_h264_metablock]: quantQualityVals[5]: qp: 0 r: 0 p: 0 qualityVal: 100
[17:59:51:031] [95171:000173f6] [DEBUG][com.freerdp.channels.rdpgfx.client] - [rdpgfx_read_h264_metablock]: quantQualityVals[6]: qp: 0 r: 0 p: 0 qualityVal: 100
[17:59:51:031] [95171:000173f6] [DEBUG][com.freerdp.channels.rdpgfx.client] - [rdpgfx_read_h264_metablock]: quantQualityVals[7]: qp: 0 r: 0 p: 0 qualityVal: 100
[17:59:51:031] [95171:000173f6] [DEBUG][com.freerdp.channels.rdpgfx.client] - [rdpgfx_read_h264_metablock]: quantQualityVals[8]: qp: 0 r: 0 p: 0 qualityVal: 100
[17:59:51:031] [95171:000173f6] [DEBUG][com.freerdp.channels.rdpgfx.client] - [rdpgfx_read_h264_metablock]: quantQualityVals[9]: qp: 0 r: 0 p: 0 qualityVal: 100
[17:59:51:064] [95171:000173f6] [DEBUG][com.freerdp.channels.rdpgfx.client] - [rdpgfx_read_h264_metablock]: H264_METABLOCK: numRegionRects: 10
[17:59:51:064] [95171:000173f6] [DEBUG][com.freerdp.channels.rdpgfx.client] - [rdpgfx_read_h264_metablock]: regionRects[0]: left: 0 top: 320 right: 64 bottom: 384
[17:59:51:064] [95171:000173f6] [DEBUG][com.freerdp.channels.rdpgfx.client] - [rdpgfx_read_h264_metablock]: regionRects[1]: left: 192 top: 320 right: 256 bottom: 384
[17:59:51:064] [95171:000173f6] [DEBUG][com.freerdp.channels.rdpgfx.client] - [rdpgfx_read_h264_metablock]: regionRects[2]: left: 0 top: 384 right: 64 bottom: 448
[17:59:51:064] [95171:000173f6] [DEBUG][com.freerdp.channels.rdpgfx.client] - [rdpgfx_read_h264_metablock]: regionRects[3]: left: 192 top: 384 right: 256 bottom: 448
[17:59:51:064] [95171:000173f6] [DEBUG][com.freerdp.channels.rdpgfx.client] - [rdpgfx_read_h264_metablock]: regionRects[4]: left: 0 top: 704 right: 64 bottom: 768
[17:59:51:064] [95171:000173f6] [DEBUG][com.freerdp.channels.rdpgfx.client] - [rdpgfx_read_h264_metablock]: regionRects[5]: left: 192 top: 704 right: 256 bottom: 768
[17:59:51:064] [95171:000173f6] [DEBUG][com.freerdp.channels.rdpgfx.client] - [rdpgfx_read_h264_metablock]: regionRects[6]: left: 0 top: 768 right: 64 bottom: 800
[17:59:51:064] [95171:000173f6] [DEBUG][com.freerdp.channels.rdpgfx.client] - [rdpgfx_read_h264_metablock]: regionRects[7]: left: 64 top: 768 right: 128 bottom: 800
[17:59:51:064] [95171:000173f6] [DEBUG][com.freerdp.channels.rdpgfx.client] - [rdpgfx_read_h264_metablock]: regionRects[8]: left: 128 top: 768 right: 192 bottom: 800
[17:59:51:064] [95171:000173f6] [DEBUG][com.freerdp.channels.rdpgfx.client] - [rdpgfx_read_h264_metablock]: regionRects[9]: left: 192 top: 768 right: 256 bottom: 800
[17:59:51:064] [95171:000173f6] [DEBUG][com.freerdp.channels.rdpgfx.client] - [rdpgfx_read_h264_metablock]: quantQualityVals[0]: qp: 0 r: 0 p: 0 qualityVal: 100
[17:59:51:064] [95171:000173f6] [DEBUG][com.freerdp.channels.rdpgfx.client] - [rdpgfx_read_h264_metablock]: quantQualityVals[1]: qp: 0 r: 0 p: 0 qualityVal: 100
[17:59:51:064] [95171:000173f6] [DEBUG][com.freerdp.channels.rdpgfx.client] - [rdpgfx_read_h264_metablock]: quantQualityVals[2]: qp: 0 r: 0 p: 0 qualityVal: 100
[17:59:51:064] [95171:000173f6] [DEBUG][com.freerdp.channels.rdpgfx.client] - [rdpgfx_read_h264_metablock]: quantQualityVals[3]: qp: 0 r: 0 p: 0 qualityVal: 100
[17:59:51:064] [95171:000173f6] [DEBUG][com.freerdp.channels.rdpgfx.client] - [rdpgfx_read_h264_metablock]: quantQualityVals[4]: qp: 0 r: 0 p: 0 qualityVal: 100
[17:59:51:064] [95171:000173f6] [DEBUG][com.freerdp.channels.rdpgfx.client] - [rdpgfx_read_h264_metablock]: quantQualityVals[5]: qp: 0 r: 0 p: 0 qualityVal: 100
[17:59:51:064] [95171:000173f6] [DEBUG][com.freerdp.channels.rdpgfx.client] - [rdpgfx_read_h264_metablock]: quantQualityVals[6]: qp: 0 r: 0 p: 0 qualityVal: 100
[17:59:51:064] [95171:000173f6] [DEBUG][com.freerdp.channels.rdpgfx.client] - [rdpgfx_read_h264_metablock]: quantQualityVals[7]: qp: 0 r: 0 p: 0 qualityVal: 100
[17:59:51:064] [95171:000173f6] [DEBUG][com.freerdp.channels.rdpgfx.client] - [rdpgfx_read_h264_metablock]: quantQualityVals[8]: qp: 0 r: 0 p: 0 qualityVal: 100
[17:59:51:064] [95171:000173f6] [DEBUG][com.freerdp.channels.rdpgfx.client] - [rdpgfx_read_h264_metablock]: quantQualityVals[9]: qp: 0 r: 0 p: 0 qualityVal: 100
[17:59:51:097] [95171:000173f6] [DEBUG][com.freerdp.channels.rdpgfx.client] - [rdpgfx_read_h264_metablock]: H264_METABLOCK: numRegionRects: 10
[17:59:51:097] [95171:000173f6] [DEBUG][com.freerdp.channels.rdpgfx.client] - [rdpgfx_read_h264_metablock]: regionRects[0]: left: 0 top: 320 right: 64 bottom: 384
[17:59:51:097] [95171:000173f6] [DEBUG][com.freerdp.channels.rdpgfx.client] - [rdpgfx_read_h264_metablock]: regionRects[1]: left: 192 top: 320 right: 256 bottom: 384
[17:59:51:097] [95171:000173f6] [DEBUG][com.freerdp.channels.rdpgfx.client] - [rdpgfx_read_h264_metablock]: regionRects[2]: left: 0 top: 384 right: 64 bottom: 448
[17:59:51:097] [95171:000173f6] [DEBUG][com.freerdp.channels.rdpgfx.client] - [rdpgfx_read_h264_metablock]: regionRects[3]: left: 192 top: 384 right: 256 bottom: 448
[17:59:51:097] [95171:000173f6] [DEBUG][com.freerdp.channels.rdpgfx.client] - [rdpgfx_read_h264_metablock]: regionRects[4]: left: 0 top: 704 right: 64 bottom: 768
[17:59:51:097] [95171:000173f6] [DEBUG][com.freerdp.channels.rdpgfx.client] - [rdpgfx_read_h264_metablock]: regionRects[5]: left: 192 top: 704 right: 256 bottom: 768
[17:59:51:097] [95171:000173f6] [DEBUG][com.freerdp.channels.rdpgfx.client] - [rdpgfx_read_h264_metablock]: regionRects[6]: left: 0 top: 768 right: 64 bottom: 800
[17:59:51:097] [95171:000173f6] [DEBUG][com.freerdp.channels.rdpgfx.client] - [rdpgfx_read_h264_metablock]: regionRects[7]: left: 64 top: 768 right: 128 bottom: 800
[17:59:51:097] [95171:000173f6] [DEBUG][com.freerdp.channels.rdpgfx.client] - [rdpgfx_read_h264_metablock]: regionRects[8]: left: 128 top: 768 right: 192 bottom: 800
[17:59:51:097] [95171:000173f6] [DEBUG][com.freerdp.channels.rdpgfx.client] - [rdpgfx_read_h264_metablock]: regionRects[9]: left: 192 top: 768 right: 256 bottom: 800
[17:59:51:097] [95171:000173f6] [DEBUG][com.freerdp.channels.rdpgfx.client] - [rdpgfx_read_h264_metablock]: quantQualityVals[0]: qp: 0 r: 0 p: 0 qualityVal: 100
[17:59:51:097] [95171:000173f6] [DEBUG][com.freerdp.channels.rdpgfx.client] - [rdpgfx_read_h264_metablock]: quantQualityVals[1]: qp: 0 r: 0 p: 0 qualityVal: 100
[17:59:51:097] [95171:000173f6] [DEBUG][com.freerdp.channels.rdpgfx.client] - [rdpgfx_read_h264_metablock]: quantQualityVals[2]: qp: 0 r: 0 p: 0 qualityVal: 100
[17:59:51:097] [95171:000173f6] [DEBUG][com.freerdp.channels.rdpgfx.client] - [rdpgfx_read_h264_metablock]: quantQualityVals[3]: qp: 0 r: 0 p: 0 qualityVal: 100
[17:59:51:097] [95171:000173f6] [DEBUG][com.freerdp.channels.rdpgfx.client] - [rdpgfx_read_h264_metablock]: quantQualityVals[4]: qp: 0 r: 0 p: 0 qualityVal: 100
[17:59:51:097] [95171:000173f6] [DEBUG][com.freerdp.channels.rdpgfx.client] - [rdpgfx_read_h264_metablock]: quantQualityVals[5]: qp: 0 r: 0 p: 0 qualityVal: 100
[17:59:51:097] [95171:000173f6] [DEBUG][com.freerdp.channels.rdpgfx.client] - [rdpgfx_read_h264_metablock]: quantQualityVals[6]: qp: 0 r: 0 p: 0 qualityVal: 100
[17:59:51:097] [95171:000173f6] [DEBUG][com.freerdp.channels.rdpgfx.client] - [rdpgfx_read_h264_metablock]: quantQualityVals[7]: qp: 0 r: 0 p: 0 qualityVal: 100
[17:59:51:097] [95171:000173f6] [DEBUG][com.freerdp.channels.rdpgfx.client] - [rdpgfx_read_h264_metablock]: quantQualityVals[8]: qp: 0 r: 0 p: 0 qualityVal: 100
[17:59:51:097] [95171:000173f6] [DEBUG][com.freerdp.channels.rdpgfx.client] - [rdpgfx_read_h264_metablock]: quantQualityVals[9]: qp: 0 r: 0 p: 0 qualityVal: 100
[17:59:51:163] [95171:000173f6] [DEBUG][com.freerdp.channels.rdpgfx.client] - [rdpgfx_read_h264_metablock]: H264_METABLOCK: numRegionRects: 10
[17:59:51:163] [95171:000173f6] [DEBUG][com.freerdp.channels.rdpgfx.client] - [rdpgfx_read_h264_metablock]: regionRects[0]: left: 0 top: 320 right: 64 bottom: 384
[17:59:51:163] [95171:000173f6] [DEBUG][com.freerdp.channels.rdpgfx.client] - [rdpgfx_read_h264_metablock]: regionRects[1]: left: 192 top: 320 right: 256 bottom: 384
[17:59:51:163] [95171:000173f6] [DEBUG][com.freerdp.channels.rdpgfx.client] - [rdpgfx_read_h264_metablock]: regionRects[2]: left: 0 top: 384 right: 64 bottom: 448
[17:59:51:163] [95171:000173f6] [DEBUG][com.freerdp.channels.rdpgfx.client] - [rdpgfx_read_h264_metablock]: regionRects[3]: left: 192 top: 384 right: 256 bottom: 448
[17:59:51:163] [95171:000173f6] [DEBUG][com.freerdp.channels.rdpgfx.client] - [rdpgfx_read_h264_metablock]: regionRects[4]: left: 0 top: 704 right: 64 bottom: 768
[17:59:51:163] [95171:000173f6] [DEBUG][com.freerdp.channels.rdpgfx.client] - [rdpgfx_read_h264_metablock]: regionRects[5]: left: 192 top: 704 right: 256 bottom: 768
[17:59:51:163] [95171:000173f6] [DEBUG][com.freerdp.channels.rdpgfx.client] - [rdpgfx_read_h264_metablock]: regionRects[6]: left: 0 top: 768 right: 64 bottom: 800
[17:59:51:163] [95171:000173f6] [DEBUG][com.freerdp.channels.rdpgfx.client] - [rdpgfx_read_h264_metablock]: regionRects[7]: left: 64 top: 768 right: 128 bottom: 800
[17:59:51:163] [95171:000173f6] [DEBUG][com.freerdp.channels.rdpgfx.client] - [rdpgfx_read_h264_metablock]: regionRects[8]: left: 128 top: 768 right: 192 bottom: 800
[17:59:51:163] [95171:000173f6] [DEBUG][com.freerdp.channels.rdpgfx.client] - [rdpgfx_read_h264_metablock]: regionRects[9]: left: 192 top: 768 right: 256 bottom: 800
[17:59:51:163] [95171:000173f6] [DEBUG][com.freerdp.channels.rdpgfx.client] - [rdpgfx_read_h264_metablock]: quantQualityVals[0]: qp: 0 r: 0 p: 0 qualityVal: 100
[17:59:51:163] [95171:000173f6] [DEBUG][com.freerdp.channels.rdpgfx.client] - [rdpgfx_read_h264_metablock]: quantQualityVals[1]: qp: 0 r: 0 p: 0 qualityVal: 100
[17:59:51:163] [95171:000173f6] [DEBUG][com.freerdp.channels.rdpgfx.client] - [rdpgfx_read_h264_metablock]: quantQualityVals[2]: qp: 0 r: 0 p: 0 qualityVal: 100
[17:59:51:163] [95171:000173f6] [DEBUG][com.freerdp.channels.rdpgfx.client] - [rdpgfx_read_h264_metablock]: quantQualityVals[3]: qp: 0 r: 0 p: 0 qualityVal: 100
[17:59:51:163] [95171:000173f6] [DEBUG][com.freerdp.channels.rdpgfx.client] - [rdpgfx_read_h264_metablock]: quantQualityVals[4]: qp: 0 r: 0 p: 0 qualityVal: 100
[17:59:51:163] [95171:000173f6] [DEBUG][com.freerdp.channels.rdpgfx.client] - [rdpgfx_read_h264_metablock]: quantQualityVals[5]: qp: 0 r: 0 p: 0 qualityVal: 100
[17:59:51:163] [95171:000173f6] [DEBUG][com.freerdp.channels.rdpgfx.client] - [rdpgfx_read_h264_metablock]: quantQualityVals[6]: qp: 0 r: 0 p: 0 qualityVal: 100
[17:59:51:163] [95171:000173f6] [DEBUG][com.freerdp.channels.rdpgfx.client] - [rdpgfx_read_h264_metablock]: quantQualityVals[7]: qp: 0 r: 0 p: 0 qualityVal: 100
[17:59:51:163] [95171:000173f6] [DEBUG][com.freerdp.channels.rdpgfx.client] - [rdpgfx_read_h264_metablock]: quantQualityVals[8]: qp: 0 r: 0 p: 0 qualityVal: 100
[17:59:51:163] [95171:000173f6] [DEBUG][com.freerdp.channels.rdpgfx.client] - [rdpgfx_read_h264_metablock]: quantQualityVals[9]: qp: 0 r: 0 p: 0 qualityVal: 100
[17:59:51:196] [95171:000173f6] [DEBUG][com.freerdp.channels.rdpgfx.client] - [rdpgfx_read_h264_metablock]: H264_METABLOCK: numRegionRects: 10
[17:59:51:196] [95171:000173f6] [DEBUG][com.freerdp.channels.rdpgfx.client] - [rdpgfx_read_h264_metablock]: regionRects[0]: left: 0 top: 320 right: 64 bottom: 384
[17:59:51:196] [95171:000173f6] [DEBUG][com.freerdp.channels.rdpgfx.client] - [rdpgfx_read_h264_metablock]: regionRects[1]: left: 192 top: 320 right: 256 bottom: 384
[17:59:51:196] [95171:000173f6] [DEBUG][com.freerdp.channels.rdpgfx.client] - [rdpgfx_read_h264_metablock]: regionRects[2]: left: 0 top: 384 right: 64 bottom: 448
[17:59:51:196] [95171:000173f6] [DEBUG][com.freerdp.channels.rdpgfx.client] - [rdpgfx_read_h264_metablock]: regionRects[3]: left: 192 top: 384 right: 256 bottom: 448
[17:59:51:196] [95171:000173f6] [DEBUG][com.freerdp.channels.rdpgfx.client] - [rdpgfx_read_h264_metablock]: regionRects[4]: left: 0 top: 704 right: 64 bottom: 768
[17:59:51:196] [95171:000173f6] [DEBUG][com.freerdp.channels.rdpgfx.client] - [rdpgfx_read_h264_metablock]: regionRects[5]: left: 192 top: 704 right: 256 bottom: 768
[17:59:51:196] [95171:000173f6] [DEBUG][com.freerdp.channels.rdpgfx.client] - [rdpgfx_read_h264_metablock]: regionRects[6]: left: 0 top: 768 right: 64 bottom: 800
[17:59:51:196] [95171:000173f6] [DEBUG][com.freerdp.channels.rdpgfx.client] - [rdpgfx_read_h264_metablock]: regionRects[7]: left: 64 top: 768 right: 128 bottom: 800
[17:59:51:196] [95171:000173f6] [DEBUG][com.freerdp.channels.rdpgfx.client] - [rdpgfx_read_h264_metablock]: regionRects[8]: left: 128 top: 768 right: 192 bottom: 800
[17:59:51:196] [95171:000173f6] [DEBUG][com.freerdp.channels.rdpgfx.client] - [rdpgfx_read_h264_metablock]: regionRects[9]: left: 192 top: 768 right: 256 bottom: 800
[17:59:51:196] [95171:000173f6] [DEBUG][com.freerdp.channels.rdpgfx.client] - [rdpgfx_read_h264_metablock]: quantQualityVals[0]: qp: 0 r: 0 p: 0 qualityVal: 100
[17:59:51:196] [95171:000173f6] [DEBUG][com.freerdp.channels.rdpgfx.client] - [rdpgfx_read_h264_metablock]: quantQualityVals[1]: qp: 0 r: 0 p: 0 qualityVal: 100
[17:59:51:196] [95171:000173f6] [DEBUG][com.freerdp.channels.rdpgfx.client] - [rdpgfx_read_h264_metablock]: quantQualityVals[2]: qp: 0 r: 0 p: 0 qualityVal: 100
[17:59:51:196] [95171:000173f6] [DEBUG][com.freerdp.channels.rdpgfx.client] - [rdpgfx_read_h264_metablock]: quantQualityVals[3]: qp: 0 r: 0 p: 0 qualityVal: 100
[17:59:51:196] [95171:000173f6] [DEBUG][com.freerdp.channels.rdpgfx.client] - [rdpgfx_read_h264_metablock]: quantQualityVals[4]: qp: 0 r: 0 p: 0 qualityVal: 100
[17:59:51:196] [95171:000173f6] [DEBUG][com.freerdp.channels.rdpgfx.client] - [rdpgfx_read_h264_metablock]: quantQualityVals[5]: qp: 0 r: 0 p: 0 qualityVal: 100
[17:59:51:196] [95171:000173f6] [DEBUG][com.freerdp.channels.rdpgfx.client] - [rdpgfx_read_h264_metablock]: quantQualityVals[6]: qp: 0 r: 0 p: 0 qualityVal: 100
[17:59:51:196] [95171:000173f6] [DEBUG][com.freerdp.channels.rdpgfx.client] - [rdpgfx_read_h264_metablock]: quantQualityVals[7]: qp: 0 r: 0 p: 0 qualityVal: 100
[17:59:51:196] [95171:000173f6] [DEBUG][com.freerdp.channels.rdpgfx.client] - [rdpgfx_read_h264_metablock]: quantQualityVals[8]: qp: 0 r: 0 p: 0 qualityVal: 100
[17:59:51:196] [95171:000173f6] [DEBUG][com.freerdp.channels.rdpgfx.client] - [rdpgfx_read_h264_metablock]: quantQualityVals[9]: qp: 0 r: 0 p: 0 qualityVal: 100
[17:59:51:230] [95171:000173f6] [DEBUG][com.freerdp.channels.rdpgfx.client] - [rdpgfx_read_h264_metablock]: H264_METABLOCK: numRegionRects: 10
[17:59:51:230] [95171:000173f6] [DEBUG][com.freerdp.channels.rdpgfx.client] - [rdpgfx_read_h264_metablock]: regionRects[0]: left: 0 top: 320 right: 64 bottom: 384
[17:59:51:230] [95171:000173f6] [DEBUG][com.freerdp.channels.rdpgfx.client] - [rdpgfx_read_h264_metablock]: regionRects[1]: left: 192 top: 320 right: 256 bottom: 384
[17:59:51:230] [95171:000173f6] [DEBUG][com.freerdp.channels.rdpgfx.client] - [rdpgfx_read_h264_metablock]: regionRects[2]: left: 0 top: 384 right: 64 bottom: 448
[17:59:51:230] [95171:000173f6] [DEBUG][com.freerdp.channels.rdpgfx.client] - [rdpgfx_read_h264_metablock]: regionRects[3]: left: 192 top: 384 right: 256 bottom: 448
[17:59:51:230] [95171:000173f6] [DEBUG][com.freerdp.channels.rdpgfx.client] - [rdpgfx_read_h264_metablock]: regionRects[4]: left: 0 top: 704 right: 64 bottom: 768
[17:59:51:230] [95171:000173f6] [DEBUG][com.freerdp.channels.rdpgfx.client] - [rdpgfx_read_h264_metablock]: regionRects[5]: left: 192 top: 704 right: 256 bottom: 768
[17:59:51:230] [95171:000173f6] [DEBUG][com.freerdp.channels.rdpgfx.client] - [rdpgfx_read_h264_metablock]: regionRects[6]: left: 0 top: 768 right: 64 bottom: 800
[17:59:51:230] [95171:000173f6] [DEBUG][com.freerdp.channels.rdpgfx.client] - [rdpgfx_read_h264_metablock]: regionRects[7]: left: 64 top: 768 right: 128 bottom: 800
[17:59:51:230] [95171:000173f6] [DEBUG][com.freerdp.channels.rdpgfx.client] - [rdpgfx_read_h264_metablock]: regionRects[8]: left: 128 top: 768 right: 192 bottom: 800
[17:59:51:230] [95171:000173f6] [DEBUG][com.freerdp.channels.rdpgfx.client] - [rdpgfx_read_h264_metablock]: regionRects[9]: left: 192 top: 768 right: 256 bottom: 800
[17:59:51:230] [95171:000173f6] [DEBUG][com.freerdp.channels.rdpgfx.client] - [rdpgfx_read_h264_metablock]: quantQualityVals[0]: qp: 0 r: 0 p: 0 qualityVal: 100
[17:59:51:230] [95171:000173f6] [DEBUG][com.freerdp.channels.rdpgfx.client] - [rdpgfx_read_h264_metablock]: quantQualityVals[1]: qp: 0 r: 0 p: 0 qualityVal: 100
[17:59:51:230] [95171:000173f6] [DEBUG][com.freerdp.channels.rdpgfx.client] - [rdpgfx_read_h264_metablock]: quantQualityVals[2]: qp: 0 r: 0 p: 0 qualityVal: 100
[17:59:51:230] [95171:000173f6] [DEBUG][com.freerdp.channels.rdpgfx.client] - [rdpgfx_read_h264_metablock]: quantQualityVals[3]: qp: 0 r: 0 p: 0 qualityVal: 100
[17:59:51:230] [95171:000173f6] [DEBUG][com.freerdp.channels.rdpgfx.client] - [rdpgfx_read_h264_metablock]: quantQualityVals[4]: qp: 0 r: 0 p: 0 qualityVal: 100
[17:59:51:230] [95171:000173f6] [DEBUG][com.freerdp.channels.rdpgfx.client] - [rdpgfx_read_h264_metablock]: quantQualityVals[5]: qp: 0 r: 0 p: 0 qualityVal: 100
[17:59:51:230] [95171:000173f6] [DEBUG][com.freerdp.channels.rdpgfx.client] - [rdpgfx_read_h264_metablock]: quantQualityVals[6]: qp: 0 r: 0 p: 0 qualityVal: 100
[17:59:51:230] [95171:000173f6] [DEBUG][com.freerdp.channels.rdpgfx.client] - [rdpgfx_read_h264_metablock]: quantQualityVals[7]: qp: 0 r: 0 p: 0 qualityVal: 100
[17:59:51:230] [95171:000173f6] [DEBUG][com.freerdp.channels.rdpgfx.client] - [rdpgfx_read_h264_metablock]: quantQualityVals[8]: qp: 0 r: 0 p: 0 qualityVal: 100
[17:59:51:230] [95171:000173f6] [DEBUG][com.freerdp.channels.rdpgfx.client] - [rdpgfx_read_h264_metablock]: quantQualityVals[9]: qp: 0 r: 0 p: 0 qualityVal: 100
[17:59:51:294] [95171:000173f6] [DEBUG][com.freerdp.channels.rdpgfx.client] - [rdpgfx_read_h264_metablock]: H264_METABLOCK: numRegionRects: 4
[17:59:51:294] [95171:000173f6] [DEBUG][com.freerdp.channels.rdpgfx.client] - [rdpgfx_read_h264_metablock]: regionRects[0]: left: 0 top: 320 right: 64 bottom: 384
[17:59:51:294] [95171:000173f6] [DEBUG][com.freerdp.channels.rdpgfx.client] - [rdpgfx_read_h264_metablock]: regionRects[1]: left: 0 top: 384 right: 64 bottom: 448
[17:59:51:294] [95171:000173f6] [DEBUG][com.freerdp.channels.rdpgfx.client] - [rdpgfx_read_h264_metablock]: regionRects[2]: left: 0 top: 704 right: 64 bottom: 768
[17:59:51:294] [95171:000173f6] [DEBUG][com.freerdp.channels.rdpgfx.client] - [rdpgfx_read_h264_metablock]: regionRects[3]: left: 0 top: 768 right: 64 bottom: 800
[17:59:51:294] [95171:000173f6] [DEBUG][com.freerdp.channels.rdpgfx.client] - [rdpgfx_read_h264_metablock]: quantQualityVals[0]: qp: 0 r: 0 p: 0 qualityVal: 100
[17:59:51:294] [95171:000173f6] [DEBUG][com.freerdp.channels.rdpgfx.client] - [rdpgfx_read_h264_metablock]: quantQualityVals[1]: qp: 0 r: 0 p: 0 qualityVal: 100
[17:59:51:294] [95171:000173f6] [DEBUG][com.freerdp.channels.rdpgfx.client] - [rdpgfx_read_h264_metablock]: quantQualityVals[2]: qp: 0 r: 0 p: 0 qualityVal: 100
[17:59:51:294] [95171:000173f6] [DEBUG][com.freerdp.channels.rdpgfx.client] - [rdpgfx_read_h264_metablock]: quantQualityVals[3]: qp: 0 r: 0 p: 0 qualityVal: 100
[17:59:51:525] [95171:000173f6] [DEBUG][com.freerdp.channels.rdpgfx.client] - [rdpgfx_read_h264_metablock]: H264_METABLOCK: numRegionRects: 4
[17:59:51:525] [95171:000173f6] [DEBUG][com.freerdp.channels.rdpgfx.client] - [rdpgfx_read_h264_metablock]: regionRects[0]: left: 0 top: 768 right: 64 bottom: 800
[17:59:51:525] [95171:000173f6] [DEBUG][com.freerdp.channels.rdpgfx.client] - [rdpgfx_read_h264_metablock]: regionRects[1]: left: 64 top: 768 right: 128 bottom: 800
[17:59:51:525] [95171:000173f6] [DEBUG][com.freerdp.channels.rdpgfx.client] - [rdpgfx_read_h264_metablock]: regionRects[2]: left: 128 top: 768 right: 192 bottom: 800
[17:59:51:525] [95171:000173f6] [DEBUG][com.freerdp.channels.rdpgfx.client] - [rdpgfx_read_h264_metablock]: regionRects[3]: left: 192 top: 768 right: 256 bottom: 800
[17:59:51:525] [95171:000173f6] [DEBUG][com.freerdp.channels.rdpgfx.client] - [rdpgfx_read_h264_metablock]: quantQualityVals[0]: qp: 0 r: 0 p: 0 qualityVal: 100
[17:59:51:525] [95171:000173f6] [DEBUG][com.freerdp.channels.rdpgfx.client] - [rdpgfx_read_h264_metablock]: quantQualityVals[1]: qp: 0 r: 0 p: 0 qualityVal: 100
[17:59:51:525] [95171:000173f6] [DEBUG][com.freerdp.channels.rdpgfx.client] - [rdpgfx_read_h264_metablock]: quantQualityVals[2]: qp: 0 r: 0 p: 0 qualityVal: 100
[17:59:51:525] [95171:000173f6] [DEBUG][com.freerdp.channels.rdpgfx.client] - [rdpgfx_read_h264_metablock]: quantQualityVals[3]: qp: 0 r: 0 p: 0 qualityVal: 100
[17:59:51:660] [95171:000173f6] [DEBUG][com.freerdp.channels.rdpgfx.client] - [rdpgfx_read_h264_metablock]: H264_METABLOCK: numRegionRects: 4
[17:59:51:660] [95171:000173f6] [DEBUG][com.freerdp.channels.rdpgfx.client] - [rdpgfx_read_h264_metablock]: regionRects[0]: left: 0 top: 768 right: 64 bottom: 800
[17:59:51:660] [95171:000173f6] [DEBUG][com.freerdp.channels.rdpgfx.client] - [rdpgfx_read_h264_metablock]: regionRects[1]: left: 64 top: 768 right: 128 bottom: 800
[17:59:51:660] [95171:000173f6] [DEBUG][com.freerdp.channels.rdpgfx.client] - [rdpgfx_read_h264_metablock]: regionRects[2]: left: 128 top: 768 right: 192 bottom: 800
[17:59:51:660] [95171:000173f6] [DEBUG][com.freerdp.channels.rdpgfx.client] - [rdpgfx_read_h264_metablock]: regionRects[3]: left: 192 top: 768 right: 256 bottom: 800
[17:59:51:660] [95171:000173f6] [DEBUG][com.freerdp.channels.rdpgfx.client] - [rdpgfx_read_h264_metablock]: quantQualityVals[0]: qp: 0 r: 0 p: 0 qualityVal: 100
[17:59:51:660] [95171:000173f6] [DEBUG][com.freerdp.channels.rdpgfx.client] - [rdpgfx_read_h264_metablock]: quantQualityVals[1]: qp: 0 r: 0 p: 0 qualityVal: 100
[17:59:51:660] [95171:000173f6] [DEBUG][com.freerdp.channels.rdpgfx.client] - [rdpgfx_read_h264_metablock]: quantQualityVals[2]: qp: 0 r: 0 p: 0 qualityVal: 100
[17:59:51:660] [95171:000173f6] [DEBUG][com.freerdp.channels.rdpgfx.client] - [rdpgfx_read_h264_metablock]: quantQualityVals[3]: qp: 0 r: 0 p: 0 qualityVal: 100
[17:59:51:824] [95171:000173f6] [DEBUG][com.freerdp.channels.rdpgfx.client] - [rdpgfx_read_h264_metablock]: H264_METABLOCK: numRegionRects: 4
[17:59:51:824] [95171:000173f6] [DEBUG][com.freerdp.channels.rdpgfx.client] - [rdpgfx_read_h264_metablock]: regionRects[0]: left: 0 top: 768 right: 64 bottom: 800
[17:59:51:824] [95171:000173f6] [DEBUG][com.freerdp.channels.rdpgfx.client] - [rdpgfx_read_h264_metablock]: regionRects[1]: left: 64 top: 768 right: 128 bottom: 800
[17:59:51:824] [95171:000173f6] [DEBUG][com.freerdp.channels.rdpgfx.client] - [rdpgfx_read_h264_metablock]: regionRects[2]: left: 128 top: 768 right: 192 bottom: 800
[17:59:51:824] [95171:000173f6] [DEBUG][com.freerdp.channels.rdpgfx.client] - [rdpgfx_read_h264_metablock]: regionRects[3]: left: 192 top: 768 right: 256 bottom: 800
[17:59:51:824] [95171:000173f6] [DEBUG][com.freerdp.channels.rdpgfx.client] - [rdpgfx_read_h264_metablock]: quantQualityVals[0]: qp: 0 r: 0 p: 0 qualityVal: 100
[17:59:51:824] [95171:000173f6] [DEBUG][com.freerdp.channels.rdpgfx.client] - [rdpgfx_read_h264_metablock]: quantQualityVals[1]: qp: 0 r: 0 p: 0 qualityVal: 100
[17:59:51:824] [95171:000173f6] [DEBUG][com.freerdp.channels.rdpgfx.client] - [rdpgfx_read_h264_metablock]: quantQualityVals[2]: qp: 0 r: 0 p: 0 qualityVal: 100
[17:59:51:824] [95171:000173f6] [DEBUG][com.freerdp.channels.rdpgfx.client] - [rdpgfx_read_h264_metablock]: quantQualityVals[3]: qp: 0 r: 0 p: 0 qualityVal: 100
[17:59:51:889] [95171:000173f6] [DEBUG][com.freerdp.channels.rdpgfx.client] - [rdpgfx_read_h264_metablock]: H264_METABLOCK: numRegionRects: 4
[17:59:51:889] [95171:000173f6] [DEBUG][com.freerdp.channels.rdpgfx.client] - [rdpgfx_read_h264_metablock]: regionRects[0]: left: 0 top: 768 right: 64 bottom: 800
[17:59:51:889] [95171:000173f6] [DEBUG][com.freerdp.channels.rdpgfx.client] - [rdpgfx_read_h264_metablock]: regionRects[1]: left: 64 top: 768 right: 128 bottom: 800
[17:59:51:889] [95171:000173f6] [DEBUG][com.freerdp.channels.rdpgfx.client] - [rdpgfx_read_h264_metablock]: regionRects[2]: left: 128 top: 768 right: 192 bottom: 800
[17:59:51:889] [95171:000173f6] [DEBUG][com.freerdp.channels.rdpgfx.client] - [rdpgfx_read_h264_metablock]: regionRects[3]: left: 192 top: 768 right: 256 bottom: 800
[17:59:51:889] [95171:000173f6] [DEBUG][com.freerdp.channels.rdpgfx.client] - [rdpgfx_read_h264_metablock]: quantQualityVals[0]: qp: 0 r: 0 p: 0 qualityVal: 100
[17:59:51:889] [95171:000173f6] [DEBUG][com.freerdp.channels.rdpgfx.client] - [rdpgfx_read_h264_metablock]: quantQualityVals[1]: qp: 0 r: 0 p: 0 qualityVal: 100
[17:59:51:889] [95171:000173f6] [DEBUG][com.freerdp.channels.rdpgfx.client] - [rdpgfx_read_h264_metablock]: quantQualityVals[2]: qp: 0 r: 0 p: 0 qualityVal: 100
[17:59:51:889] [95171:000173f6] [DEBUG][com.freerdp.channels.rdpgfx.client] - [rdpgfx_read_h264_metablock]: quantQualityVals[3]: qp: 0 r: 0 p: 0 qualityVal: 100
[17:59:51:923] [95171:000173f6] [DEBUG][com.freerdp.channels.rdpgfx.client] - [rdpgfx_read_h264_metablock]: H264_METABLOCK: numRegionRects: 4
[17:59:51:923] [95171:000173f6] [DEBUG][com.freerdp.channels.rdpgfx.client] - [rdpgfx_read_h264_metablock]: regionRects[0]: left: 0 top: 320 right: 64 bottom: 384
[17:59:51:923] [95171:000173f6] [DEBUG][com.freerdp.channels.rdpgfx.client] - [rdpgfx_read_h264_metablock]: regionRects[1]: left: 0 top: 384 right: 64 bottom: 448
[17:59:51:923] [95171:000173f6] [DEBUG][com.freerdp.channels.rdpgfx.client] - [rdpgfx_read_h264_metablock]: regionRects[2]: left: 0 top: 704 right: 64 bottom: 768
[17:59:51:923] [95171:000173f6] [DEBUG][com.freerdp.channels.rdpgfx.client] - [rdpgfx_read_h264_metablock]: regionRects[3]: left: 0 top: 768 right: 64 bottom: 800
[17:59:51:923] [95171:000173f6] [DEBUG][com.freerdp.channels.rdpgfx.client] - [rdpgfx_read_h264_metablock]: quantQualityVals[0]: qp: 0 r: 0 p: 0 qualityVal: 100
[17:59:51:923] [95171:000173f6] [DEBUG][com.freerdp.channels.rdpgfx.client] - [rdpgfx_read_h264_metablock]: quantQualityVals[1]: qp: 0 r: 0 p: 0 qualityVal: 100
[17:59:51:923] [95171:000173f6] [DEBUG][com.freerdp.channels.rdpgfx.client] - [rdpgfx_read_h264_metablock]: quantQualityVals[2]: qp: 0 r: 0 p: 0 qualityVal: 100
[17:59:51:923] [95171:000173f6] [DEBUG][com.freerdp.channels.rdpgfx.client] - [rdpgfx_read_h264_metablock]: quantQualityVals[3]: qp: 0 r: 0 p: 0 qualityVal: 100
[17:59:52:055] [95171:000173f6] [DEBUG][com.freerdp.channels.rdpgfx.client] - [rdpgfx_read_h264_metablock]: H264_METABLOCK: numRegionRects: 4
[17:59:52:055] [95171:000173f6] [DEBUG][com.freerdp.channels.rdpgfx.client] - [rdpgfx_read_h264_metablock]: regionRects[0]: left: 0 top: 320 right: 64 bottom: 384
[17:59:52:055] [95171:000173f6] [DEBUG][com.freerdp.channels.rdpgfx.client] - [rdpgfx_read_h264_metablock]: regionRects[1]: left: 0 top: 384 right: 64 bottom: 448
[17:59:52:055] [95171:000173f6] [DEBUG][com.freerdp.channels.rdpgfx.client] - [rdpgfx_read_h264_metablock]: regionRects[2]: left: 0 top: 704 right: 64 bottom: 768
[17:59:52:055] [95171:000173f6] [DEBUG][com.freerdp.channels.rdpgfx.client] - [rdpgfx_read_h264_metablock]: regionRects[3]: left: 0 top: 768 right: 64 bottom: 800
[17:59:52:055] [95171:000173f6] [DEBUG][com.freerdp.channels.rdpgfx.client] - [rdpgfx_read_h264_metablock]: quantQualityVals[0]: qp: 0 r: 0 p: 0 qualityVal: 100
[17:59:52:055] [95171:000173f6] [DEBUG][com.freerdp.channels.rdpgfx.client] - [rdpgfx_read_h264_metablock]: quantQualityVals[1]: qp: 0 r: 0 p: 0 qualityVal: 100
[17:59:52:055] [95171:000173f6] [DEBUG][com.freerdp.channels.rdpgfx.client] - [rdpgfx_read_h264_metablock]: quantQualityVals[2]: qp: 0 r: 0 p: 0 qualityVal: 100
[17:59:52:055] [95171:000173f6] [DEBUG][com.freerdp.channels.rdpgfx.client] - [rdpgfx_read_h264_metablock]: quantQualityVals[3]: qp: 0 r: 0 p: 0 qualityVal: 100
[17:59:52:121] [95171:000173f6] [DEBUG][com.freerdp.channels.rdpgfx.client] - [rdpgfx_read_h264_metablock]: H264_METABLOCK: numRegionRects: 10
[17:59:52:121] [95171:000173f6] [DEBUG][com.freerdp.channels.rdpgfx.client] - [rdpgfx_read_h264_metablock]: regionRects[0]: left: 0 top: 320 right: 64 bottom: 384
[17:59:52:121] [95171:000173f6] [DEBUG][com.freerdp.channels.rdpgfx.client] - [rdpgfx_read_h264_metablock]: regionRects[1]: left: 192 top: 320 right: 256 bottom: 384
[17:59:52:121] [95171:000173f6] [DEBUG][com.freerdp.channels.rdpgfx.client] - [rdpgfx_read_h264_metablock]: regionRects[2]: left: 0 top: 384 right: 64 bottom: 448
[17:59:52:121] [95171:000173f6] [DEBUG][com.freerdp.channels.rdpgfx.client] - [rdpgfx_read_h264_metablock]: regionRects[3]: left: 192 top: 384 right: 256 bottom: 448
[17:59:52:121] [95171:000173f6] [DEBUG][com.freerdp.channels.rdpgfx.client] - [rdpgfx_read_h264_metablock]: regionRects[4]: left: 0 top: 704 right: 64 bottom: 768
[17:59:52:121] [95171:000173f6] [DEBUG][com.freerdp.channels.rdpgfx.client] - [rdpgfx_read_h264_metablock]: regionRects[5]: left: 192 top: 704 right: 256 bottom: 768
[17:59:52:121] [95171:000173f6] [DEBUG][com.freerdp.channels.rdpgfx.client] - [rdpgfx_read_h264_metablock]: regionRects[6]: left: 0 top: 768 right: 64 bottom: 800
[17:59:52:121] [95171:000173f6] [DEBUG][com.freerdp.channels.rdpgfx.client] - [rdpgfx_read_h264_metablock]: regionRects[7]: left: 64 top: 768 right: 128 bottom: 800
[17:59:52:121] [95171:000173f6] [DEBUG][com.freerdp.channels.rdpgfx.client] - [rdpgfx_read_h264_metablock]: regionRects[8]: left: 128 top: 768 right: 192 bottom: 800
[17:59:52:121] [95171:000173f6] [DEBUG][com.freerdp.channels.rdpgfx.client] - [rdpgfx_read_h264_metablock]: regionRects[9]: left: 192 top: 768 right: 256 bottom: 800
[17:59:52:121] [95171:000173f6] [DEBUG][com.freerdp.channels.rdpgfx.client] - [rdpgfx_read_h264_metablock]: quantQualityVals[0]: qp: 0 r: 0 p: 0 qualityVal: 100
[17:59:52:121] [95171:000173f6] [DEBUG][com.freerdp.channels.rdpgfx.client] - [rdpgfx_read_h264_metablock]: quantQualityVals[1]: qp: 0 r: 0 p: 0 qualityVal: 100
[17:59:52:121] [95171:000173f6] [DEBUG][com.freerdp.channels.rdpgfx.client] - [rdpgfx_read_h264_metablock]: quantQualityVals[2]: qp: 0 r: 0 p: 0 qualityVal: 100
[17:59:52:121] [95171:000173f6] [DEBUG][com.freerdp.channels.rdpgfx.client] - [rdpgfx_read_h264_metablock]: quantQualityVals[3]: qp: 0 r: 0 p: 0 qualityVal: 100
[17:59:52:121] [95171:000173f6] [DEBUG][com.freerdp.channels.rdpgfx.client] - [rdpgfx_read_h264_metablock]: quantQualityVals[4]: qp: 0 r: 0 p: 0 qualityVal: 100
[17:59:52:121] [95171:000173f6] [DEBUG][com.freerdp.channels.rdpgfx.client] - [rdpgfx_read_h264_metablock]: quantQualityVals[5]: qp: 0 r: 0 p: 0 qualityVal: 100
[17:59:52:121] [95171:000173f6] [DEBUG][com.freerdp.channels.rdpgfx.client] - [rdpgfx_read_h264_metablock]: quantQualityVals[6]: qp: 0 r: 0 p: 0 qualityVal: 100
[17:59:52:121] [95171:000173f6] [DEBUG][com.freerdp.channels.rdpgfx.client] - [rdpgfx_read_h264_metablock]: quantQualityVals[7]: qp: 0 r: 0 p: 0 qualityVal: 100
[17:59:52:121] [95171:000173f6] [DEBUG][com.freerdp.channels.rdpgfx.client] - [rdpgfx_read_h264_metablock]: quantQualityVals[8]: qp: 0 r: 0 p: 0 qualityVal: 100
[17:59:52:121] [95171:000173f6] [DEBUG][com.freerdp.channels.rdpgfx.client] - [rdpgfx_read_h264_metablock]: quantQualityVals[9]: qp: 0 r: 0 p: 0 qualityVal: 100
[17:59:52:153] [95171:000173f6] [DEBUG][com.freerdp.channels.rdpgfx.client] - [rdpgfx_read_h264_metablock]: H264_METABLOCK: numRegionRects: 10
[17:59:52:153] [95171:000173f6] [DEBUG][com.freerdp.channels.rdpgfx.client] - [rdpgfx_read_h264_metablock]: regionRects[0]: left: 0 top: 320 right: 64 bottom: 384
[17:59:52:153] [95171:000173f6] [DEBUG][com.freerdp.channels.rdpgfx.client] - [rdpgfx_read_h264_metablock]: regionRects[1]: left: 192 top: 320 right: 256 bottom: 384
[17:59:52:153] [95171:000173f6] [DEBUG][com.freerdp.channels.rdpgfx.client] - [rdpgfx_read_h264_metablock]: regionRects[2]: left: 0 top: 384 right: 64 bottom: 448
[17:59:52:153] [95171:000173f6] [DEBUG][com.freerdp.channels.rdpgfx.client] - [rdpgfx_read_h264_metablock]: regionRects[3]: left: 192 top: 384 right: 256 bottom: 448
[17:59:52:153] [95171:000173f6] [DEBUG][com.freerdp.channels.rdpgfx.client] - [rdpgfx_read_h264_metablock]: regionRects[4]: left: 0 top: 704 right: 64 bottom: 768
[17:59:52:153] [95171:000173f6] [DEBUG][com.freerdp.channels.rdpgfx.client] - [rdpgfx_read_h264_metablock]: regionRects[5]: left: 192 top: 704 right: 256 bottom: 768
[17:59:52:153] [95171:000173f6] [DEBUG][com.freerdp.channels.rdpgfx.client] - [rdpgfx_read_h264_metablock]: regionRects[6]: left: 0 top: 768 right: 64 bottom: 800
[17:59:52:153] [95171:000173f6] [DEBUG][com.freerdp.channels.rdpgfx.client] - [rdpgfx_read_h264_metablock]: regionRects[7]: left: 64 top: 768 right: 128 bottom: 800
[17:59:52:153] [95171:000173f6] [DEBUG][com.freerdp.channels.rdpgfx.client] - [rdpgfx_read_h264_metablock]: regionRects[8]: left: 128 top: 768 right: 192 bottom: 800
[17:59:52:153] [95171:000173f6] [DEBUG][com.freerdp.channels.rdpgfx.client] - [rdpgfx_read_h264_metablock]: regionRects[9]: left: 192 top: 768 right: 256 bottom: 800
[17:59:52:153] [95171:000173f6] [DEBUG][com.freerdp.channels.rdpgfx.client] - [rdpgfx_read_h264_metablock]: quantQualityVals[0]: qp: 0 r: 0 p: 0 qualityVal: 100
[17:59:52:153] [95171:000173f6] [DEBUG][com.freerdp.channels.rdpgfx.client] - [rdpgfx_read_h264_metablock]: quantQualityVals[1]: qp: 0 r: 0 p: 0 qualityVal: 100
[17:59:52:153] [95171:000173f6] [DEBUG][com.freerdp.channels.rdpgfx.client] - [rdpgfx_read_h264_metablock]: quantQualityVals[2]: qp: 0 r: 0 p: 0 qualityVal: 100
[17:59:52:153] [95171:000173f6] [DEBUG][com.freerdp.channels.rdpgfx.client] - [rdpgfx_read_h264_metablock]: quantQualityVals[3]: qp: 0 r: 0 p: 0 qualityVal: 100
[17:59:52:153] [95171:000173f6] [DEBUG][com.freerdp.channels.rdpgfx.client] - [rdpgfx_read_h264_metablock]: quantQualityVals[4]: qp: 0 r: 0 p: 0 qualityVal: 100
[17:59:52:153] [95171:000173f6] [DEBUG][com.freerdp.channels.rdpgfx.client] - [rdpgfx_read_h264_metablock]: quantQualityVals[5]: qp: 0 r: 0 p: 0 qualityVal: 100
[17:59:52:153] [95171:000173f6] [DEBUG][com.freerdp.channels.rdpgfx.client] - [rdpgfx_read_h264_metablock]: quantQualityVals[6]: qp: 0 r: 0 p: 0 qualityVal: 100
[17:59:52:153] [95171:000173f6] [DEBUG][com.freerdp.channels.rdpgfx.client] - [rdpgfx_read_h264_metablock]: quantQualityVals[7]: qp: 0 r: 0 p: 0 qualityVal: 100
[17:59:52:153] [95171:000173f6] [DEBUG][com.freerdp.channels.rdpgfx.client] - [rdpgfx_read_h264_metablock]: quantQualityVals[8]: qp: 0 r: 0 p: 0 qualityVal: 100
[17:59:52:153] [95171:000173f6] [DEBUG][com.freerdp.channels.rdpgfx.client] - [rdpgfx_read_h264_metablock]: quantQualityVals[9]: qp: 0 r: 0 p: 0 qualityVal: 100
[17:59:52:254] [95171:000173f6] [DEBUG][com.freerdp.channels.rdpgfx.client] - [rdpgfx_read_h264_metablock]: H264_METABLOCK: numRegionRects: 10
[17:59:52:254] [95171:000173f6] [DEBUG][com.freerdp.channels.rdpgfx.client] - [rdpgfx_read_h264_metablock]: regionRects[0]: left: 0 top: 320 right: 64 bottom: 384
[17:59:52:254] [95171:000173f6] [DEBUG][com.freerdp.channels.rdpgfx.client] - [rdpgfx_read_h264_metablock]: regionRects[1]: left: 192 top: 320 right: 256 bottom: 384
[17:59:52:254] [95171:000173f6] [DEBUG][com.freerdp.channels.rdpgfx.client] - [rdpgfx_read_h264_metablock]: regionRects[2]: left: 0 top: 384 right: 64 bottom: 448
[17:59:52:254] [95171:000173f6] [DEBUG][com.freerdp.channels.rdpgfx.client] - [rdpgfx_read_h264_metablock]: regionRects[3]: left: 192 top: 384 right: 256 bottom: 448
[17:59:52:254] [95171:000173f6] [DEBUG][com.freerdp.channels.rdpgfx.client] - [rdpgfx_read_h264_metablock]: regionRects[4]: left: 0 top: 704 right: 64 bottom: 768
[17:59:52:254] [95171:000173f6] [DEBUG][com.freerdp.channels.rdpgfx.client] - [rdpgfx_read_h264_metablock]: regionRects[5]: left: 192 top: 704 right: 256 bottom: 768
[17:59:52:254] [95171:000173f6] [DEBUG][com.freerdp.channels.rdpgfx.client] - [rdpgfx_read_h264_metablock]: regionRects[6]: left: 0 top: 768 right: 64 bottom: 800
[17:59:52:254] [95171:000173f6] [DEBUG][com.freerdp.channels.rdpgfx.client] - [rdpgfx_read_h264_metablock]: regionRects[7]: left: 64 top: 768 right: 128 bottom: 800
[17:59:52:254] [95171:000173f6] [DEBUG][com.freerdp.channels.rdpgfx.client] - [rdpgfx_read_h264_metablock]: regionRects[8]: left: 128 top: 768 right: 192 bottom: 800
[17:59:52:254] [95171:000173f6] [DEBUG][com.freerdp.channels.rdpgfx.client] - [rdpgfx_read_h264_metablock]: regionRects[9]: left: 192 top: 768 right: 256 bottom: 800
[17:59:52:254] [95171:000173f6] [DEBUG][com.freerdp.channels.rdpgfx.client] - [rdpgfx_read_h264_metablock]: quantQualityVals[0]: qp: 0 r: 0 p: 0 qualityVal: 100
[17:59:52:254] [95171:000173f6] [DEBUG][com.freerdp.channels.rdpgfx.client] - [rdpgfx_read_h264_metablock]: quantQualityVals[1]: qp: 0 r: 0 p: 0 qualityVal: 100
[17:59:52:254] [95171:000173f6] [DEBUG][com.freerdp.channels.rdpgfx.client] - [rdpgfx_read_h264_metablock]: quantQualityVals[2]: qp: 0 r: 0 p: 0 qualityVal: 100
[17:59:52:254] [95171:000173f6] [DEBUG][com.freerdp.channels.rdpgfx.client] - [rdpgfx_read_h264_metablock]: quantQualityVals[3]: qp: 0 r: 0 p: 0 qualityVal: 100
[17:59:52:254] [95171:000173f6] [DEBUG][com.freerdp.channels.rdpgfx.client] - [rdpgfx_read_h264_metablock]: quantQualityVals[4]: qp: 0 r: 0 p: 0 qualityVal: 100
[17:59:52:254] [95171:000173f6] [DEBUG][com.freerdp.channels.rdpgfx.client] - [rdpgfx_read_h264_metablock]: quantQualityVals[5]: qp: 0 r: 0 p: 0 qualityVal: 100
[17:59:52:254] [95171:000173f6] [DEBUG][com.freerdp.channels.rdpgfx.client] - [rdpgfx_read_h264_metablock]: quantQualityVals[6]: qp: 0 r: 0 p: 0 qualityVal: 100
[17:59:52:254] [95171:000173f6] [DEBUG][com.freerdp.channels.rdpgfx.client] - [rdpgfx_read_h264_metablock]: quantQualityVals[7]: qp: 0 r: 0 p: 0 qualityVal: 100
[17:59:52:254] [95171:000173f6] [DEBUG][com.freerdp.channels.rdpgfx.client] - [rdpgfx_read_h264_metablock]: quantQualityVals[8]: qp: 0 r: 0 p: 0 qualityVal: 100
[17:59:52:254] [95171:000173f6] [DEBUG][com.freerdp.channels.rdpgfx.client] - [rdpgfx_read_h264_metablock]: quantQualityVals[9]: qp: 0 r: 0 p: 0 qualityVal: 100
[17:59:52:385] [95171:000173f6] [DEBUG][com.freerdp.channels.rdpgfx.client] - [rdpgfx_read_h264_metablock]: H264_METABLOCK: numRegionRects: 10
[17:59:52:385] [95171:000173f6] [DEBUG][com.freerdp.channels.rdpgfx.client] - [rdpgfx_read_h264_metablock]: regionRects[0]: left: 0 top: 320 right: 64 bottom: 384
[17:59:52:385] [95171:000173f6] [DEBUG][com.freerdp.channels.rdpgfx.client] - [rdpgfx_read_h264_metablock]: regionRects[1]: left: 192 top: 320 right: 256 bottom: 384
[17:59:52:385] [95171:000173f6] [DEBUG][com.freerdp.channels.rdpgfx.client] - [rdpgfx_read_h264_metablock]: regionRects[2]: left: 0 top: 384 right: 64 bottom: 448
[17:59:52:385] [95171:000173f6] [DEBUG][com.freerdp.channels.rdpgfx.client] - [rdpgfx_read_h264_metablock]: regionRects[3]: left: 192 top: 384 right: 256 bottom: 448
[17:59:52:385] [95171:000173f6] [DEBUG][com.freerdp.channels.rdpgfx.client] - [rdpgfx_read_h264_metablock]: regionRects[4]: left: 0 top: 704 right: 64 bottom: 768
[17:59:52:385] [95171:000173f6] [DEBUG][com.freerdp.channels.rdpgfx.client] - [rdpgfx_read_h264_metablock]: regionRects[5]: left: 192 top: 704 right: 256 bottom: 768
[17:59:52:385] [95171:000173f6] [DEBUG][com.freerdp.channels.rdpgfx.client] - [rdpgfx_read_h264_metablock]: regionRects[6]: left: 0 top: 768 right: 64 bottom: 800
[17:59:52:385] [95171:000173f6] [DEBUG][com.freerdp.channels.rdpgfx.client] - [rdpgfx_read_h264_metablock]: regionRects[7]: left: 64 top: 768 right: 128 bottom: 800
[17:59:52:385] [95171:000173f6] [DEBUG][com.freerdp.channels.rdpgfx.client] - [rdpgfx_read_h264_metablock]: regionRects[8]: left: 128 top: 768 right: 192 bottom: 800
[17:59:52:385] [95171:000173f6] [DEBUG][com.freerdp.channels.rdpgfx.client] - [rdpgfx_read_h264_metablock]: regionRects[9]: left: 192 top: 768 right: 256 bottom: 800
[17:59:52:385] [95171:000173f6] [DEBUG][com.freerdp.channels.rdpgfx.client] - [rdpgfx_read_h264_metablock]: quantQualityVals[0]: qp: 0 r: 0 p: 0 qualityVal: 100
[17:59:52:385] [95171:000173f6] [DEBUG][com.freerdp.channels.rdpgfx.client] - [rdpgfx_read_h264_metablock]: quantQualityVals[1]: qp: 0 r: 0 p: 0 qualityVal: 100
[17:59:52:385] [95171:000173f6] [DEBUG][com.freerdp.channels.rdpgfx.client] - [rdpgfx_read_h264_metablock]: quantQualityVals[2]: qp: 0 r: 0 p: 0 qualityVal: 100
[17:59:52:385] [95171:000173f6] [DEBUG][com.freerdp.channels.rdpgfx.client] - [rdpgfx_read_h264_metablock]: quantQualityVals[3]: qp: 0 r: 0 p: 0 qualityVal: 100
[17:59:52:385] [95171:000173f6] [DEBUG][com.freerdp.channels.rdpgfx.client] - [rdpgfx_read_h264_metablock]: quantQualityVals[4]: qp: 0 r: 0 p: 0 qualityVal: 100
[17:59:52:385] [95171:000173f6] [DEBUG][com.freerdp.channels.rdpgfx.client] - [rdpgfx_read_h264_metablock]: quantQualityVals[5]: qp: 0 r: 0 p: 0 qualityVal: 100
[17:59:52:385] [95171:000173f6] [DEBUG][com.freerdp.channels.rdpgfx.client] - [rdpgfx_read_h264_metablock]: quantQualityVals[6]: qp: 0 r: 0 p: 0 qualityVal: 100
[17:59:52:385] [95171:000173f6] [DEBUG][com.freerdp.channels.rdpgfx.client] - [rdpgfx_read_h264_metablock]: quantQualityVals[7]: qp: 0 r: 0 p: 0 qualityVal: 100
[17:59:52:385] [95171:000173f6] [DEBUG][com.freerdp.channels.rdpgfx.client] - [rdpgfx_read_h264_metablock]: quantQualityVals[8]: qp: 0 r: 0 p: 0 qualityVal: 100
[17:59:52:385] [95171:000173f6] [DEBUG][com.freerdp.channels.rdpgfx.client] - [rdpgfx_read_h264_metablock]: quantQualityVals[9]: qp: 0 r: 0 p: 0 qualityVal: 100
[17:59:52:517] [95171:000173f6] [DEBUG][com.freerdp.channels.rdpgfx.client] - [rdpgfx_read_h264_metablock]: H264_METABLOCK: numRegionRects: 10
[17:59:52:517] [95171:000173f6] [DEBUG][com.freerdp.channels.rdpgfx.client] - [rdpgfx_read_h264_metablock]: regionRects[0]: left: 0 top: 320 right: 64 bottom: 384
[17:59:52:517] [95171:000173f6] [DEBUG][com.freerdp.channels.rdpgfx.client] - [rdpgfx_read_h264_metablock]: regionRects[1]: left: 192 top: 320 right: 256 bottom: 384
[17:59:52:517] [95171:000173f6] [DEBUG][com.freerdp.channels.rdpgfx.client] - [rdpgfx_read_h264_metablock]: regionRects[2]: left: 0 top: 384 right: 64 bottom: 448
[17:59:52:517] [95171:000173f6] [DEBUG][com.freerdp.channels.rdpgfx.client] - [rdpgfx_read_h264_metablock]: regionRects[3]: left: 192 top: 384 right: 256 bottom: 448
[17:59:52:517] [95171:000173f6] [DEBUG][com.freerdp.channels.rdpgfx.client] - [rdpgfx_read_h264_metablock]: regionRects[4]: left: 0 top: 704 right: 64 bottom: 768
[17:59:52:517] [95171:000173f6] [DEBUG][com.freerdp.channels.rdpgfx.client] - [rdpgfx_read_h264_metablock]: regionRects[5]: left: 192 top: 704 right: 256 bottom: 768
[17:59:52:517] [95171:000173f6] [DEBUG][com.freerdp.channels.rdpgfx.client] - [rdpgfx_read_h264_metablock]: regionRects[6]: left: 0 top: 768 right: 64 bottom: 800
[17:59:52:517] [95171:000173f6] [DEBUG][com.freerdp.channels.rdpgfx.client] - [rdpgfx_read_h264_metablock]: regionRects[7]: left: 64 top: 768 right: 128 bottom: 800
[17:59:52:517] [95171:000173f6] [DEBUG][com.freerdp.channels.rdpgfx.client] - [rdpgfx_read_h264_metablock]: regionRects[8]: left: 128 top: 768 right: 192 bottom: 800
[17:59:52:517] [95171:000173f6] [DEBUG][com.freerdp.channels.rdpgfx.client] - [rdpgfx_read_h264_metablock]: regionRects[9]: left: 192 top: 768 right: 256 bottom: 800
[17:59:52:517] [95171:000173f6] [DEBUG][com.freerdp.channels.rdpgfx.client] - [rdpgfx_read_h264_metablock]: quantQualityVals[0]: qp: 0 r: 0 p: 0 qualityVal: 100
[17:59:52:517] [95171:000173f6] [DEBUG][com.freerdp.channels.rdpgfx.client] - [rdpgfx_read_h264_metablock]: quantQualityVals[1]: qp: 0 r: 0 p: 0 qualityVal: 100
[17:59:52:517] [95171:000173f6] [DEBUG][com.freerdp.channels.rdpgfx.client] - [rdpgfx_read_h264_metablock]: quantQualityVals[2]: qp: 0 r: 0 p: 0 qualityVal: 100
[17:59:52:517] [95171:000173f6] [DEBUG][com.freerdp.channels.rdpgfx.client] - [rdpgfx_read_h264_metablock]: quantQualityVals[3]: qp: 0 r: 0 p: 0 qualityVal: 100
[17:59:52:517] [95171:000173f6] [DEBUG][com.freerdp.channels.rdpgfx.client] - [rdpgfx_read_h264_metablock]: quantQualityVals[4]: qp: 0 r: 0 p: 0 qualityVal: 100
[17:59:52:517] [95171:000173f6] [DEBUG][com.freerdp.channels.rdpgfx.client] - [rdpgfx_read_h264_metablock]: quantQualityVals[5]: qp: 0 r: 0 p: 0 qualityVal: 100
[17:59:52:517] [95171:000173f6] [DEBUG][com.freerdp.channels.rdpgfx.client] - [rdpgfx_read_h264_metablock]: quantQualityVals[6]: qp: 0 r: 0 p: 0 qualityVal: 100
[17:59:52:517] [95171:000173f6] [DEBUG][com.freerdp.channels.rdpgfx.client] - [rdpgfx_read_h264_metablock]: quantQualityVals[7]: qp: 0 r: 0 p: 0 qualityVal: 100
[17:59:52:517] [95171:000173f6] [DEBUG][com.freerdp.channels.rdpgfx.client] - [rdpgfx_read_h264_metablock]: quantQualityVals[8]: qp: 0 r: 0 p: 0 qualityVal: 100
[17:59:52:517] [95171:000173f6] [DEBUG][com.freerdp.channels.rdpgfx.client] - [rdpgfx_read_h264_metablock]: quantQualityVals[9]: qp: 0 r: 0 p: 0 qualityVal: 100
[17:59:52:550] [95171:000173f6] [DEBUG][com.freerdp.channels.rdpgfx.client] - [rdpgfx_read_h264_metablock]: H264_METABLOCK: numRegionRects: 7
[17:59:52:550] [95171:000173f6] [DEBUG][com.freerdp.channels.rdpgfx.client] - [rdpgfx_read_h264_metablock]: regionRects[0]: left: 192 top: 320 right: 256 bottom: 384
[17:59:52:550] [95171:000173f6] [DEBUG][com.freerdp.channels.rdpgfx.client] - [rdpgfx_read_h264_metablock]: regionRects[1]: left: 192 top: 384 right: 256 bottom: 448
[17:59:52:550] [95171:000173f6] [DEBUG][com.freerdp.channels.rdpgfx.client] - [rdpgfx_read_h264_metablock]: regionRects[2]: left: 192 top: 704 right: 256 bottom: 768
[17:59:52:550] [95171:000173f6] [DEBUG][com.freerdp.channels.rdpgfx.client] - [rdpgfx_read_h264_metablock]: regionRects[3]: left: 0 top: 768 right: 64 bottom: 800
[17:59:52:550] [95171:000173f6] [DEBUG][com.freerdp.channels.rdpgfx.client] - [rdpgfx_read_h264_metablock]: regionRects[4]: left: 64 top: 768 right: 128 bottom: 800
[17:59:52:550] [95171:000173f6] [DEBUG][com.freerdp.channels.rdpgfx.client] - [rdpgfx_read_h264_metablock]: regionRects[5]: left: 128 top: 768 right: 192 bottom: 800
[17:59:52:550] [95171:000173f6] [DEBUG][com.freerdp.channels.rdpgfx.client] - [rdpgfx_read_h264_metablock]: regionRects[6]: left: 192 top: 768 right: 256 bottom: 800
[17:59:52:550] [95171:000173f6] [DEBUG][com.freerdp.channels.rdpgfx.client] - [rdpgfx_read_h264_metablock]: quantQualityVals[0]: qp: 0 r: 0 p: 0 qualityVal: 100
[17:59:52:550] [95171:000173f6] [DEBUG][com.freerdp.channels.rdpgfx.client] - [rdpgfx_read_h264_metablock]: quantQualityVals[1]: qp: 0 r: 0 p: 0 qualityVal: 100
[17:59:52:550] [95171:000173f6] [DEBUG][com.freerdp.channels.rdpgfx.client] - [rdpgfx_read_h264_metablock]: quantQualityVals[2]: qp: 0 r: 0 p: 0 qualityVal: 100
[17:59:52:550] [95171:000173f6] [DEBUG][com.freerdp.channels.rdpgfx.client] - [rdpgfx_read_h264_metablock]: quantQualityVals[3]: qp: 0 r: 0 p: 0 qualityVal: 100
[17:59:52:550] [95171:000173f6] [DEBUG][com.freerdp.channels.rdpgfx.client] - [rdpgfx_read_h264_metablock]: quantQualityVals[4]: qp: 0 r: 0 p: 0 qualityVal: 100
[17:59:52:550] [95171:000173f6] [DEBUG][com.freerdp.channels.rdpgfx.client] - [rdpgfx_read_h264_metablock]: quantQualityVals[5]: qp: 0 r: 0 p: 0 qualityVal: 100
[17:59:52:550] [95171:000173f6] [DEBUG][com.freerdp.channels.rdpgfx.client] - [rdpgfx_read_h264_metablock]: quantQualityVals[6]: qp: 0 r: 0 p: 0 qualityVal: 100
[17:59:52:711] [95171:000173f5] [DEBUG][com.freerdp.channels.rdpsnd.client] - [rdpsnd_recv_wave2_pdu]: [dynamic] Wave2PDU: cBlockNo: 8 wFormatNo: 1 [WAVE_FORMAT_PCM] , align=4 wTimeStamp=0xe084, dwAudioTimeStamp=0x0000e084
[17:59:52:711] [95171:000173f5] [DEBUG][com.freerdp.channels.rdpsnd.client] - [rdpsnd_treat_wave]: [dynamic] Wave: cBlockNo: 8 wTimeStamp: 57476, size: 12232
[17:59:52:711] [95171:000173f5] [DEBUG][com.freerdp.channels.rdpsnd.client] - [audio_format_print]: WAVE_FORMAT_PCM:	 wFormatTag: 0x0001 nChannels: 2 nSamplesPerSec: 44100 nAvgBytesPerSec: 176400 nBlockAlign: 4 wBitsPerSample: 16 cbSize: 0
[17:59:52:711] [95171:000173f5] [DEBUG][com.freerdp.channels.rdpsnd.client] - [rdpsnd_detect_overrun]: [dynamic] Buffer underrun by 12004 ms
[17:59:52:777] [95171:000173f5] [DEBUG][com.freerdp.channels.rdpsnd.client] - [rdpsnd_recv_wave2_pdu]: [dynamic] Wave2PDU: cBlockNo: 9 wFormatNo: 1 [WAVE_FORMAT_PCM] , align=4 wTimeStamp=0xe0c7, dwAudioTimeStamp=0x0000e0c7
[17:59:52:777] [95171:000173f5] [DEBUG][com.freerdp.channels.rdpsnd.client] - [rdpsnd_treat_wave]: [dynamic] Wave: cBlockNo: 9 wTimeStamp: 57543, size: 11288
[17:59:52:777] [95171:000173f5] [DEBUG][com.freerdp.channels.rdpsnd.client] - [audio_format_print]: WAVE_FORMAT_PCM:	 wFormatTag: 0x0001 nChannels: 2 nSamplesPerSec: 44100 nAvgBytesPerSec: 176400 nBlockAlign: 4 wBitsPerSample: 16 cbSize: 0
[17:59:52:843] [95171:000173f5] [DEBUG][com.freerdp.channels.rdpsnd.client] - [rdpsnd_recv_wave2_pdu]: [dynamic] Wave2PDU: cBlockNo: 10 wFormatNo: 1 [WAVE_FORMAT_PCM] , align=4 wTimeStamp=0xe108, dwAudioTimeStamp=0x0000e108
[17:59:52:843] [95171:000173f5] [DEBUG][com.freerdp.channels.rdpsnd.client] - [rdpsnd_treat_wave]: [dynamic] Wave: cBlockNo: 10 wTimeStamp: 57608, size: 12232
[17:59:52:843] [95171:000173f5] [DEBUG][com.freerdp.channels.rdpsnd.client] - [audio_format_print]: WAVE_FORMAT_PCM:	 wFormatTag: 0x0001 nChannels: 2 nSamplesPerSec: 44100 nAvgBytesPerSec: 176400 nBlockAlign: 4 wBitsPerSample: 16 cbSize: 0
[17:59:52:909] [95171:000173f5] [DEBUG][com.freerdp.channels.rdpsnd.client] - [rdpsnd_recv_wave2_pdu]: [dynamic] Wave2PDU: cBlockNo: 11 wFormatNo: 1 [WAVE_FORMAT_PCM] , align=4 wTimeStamp=0xe14a, dwAudioTimeStamp=0x0000e14a
[17:59:52:909] [95171:000173f5] [DEBUG][com.freerdp.channels.rdpsnd.client] - [rdpsnd_treat_wave]: [dynamic] Wave: cBlockNo: 11 wTimeStamp: 57674, size: 11288
[17:59:52:909] [95171:000173f5] [DEBUG][com.freerdp.channels.rdpsnd.client] - [audio_format_print]: WAVE_FORMAT_PCM:	 wFormatTag: 0x0001 nChannels: 2 nSamplesPerSec: 44100 nAvgBytesPerSec: 176400 nBlockAlign: 4 wBitsPerSample: 16 cbSize: 0
[17:59:52:948] [95171:000173f6] [DEBUG][com.freerdp.channels.rdpgfx.client] - [rdpgfx_read_h264_metablock]: H264_METABLOCK: numRegionRects: 4
[17:59:52:948] [95171:000173f6] [DEBUG][com.freerdp.channels.rdpgfx.client] - [rdpgfx_read_h264_metablock]: regionRects[0]: left: 0 top: 768 right: 64 bottom: 800
[17:59:52:948] [95171:000173f6] [DEBUG][com.freerdp.channels.rdpgfx.client] - [rdpgfx_read_h264_metablock]: regionRects[1]: left: 64 top: 768 right: 128 bottom: 800
[17:59:52:948] [95171:000173f6] [DEBUG][com.freerdp.channels.rdpgfx.client] - [rdpgfx_read_h264_metablock]: regionRects[2]: left: 128 top: 768 right: 192 bottom: 800
[17:59:52:948] [95171:000173f6] [DEBUG][com.freerdp.channels.rdpgfx.client] - [rdpgfx_read_h264_metablock]: regionRects[3]: left: 192 top: 768 right: 256 bottom: 800
[17:59:52:948] [95171:000173f6] [DEBUG][com.freerdp.channels.rdpgfx.client] - [rdpgfx_read_h264_metablock]: quantQualityVals[0]: qp: 0 r: 0 p: 0 qualityVal: 100
[17:59:52:948] [95171:000173f6] [DEBUG][com.freerdp.channels.rdpgfx.client] - [rdpgfx_read_h264_metablock]: quantQualityVals[1]: qp: 0 r: 0 p: 0 qualityVal: 100
[17:59:52:948] [95171:000173f6] [DEBUG][com.freerdp.channels.rdpgfx.client] - [rdpgfx_read_h264_metablock]: quantQualityVals[2]: qp: 0 r: 0 p: 0 qualityVal: 100
[17:59:52:948] [95171:000173f6] [DEBUG][com.freerdp.channels.rdpgfx.client] - [rdpgfx_read_h264_metablock]: quantQualityVals[3]: qp: 0 r: 0 p: 0 qualityVal: 100
[17:59:52:975] [95171:000173f5] [DEBUG][com.freerdp.channels.rdpsnd.client] - [rdpsnd_recv_wave2_pdu]: [dynamic] Wave2PDU: cBlockNo: 12 wFormatNo: 1 [WAVE_FORMAT_PCM] , align=4 wTimeStamp=0xe18d, dwAudioTimeStamp=0x0000e18d
[17:59:52:975] [95171:000173f5] [DEBUG][com.freerdp.channels.rdpsnd.client] - [rdpsnd_treat_wave]: [dynamic] Wave: cBlockNo: 12 wTimeStamp: 57741, size: 11292
[17:59:52:975] [95171:000173f5] [DEBUG][com.freerdp.channels.rdpsnd.client] - [audio_format_print]: WAVE_FORMAT_PCM:	 wFormatTag: 0x0001 nChannels: 2 nSamplesPerSec: 44100 nAvgBytesPerSec: 176400 nBlockAlign: 4 wBitsPerSample: 16 cbSize: 0
[17:59:53:015] [95171:000173f6] [DEBUG][com.freerdp.channels.rdpgfx.client] - [rdpgfx_read_h264_metablock]: H264_METABLOCK: numRegionRects: 4
[17:59:53:015] [95171:000173f6] [DEBUG][com.freerdp.channels.rdpgfx.client] - [rdpgfx_read_h264_metablock]: regionRects[0]: left: 0 top: 768 right: 64 bottom: 800
[17:59:53:015] [95171:000173f6] [DEBUG][com.freerdp.channels.rdpgfx.client] - [rdpgfx_read_h264_metablock]: regionRects[1]: left: 64 top: 768 right: 128 bottom: 800
[17:59:53:015] [95171:000173f6] [DEBUG][com.freerdp.channels.rdpgfx.client] - [rdpgfx_read_h264_metablock]: regionRects[2]: left: 128 top: 768 right: 192 bottom: 800
[17:59:53:015] [95171:000173f6] [DEBUG][com.freerdp.channels.rdpgfx.client] - [rdpgfx_read_h264_metablock]: regionRects[3]: left: 192 top: 768 right: 256 bottom: 800
[17:59:53:015] [95171:000173f6] [DEBUG][com.freerdp.channels.rdpgfx.client] - [rdpgfx_read_h264_metablock]: quantQualityVals[0]: qp: 0 r: 0 p: 0 qualityVal: 100
[17:59:53:015] [95171:000173f6] [DEBUG][com.freerdp.channels.rdpgfx.client] - [rdpgfx_read_h264_metablock]: quantQualityVals[1]: qp: 0 r: 0 p: 0 qualityVal: 100
[17:59:53:015] [95171:000173f6] [DEBUG][com.freerdp.channels.rdpgfx.client] - [rdpgfx_read_h264_metablock]: quantQualityVals[2]: qp: 0 r: 0 p: 0 qualityVal: 100
[17:59:53:015] [95171:000173f6] [DEBUG][com.freerdp.channels.rdpgfx.client] - [rdpgfx_read_h264_metablock]: quantQualityVals[3]: qp: 0 r: 0 p: 0 qualityVal: 100
[17:59:53:041] [95171:000173f5] [DEBUG][com.freerdp.channels.rdpsnd.client] - [rdpsnd_recv_wave2_pdu]: [dynamic] Wave2PDU: cBlockNo: 13 wFormatNo: 1 [WAVE_FORMAT_PCM] , align=4 wTimeStamp=0xe1cf, dwAudioTimeStamp=0x0000e1cf
[17:59:53:041] [95171:000173f5] [DEBUG][com.freerdp.channels.rdpsnd.client] - [rdpsnd_treat_wave]: [dynamic] Wave: cBlockNo: 13 wTimeStamp: 57807, size: 12228
[17:59:53:041] [95171:000173f5] [DEBUG][com.freerdp.channels.rdpsnd.client] - [audio_format_print]: WAVE_FORMAT_PCM:	 wFormatTag: 0x0001 nChannels: 2 nSamplesPerSec: 44100 nAvgBytesPerSec: 176400 nBlockAlign: 4 wBitsPerSample: 16 cbSize: 0
[17:59:53:080] [95171:000173f6] [DEBUG][com.freerdp.channels.rdpgfx.client] - [rdpgfx_read_h264_metablock]: H264_METABLOCK: numRegionRects: 4
[17:59:53:080] [95171:000173f6] [DEBUG][com.freerdp.channels.rdpgfx.client] - [rdpgfx_read_h264_metablock]: regionRects[0]: left: 0 top: 768 right: 64 bottom: 800
[17:59:53:080] [95171:000173f6] [DEBUG][com.freerdp.channels.rdpgfx.client] - [rdpgfx_read_h264_metablock]: regionRects[1]: left: 64 top: 768 right: 128 bottom: 800
[17:59:53:080] [95171:000173f6] [DEBUG][com.freerdp.channels.rdpgfx.client] - [rdpgfx_read_h264_metablock]: regionRects[2]: left: 128 top: 768 right: 192 bottom: 800
[17:59:53:080] [95171:000173f6] [DEBUG][com.freerdp.channels.rdpgfx.client] - [rdpgfx_read_h264_metablock]: regionRects[3]: left: 192 top: 768 right: 256 bottom: 800
[17:59:53:080] [95171:000173f6] [DEBUG][com.freerdp.channels.rdpgfx.client] - [rdpgfx_read_h264_metablock]: quantQualityVals[0]: qp: 0 r: 0 p: 0 qualityVal: 100
[17:59:53:080] [95171:000173f6] [DEBUG][com.freerdp.channels.rdpgfx.client] - [rdpgfx_read_h264_metablock]: quantQualityVals[1]: qp: 0 r: 0 p: 0 qualityVal: 100
[17:59:53:080] [95171:000173f6] [DEBUG][com.freerdp.channels.rdpgfx.client] - [rdpgfx_read_h264_metablock]: quantQualityVals[2]: qp: 0 r: 0 p: 0 qualityVal: 100
[17:59:53:080] [95171:000173f6] [DEBUG][com.freerdp.channels.rdpgfx.client] - [rdpgfx_read_h264_metablock]: quantQualityVals[3]: qp: 0 r: 0 p: 0 qualityVal: 100
[17:59:53:107] [95171:000173f5] [DEBUG][com.freerdp.channels.rdpsnd.client] - [rdpsnd_recv_wave2_pdu]: [dynamic] Wave2PDU: cBlockNo: 14 wFormatNo: 1 [WAVE_FORMAT_PCM] , align=4 wTimeStamp=0xe210, dwAudioTimeStamp=0x0000e210
[17:59:53:107] [95171:000173f5] [DEBUG][com.freerdp.channels.rdpsnd.client] - [rdpsnd_treat_wave]: [dynamic] Wave: cBlockNo: 14 wTimeStamp: 57872, size: 11292
[17:59:53:107] [95171:000173f5] [DEBUG][com.freerdp.channels.rdpsnd.client] - [audio_format_print]: WAVE_FORMAT_PCM:	 wFormatTag: 0x0001 nChannels: 2 nSamplesPerSec: 44100 nAvgBytesPerSec: 176400 nBlockAlign: 4 wBitsPerSample: 16 cbSize: 0
[17:59:53:146] [95171:000173f6] [DEBUG][com.freerdp.channels.rdpgfx.client] - [rdpgfx_read_h264_metablock]: H264_METABLOCK: numRegionRects: 7
[17:59:53:146] [95171:000173f6] [DEBUG][com.freerdp.channels.rdpgfx.client] - [rdpgfx_read_h264_metablock]: regionRects[0]: left: 0 top: 320 right: 64 bottom: 384
[17:59:53:146] [95171:000173f6] [DEBUG][com.freerdp.channels.rdpgfx.client] - [rdpgfx_read_h264_metablock]: regionRects[1]: left: 0 top: 384 right: 64 bottom: 448
[17:59:53:146] [95171:000173f6] [DEBUG][com.freerdp.channels.rdpgfx.client] - [rdpgfx_read_h264_metablock]: regionRects[2]: left: 0 top: 704 right: 64 bottom: 768
[17:59:53:146] [95171:000173f6] [DEBUG][com.freerdp.channels.rdpgfx.client] - [rdpgfx_read_h264_metablock]: regionRects[3]: left: 0 top: 768 right: 64 bottom: 800
[17:59:53:146] [95171:000173f6] [DEBUG][com.freerdp.channels.rdpgfx.client] - [rdpgfx_read_h264_metablock]: regionRects[4]: left: 64 top: 768 right: 128 bottom: 800
[17:59:53:146] [95171:000173f6] [DEBUG][com.freerdp.channels.rdpgfx.client] - [rdpgfx_read_h264_metablock]: regionRects[5]: left: 128 top: 768 right: 192 bottom: 800
[17:59:53:146] [95171:000173f6] [DEBUG][com.freerdp.channels.rdpgfx.client] - [rdpgfx_read_h264_metablock]: regionRects[6]: left: 192 top: 768 right: 256 bottom: 800
[17:59:53:146] [95171:000173f6] [DEBUG][com.freerdp.channels.rdpgfx.client] - [rdpgfx_read_h264_metablock]: quantQualityVals[0]: qp: 0 r: 0 p: 0 qualityVal: 100
[17:59:53:146] [95171:000173f6] [DEBUG][com.freerdp.channels.rdpgfx.client] - [rdpgfx_read_h264_metablock]: quantQualityVals[1]: qp: 0 r: 0 p: 0 qualityVal: 100
[17:59:53:146] [95171:000173f6] [DEBUG][com.freerdp.channels.rdpgfx.client] - [rdpgfx_read_h264_metablock]: quantQualityVals[2]: qp: 0 r: 0 p: 0 qualityVal: 100
[17:59:53:146] [95171:000173f6] [DEBUG][com.freerdp.channels.rdpgfx.client] - [rdpgfx_read_h264_metablock]: quantQualityVals[3]: qp: 0 r: 0 p: 0 qualityVal: 100
[17:59:53:146] [95171:000173f6] [DEBUG][com.freerdp.channels.rdpgfx.client] - [rdpgfx_read_h264_metablock]: quantQualityVals[4]: qp: 0 r: 0 p: 0 qualityVal: 100
[17:59:53:146] [95171:000173f6] [DEBUG][com.freerdp.channels.rdpgfx.client] - [rdpgfx_read_h264_metablock]: quantQualityVals[5]: qp: 0 r: 0 p: 0 qualityVal: 100
[17:59:53:146] [95171:000173f6] [DEBUG][com.freerdp.channels.rdpgfx.client] - [rdpgfx_read_h264_metablock]: quantQualityVals[6]: qp: 0 r: 0 p: 0 qualityVal: 100
[17:59:53:173] [95171:000173f5] [DEBUG][com.freerdp.channels.rdpsnd.client] - [rdpsnd_recv_wave2_pdu]: [dynamic] Wave2PDU: cBlockNo: 15 wFormatNo: 1 [WAVE_FORMAT_PCM] , align=4 wTimeStamp=0xe253, dwAudioTimeStamp=0x0000e253
[17:59:53:173] [95171:000173f5] [DEBUG][com.freerdp.channels.rdpsnd.client] - [rdpsnd_treat_wave]: [dynamic] Wave: cBlockNo: 15 wTimeStamp: 57939, size: 11288
[17:59:53:173] [95171:000173f5] [DEBUG][com.freerdp.channels.rdpsnd.client] - [audio_format_print]: WAVE_FORMAT_PCM:	 wFormatTag: 0x0001 nChannels: 2 nSamplesPerSec: 44100 nAvgBytesPerSec: 176400 nBlockAlign: 4 wBitsPerSample: 16 cbSize: 0
[17:59:53:240] [95171:000173f5] [DEBUG][com.freerdp.channels.rdpsnd.client] - [rdpsnd_recv_wave2_pdu]: [dynamic] Wave2PDU: cBlockNo: 16 wFormatNo: 1 [WAVE_FORMAT_PCM] , align=4 wTimeStamp=0xe295, dwAudioTimeStamp=0x0000e295
[17:59:53:240] [95171:000173f5] [DEBUG][com.freerdp.channels.rdpsnd.client] - [rdpsnd_treat_wave]: [dynamic] Wave: cBlockNo: 16 wTimeStamp: 58005, size: 12232
[17:59:53:240] [95171:000173f5] [DEBUG][com.freerdp.channels.rdpsnd.client] - [audio_format_print]: WAVE_FORMAT_PCM:	 wFormatTag: 0x0001 nChannels: 2 nSamplesPerSec: 44100 nAvgBytesPerSec: 176400 nBlockAlign: 4 wBitsPerSample: 16 cbSize: 0
[17:59:53:280] [95171:000173f6] [DEBUG][com.freerdp.channels.rdpgfx.client] - [rdpgfx_read_h264_metablock]: H264_METABLOCK: numRegionRects: 10
[17:59:53:280] [95171:000173f6] [DEBUG][com.freerdp.channels.rdpgfx.client] - [rdpgfx_read_h264_metablock]: regionRects[0]: left: 0 top: 320 right: 64 bottom: 384
[17:59:53:280] [95171:000173f6] [DEBUG][com.freerdp.channels.rdpgfx.client] - [rdpgfx_read_h264_metablock]: regionRects[1]: left: 192 top: 320 right: 256 bottom: 384
[17:59:53:280] [95171:000173f6] [DEBUG][com.freerdp.channels.rdpgfx.client] - [rdpgfx_read_h264_metablock]: regionRects[2]: left: 0 top: 384 right: 64 bottom: 448
[17:59:53:280] [95171:000173f6] [DEBUG][com.freerdp.channels.rdpgfx.client] - [rdpgfx_read_h264_metablock]: regionRects[3]: left: 192 top: 384 right: 256 bottom: 448
[17:59:53:280] [95171:000173f6] [DEBUG][com.freerdp.channels.rdpgfx.client] - [rdpgfx_read_h264_metablock]: regionRects[4]: left: 0 top: 704 right: 64 bottom: 768
[17:59:53:280] [95171:000173f6] [DEBUG][com.freerdp.channels.rdpgfx.client] - [rdpgfx_read_h264_metablock]: regionRects[5]: left: 192 top: 704 right: 256 bottom: 768
[17:59:53:280] [95171:000173f6] [DEBUG][com.freerdp.channels.rdpgfx.client] - [rdpgfx_read_h264_metablock]: regionRects[6]: left: 0 top: 768 right: 64 bottom: 800
[17:59:53:280] [95171:000173f6] [DEBUG][com.freerdp.channels.rdpgfx.client] - [rdpgfx_read_h264_metablock]: regionRects[7]: left: 64 top: 768 right: 128 bottom: 800
[17:59:53:280] [95171:000173f6] [DEBUG][com.freerdp.channels.rdpgfx.client] - [rdpgfx_read_h264_metablock]: regionRects[8]: left: 128 top: 768 right: 192 bottom: 800
[17:59:53:280] [95171:000173f6] [DEBUG][com.freerdp.channels.rdpgfx.client] - [rdpgfx_read_h264_metablock]: regionRects[9]: left: 192 top: 768 right: 256 bottom: 800
[17:59:53:280] [95171:000173f6] [DEBUG][com.freerdp.channels.rdpgfx.client] - [rdpgfx_read_h264_metablock]: quantQualityVals[0]: qp: 0 r: 0 p: 0 qualityVal: 100
[17:59:53:280] [95171:000173f6] [DEBUG][com.freerdp.channels.rdpgfx.client] - [rdpgfx_read_h264_metablock]: quantQualityVals[1]: qp: 0 r: 0 p: 0 qualityVal: 100
[17:59:53:280] [95171:000173f6] [DEBUG][com.freerdp.channels.rdpgfx.client] - [rdpgfx_read_h264_metablock]: quantQualityVals[2]: qp: 0 r: 0 p: 0 qualityVal: 100
[17:59:53:280] [95171:000173f6] [DEBUG][com.freerdp.channels.rdpgfx.client] - [rdpgfx_read_h264_metablock]: quantQualityVals[3]: qp: 0 r: 0 p: 0 qualityVal: 100
[17:59:53:280] [95171:000173f6] [DEBUG][com.freerdp.channels.rdpgfx.client] - [rdpgfx_read_h264_metablock]: quantQualityVals[4]: qp: 0 r: 0 p: 0 qualityVal: 100
[17:59:53:280] [95171:000173f6] [DEBUG][com.freerdp.channels.rdpgfx.client] - [rdpgfx_read_h264_metablock]: quantQualityVals[5]: qp: 0 r: 0 p: 0 qualityVal: 100
[17:59:53:280] [95171:000173f6] [DEBUG][com.freerdp.channels.rdpgfx.client] - [rdpgfx_read_h264_metablock]: quantQualityVals[6]: qp: 0 r: 0 p: 0 qualityVal: 100
[17:59:53:280] [95171:000173f6] [DEBUG][com.freerdp.channels.rdpgfx.client] - [rdpgfx_read_h264_metablock]: quantQualityVals[7]: qp: 0 r: 0 p: 0 qualityVal: 100
[17:59:53:280] [95171:000173f6] [DEBUG][com.freerdp.channels.rdpgfx.client] - [rdpgfx_read_h264_metablock]: quantQualityVals[8]: qp: 0 r: 0 p: 0 qualityVal: 100
[17:59:53:280] [95171:000173f6] [DEBUG][com.freerdp.channels.rdpgfx.client] - [rdpgfx_read_h264_metablock]: quantQualityVals[9]: qp: 0 r: 0 p: 0 qualityVal: 100
[17:59:53:305] [95171:000173f5] [DEBUG][com.freerdp.channels.rdpsnd.client] - [rdpsnd_recv_wave2_pdu]: [dynamic] Wave2PDU: cBlockNo: 17 wFormatNo: 1 [WAVE_FORMAT_PCM] , align=4 wTimeStamp=0xe2d7, dwAudioTimeStamp=0x0000e2d7
[17:59:53:305] [95171:000173f5] [DEBUG][com.freerdp.channels.rdpsnd.client] - [rdpsnd_treat_wave]: [dynamic] Wave: cBlockNo: 17 wTimeStamp: 58071, size: 11288
[17:59:53:305] [95171:000173f5] [DEBUG][com.freerdp.channels.rdpsnd.client] - [audio_format_print]: WAVE_FORMAT_PCM:	 wFormatTag: 0x0001 nChannels: 2 nSamplesPerSec: 44100 nAvgBytesPerSec: 176400 nBlockAlign: 4 wBitsPerSample: 16 cbSize: 0
[17:59:53:312] [95171:000173f6] [DEBUG][com.freerdp.channels.rdpgfx.client] - [rdpgfx_read_h264_metablock]: H264_METABLOCK: numRegionRects: 10
[17:59:53:312] [95171:000173f6] [DEBUG][com.freerdp.channels.rdpgfx.client] - [rdpgfx_read_h264_metablock]: regionRects[0]: left: 0 top: 320 right: 64 bottom: 384
[17:59:53:312] [95171:000173f6] [DEBUG][com.freerdp.channels.rdpgfx.client] - [rdpgfx_read_h264_metablock]: regionRects[1]: left: 192 top: 320 right: 256 bottom: 384
[17:59:53:312] [95171:000173f6] [DEBUG][com.freerdp.channels.rdpgfx.client] - [rdpgfx_read_h264_metablock]: regionRects[2]: left: 0 top: 384 right: 64 bottom: 448
[17:59:53:312] [95171:000173f6] [DEBUG][com.freerdp.channels.rdpgfx.client] - [rdpgfx_read_h264_metablock]: regionRects[3]: left: 192 top: 384 right: 256 bottom: 448
[17:59:53:312] [95171:000173f6] [DEBUG][com.freerdp.channels.rdpgfx.client] - [rdpgfx_read_h264_metablock]: regionRects[4]: left: 0 top: 704 right: 64 bottom: 768
[17:59:53:312] [95171:000173f6] [DEBUG][com.freerdp.channels.rdpgfx.client] - [rdpgfx_read_h264_metablock]: regionRects[5]: left: 192 top: 704 right: 256 bottom: 768
[17:59:53:312] [95171:000173f6] [DEBUG][com.freerdp.channels.rdpgfx.client] - [rdpgfx_read_h264_metablock]: regionRects[6]: left: 0 top: 768 right: 64 bottom: 800
[17:59:53:312] [95171:000173f6] [DEBUG][com.freerdp.channels.rdpgfx.client] - [rdpgfx_read_h264_metablock]: regionRects[7]: left: 64 top: 768 right: 128 bottom: 800
[17:59:53:312] [95171:000173f6] [DEBUG][com.freerdp.channels.rdpgfx.client] - [rdpgfx_read_h264_metablock]: regionRects[8]: left: 128 top: 768 right: 192 bottom: 800
[17:59:53:312] [95171:000173f6] [DEBUG][com.freerdp.channels.rdpgfx.client] - [rdpgfx_read_h264_metablock]: regionRects[9]: left: 192 top: 768 right: 256 bottom: 800
[17:59:53:312] [95171:000173f6] [DEBUG][com.freerdp.channels.rdpgfx.client] - [rdpgfx_read_h264_metablock]: quantQualityVals[0]: qp: 0 r: 0 p: 0 qualityVal: 100
[17:59:53:312] [95171:000173f6] [DEBUG][com.freerdp.channels.rdpgfx.client] - [rdpgfx_read_h264_metablock]: quantQualityVals[1]: qp: 0 r: 0 p: 0 qualityVal: 100
[17:59:53:312] [95171:000173f6] [DEBUG][com.freerdp.channels.rdpgfx.client] - [rdpgfx_read_h264_metablock]: quantQualityVals[2]: qp: 0 r: 0 p: 0 qualityVal: 100
[17:59:53:312] [95171:000173f6] [DEBUG][com.freerdp.channels.rdpgfx.client] - [rdpgfx_read_h264_metablock]: quantQualityVals[3]: qp: 0 r: 0 p: 0 qualityVal: 100
[17:59:53:312] [95171:000173f6] [DEBUG][com.freerdp.channels.rdpgfx.client] - [rdpgfx_read_h264_metablock]: quantQualityVals[4]: qp: 0 r: 0 p: 0 qualityVal: 100
[17:59:53:312] [95171:000173f6] [DEBUG][com.freerdp.channels.rdpgfx.client] - [rdpgfx_read_h264_metablock]: quantQualityVals[5]: qp: 0 r: 0 p: 0 qualityVal: 100
[17:59:53:312] [95171:000173f6] [DEBUG][com.freerdp.channels.rdpgfx.client] - [rdpgfx_read_h264_metablock]: quantQualityVals[6]: qp: 0 r: 0 p: 0 qualityVal: 100
[17:59:53:312] [95171:000173f6] [DEBUG][com.freerdp.channels.rdpgfx.client] - [rdpgfx_read_h264_metablock]: quantQualityVals[7]: qp: 0 r: 0 p: 0 qualityVal: 100
[17:59:53:312] [95171:000173f6] [DEBUG][com.freerdp.channels.rdpgfx.client] - [rdpgfx_read_h264_metablock]: quantQualityVals[8]: qp: 0 r: 0 p: 0 qualityVal: 100
[17:59:53:312] [95171:000173f6] [DEBUG][com.freerdp.channels.rdpgfx.client] - [rdpgfx_read_h264_metablock]: quantQualityVals[9]: qp: 0 r: 0 p: 0 qualityVal: 100
[17:59:53:372] [95171:000173f5] [DEBUG][com.freerdp.channels.rdpsnd.client] - [rdpsnd_recv_wave2_pdu]: [dynamic] Wave2PDU: cBlockNo: 18 wFormatNo: 1 [WAVE_FORMAT_PCM] , align=4 wTimeStamp=0xe31a, dwAudioTimeStamp=0x0000e31a
[17:59:53:372] [95171:000173f5] [DEBUG][com.freerdp.channels.rdpsnd.client] - [rdpsnd_treat_wave]: [dynamic] Wave: cBlockNo: 18 wTimeStamp: 58138, size: 12232
[17:59:53:372] [95171:000173f5] [DEBUG][com.freerdp.channels.rdpsnd.client] - [audio_format_print]: WAVE_FORMAT_PCM:	 wFormatTag: 0x0001 nChannels: 2 nSamplesPerSec: 44100 nAvgBytesPerSec: 176400 nBlockAlign: 4 wBitsPerSample: 16 cbSize: 0
[17:59:53:412] [95171:000173f6] [DEBUG][com.freerdp.channels.rdpgfx.client] - [rdpgfx_read_h264_metablock]: H264_METABLOCK: numRegionRects: 10
[17:59:53:412] [95171:000173f6] [DEBUG][com.freerdp.channels.rdpgfx.client] - [rdpgfx_read_h264_metablock]: regionRects[0]: left: 0 top: 320 right: 64 bottom: 384
[17:59:53:412] [95171:000173f6] [DEBUG][com.freerdp.channels.rdpgfx.client] - [rdpgfx_read_h264_metablock]: regionRects[1]: left: 192 top: 320 right: 256 bottom: 384
[17:59:53:412] [95171:000173f6] [DEBUG][com.freerdp.channels.rdpgfx.client] - [rdpgfx_read_h264_metablock]: regionRects[2]: left: 0 top: 384 right: 64 bottom: 448
[17:59:53:412] [95171:000173f6] [DEBUG][com.freerdp.channels.rdpgfx.client] - [rdpgfx_read_h264_metablock]: regionRects[3]: left: 192 top: 384 right: 256 bottom: 448
[17:59:53:412] [95171:000173f6] [DEBUG][com.freerdp.channels.rdpgfx.client] - [rdpgfx_read_h264_metablock]: regionRects[4]: left: 0 top: 704 right: 64 bottom: 768
[17:59:53:412] [95171:000173f6] [DEBUG][com.freerdp.channels.rdpgfx.client] - [rdpgfx_read_h264_metablock]: regionRects[5]: left: 192 top: 704 right: 256 bottom: 768
[17:59:53:412] [95171:000173f6] [DEBUG][com.freerdp.channels.rdpgfx.client] - [rdpgfx_read_h264_metablock]: regionRects[6]: left: 0 top: 768 right: 64 bottom: 800
[17:59:53:412] [95171:000173f6] [DEBUG][com.freerdp.channels.rdpgfx.client] - [rdpgfx_read_h264_metablock]: regionRects[7]: left: 64 top: 768 right: 128 bottom: 800
[17:59:53:412] [95171:000173f6] [DEBUG][com.freerdp.channels.rdpgfx.client] - [rdpgfx_read_h264_metablock]: regionRects[8]: left: 128 top: 768 right: 192 bottom: 800
[17:59:53:412] [95171:000173f6] [DEBUG][com.freerdp.channels.rdpgfx.client] - [rdpgfx_read_h264_metablock]: regionRects[9]: left: 192 top: 768 right: 256 bottom: 800
[17:59:53:412] [95171:000173f6] [DEBUG][com.freerdp.channels.rdpgfx.client] - [rdpgfx_read_h264_metablock]: quantQualityVals[0]: qp: 0 r: 0 p: 0 qualityVal: 100
[17:59:53:412] [95171:000173f6] [DEBUG][com.freerdp.channels.rdpgfx.client] - [rdpgfx_read_h264_metablock]: quantQualityVals[1]: qp: 0 r: 0 p: 0 qualityVal: 100
[17:59:53:412] [95171:000173f6] [DEBUG][com.freerdp.channels.rdpgfx.client] - [rdpgfx_read_h264_metablock]: quantQualityVals[2]: qp: 0 r: 0 p: 0 qualityVal: 100
[17:59:53:412] [95171:000173f6] [DEBUG][com.freerdp.channels.rdpgfx.client] - [rdpgfx_read_h264_metablock]: quantQualityVals[3]: qp: 0 r: 0 p: 0 qualityVal: 100
[17:59:53:412] [95171:000173f6] [DEBUG][com.freerdp.channels.rdpgfx.client] - [rdpgfx_read_h264_metablock]: quantQualityVals[4]: qp: 0 r: 0 p: 0 qualityVal: 100
[17:59:53:412] [95171:000173f6] [DEBUG][com.freerdp.channels.rdpgfx.client] - [rdpgfx_read_h264_metablock]: quantQualityVals[5]: qp: 0 r: 0 p: 0 qualityVal: 100
[17:59:53:412] [95171:000173f6] [DEBUG][com.freerdp.channels.rdpgfx.client] - [rdpgfx_read_h264_metablock]: quantQualityVals[6]: qp: 0 r: 0 p: 0 qualityVal: 100
[17:59:53:412] [95171:000173f6] [DEBUG][com.freerdp.channels.rdpgfx.client] - [rdpgfx_read_h264_metablock]: quantQualityVals[7]: qp: 0 r: 0 p: 0 qualityVal: 100
[17:59:53:412] [95171:000173f6] [DEBUG][com.freerdp.channels.rdpgfx.client] - [rdpgfx_read_h264_metablock]: quantQualityVals[8]: qp: 0 r: 0 p: 0 qualityVal: 100
[17:59:53:412] [95171:000173f6] [DEBUG][com.freerdp.channels.rdpgfx.client] - [rdpgfx_read_h264_metablock]: quantQualityVals[9]: qp: 0 r: 0 p: 0 qualityVal: 100
[17:59:53:438] [95171:000173f5] [DEBUG][com.freerdp.channels.rdpsnd.client] - [rdpsnd_recv_wave2_pdu]: [dynamic] Wave2PDU: cBlockNo: 19 wFormatNo: 1 [WAVE_FORMAT_PCM] , align=4 wTimeStamp=0xe35c, dwAudioTimeStamp=0x0000e35c
[17:59:53:438] [95171:000173f5] [DEBUG][com.freerdp.channels.rdpsnd.client] - [rdpsnd_treat_wave]: [dynamic] Wave: cBlockNo: 19 wTimeStamp: 58204, size: 11288
[17:59:53:438] [95171:000173f5] [DEBUG][com.freerdp.channels.rdpsnd.client] - [audio_format_print]: WAVE_FORMAT_PCM:	 wFormatTag: 0x0001 nChannels: 2 nSamplesPerSec: 44100 nAvgBytesPerSec: 176400 nBlockAlign: 4 wBitsPerSample: 16 cbSize: 0
[17:59:53:445] [95171:000173f6] [DEBUG][com.freerdp.channels.rdpgfx.client] - [rdpgfx_read_h264_metablock]: H264_METABLOCK: numRegionRects: 10
[17:59:53:445] [95171:000173f6] [DEBUG][com.freerdp.channels.rdpgfx.client] - [rdpgfx_read_h264_metablock]: regionRects[0]: left: 0 top: 320 right: 64 bottom: 384
[17:59:53:445] [95171:000173f6] [DEBUG][com.freerdp.channels.rdpgfx.client] - [rdpgfx_read_h264_metablock]: regionRects[1]: left: 192 top: 320 right: 256 bottom: 384
[17:59:53:445] [95171:000173f6] [DEBUG][com.freerdp.channels.rdpgfx.client] - [rdpgfx_read_h264_metablock]: regionRects[2]: left: 0 top: 384 right: 64 bottom: 448
[17:59:53:445] [95171:000173f6] [DEBUG][com.freerdp.channels.rdpgfx.client] - [rdpgfx_read_h264_metablock]: regionRects[3]: left: 192 top: 384 right: 256 bottom: 448
[17:59:53:445] [95171:000173f6] [DEBUG][com.freerdp.channels.rdpgfx.client] - [rdpgfx_read_h264_metablock]: regionRects[4]: left: 0 top: 704 right: 64 bottom: 768
[17:59:53:445] [95171:000173f6] [DEBUG][com.freerdp.channels.rdpgfx.client] - [rdpgfx_read_h264_metablock]: regionRects[5]: left: 192 top: 704 right: 256 bottom: 768
[17:59:53:445] [95171:000173f6] [DEBUG][com.freerdp.channels.rdpgfx.client] - [rdpgfx_read_h264_metablock]: regionRects[6]: left: 0 top: 768 right: 64 bottom: 800
[17:59:53:445] [95171:000173f6] [DEBUG][com.freerdp.channels.rdpgfx.client] - [rdpgfx_read_h264_metablock]: regionRects[7]: left: 64 top: 768 right: 128 bottom: 800
[17:59:53:445] [95171:000173f6] [DEBUG][com.freerdp.channels.rdpgfx.client] - [rdpgfx_read_h264_metablock]: regionRects[8]: left: 128 top: 768 right: 192 bottom: 800
[17:59:53:445] [95171:000173f6] [DEBUG][com.freerdp.channels.rdpgfx.client] - [rdpgfx_read_h264_metablock]: regionRects[9]: left: 192 top: 768 right: 256 bottom: 800
[17:59:53:445] [95171:000173f6] [DEBUG][com.freerdp.channels.rdpgfx.client] - [rdpgfx_read_h264_metablock]: quantQualityVals[0]: qp: 0 r: 0 p: 0 qualityVal: 100
[17:59:53:445] [95171:000173f6] [DEBUG][com.freerdp.channels.rdpgfx.client] - [rdpgfx_read_h264_metablock]: quantQualityVals[1]: qp: 0 r: 0 p: 0 qualityVal: 100
[17:59:53:445] [95171:000173f6] [DEBUG][com.freerdp.channels.rdpgfx.client] - [rdpgfx_read_h264_metablock]: quantQualityVals[2]: qp: 0 r: 0 p: 0 qualityVal: 100
[17:59:53:445] [95171:000173f6] [DEBUG][com.freerdp.channels.rdpgfx.client] - [rdpgfx_read_h264_metablock]: quantQualityVals[3]: qp: 0 r: 0 p: 0 qualityVal: 100
[17:59:53:445] [95171:000173f6] [DEBUG][com.freerdp.channels.rdpgfx.client] - [rdpgfx_read_h264_metablock]: quantQualityVals[4]: qp: 0 r: 0 p: 0 qualityVal: 100
[17:59:53:445] [95171:000173f6] [DEBUG][com.freerdp.channels.rdpgfx.client] - [rdpgfx_read_h264_metablock]: quantQualityVals[5]: qp: 0 r: 0 p: 0 qualityVal: 100
[17:59:53:445] [95171:000173f6] [DEBUG][com.freerdp.channels.rdpgfx.client] - [rdpgfx_read_h264_metablock]: quantQualityVals[6]: qp: 0 r: 0 p: 0 qualityVal: 100
[17:59:53:445] [95171:000173f6] [DEBUG][com.freerdp.channels.rdpgfx.client] - [rdpgfx_read_h264_metablock]: quantQualityVals[7]: qp: 0 r: 0 p: 0 qualityVal: 100
[17:59:53:445] [95171:000173f6] [DEBUG][com.freerdp.channels.rdpgfx.client] - [rdpgfx_read_h264_metablock]: quantQualityVals[8]: qp: 0 r: 0 p: 0 qualityVal: 100
[17:59:53:445] [95171:000173f6] [DEBUG][com.freerdp.channels.rdpgfx.client] - [rdpgfx_read_h264_metablock]: quantQualityVals[9]: qp: 0 r: 0 p: 0 qualityVal: 100
[17:59:53:505] [95171:000173f5] [DEBUG][com.freerdp.channels.rdpsnd.client] - [rdpsnd_recv_wave2_pdu]: [dynamic] Wave2PDU: cBlockNo: 20 wFormatNo: 1 [WAVE_FORMAT_PCM] , align=4 wTimeStamp=0xe39e, dwAudioTimeStamp=0x0000e39e
[17:59:53:505] [95171:000173f5] [DEBUG][com.freerdp.channels.rdpsnd.client] - [rdpsnd_treat_wave]: [dynamic] Wave: cBlockNo: 20 wTimeStamp: 58270, size: 12232
[17:59:53:505] [95171:000173f5] [DEBUG][com.freerdp.channels.rdpsnd.client] - [audio_format_print]: WAVE_FORMAT_PCM:	 wFormatTag: 0x0001 nChannels: 2 nSamplesPerSec: 44100 nAvgBytesPerSec: 176400 nBlockAlign: 4 wBitsPerSample: 16 cbSize: 0
[17:59:53:573] [95171:000173f5] [DEBUG][com.freerdp.channels.rdpsnd.client] - [rdpsnd_recv_wave2_pdu]: [dynamic] Wave2PDU: cBlockNo: 21 wFormatNo: 1 [WAVE_FORMAT_PCM] , align=4 wTimeStamp=0xe3e2, dwAudioTimeStamp=0x0000e3e2
[17:59:53:573] [95171:000173f5] [DEBUG][com.freerdp.channels.rdpsnd.client] - [rdpsnd_treat_wave]: [dynamic] Wave: cBlockNo: 21 wTimeStamp: 58338, size: 11288
[17:59:53:573] [95171:000173f5] [DEBUG][com.freerdp.channels.rdpsnd.client] - [audio_format_print]: WAVE_FORMAT_PCM:	 wFormatTag: 0x0001 nChannels: 2 nSamplesPerSec: 44100 nAvgBytesPerSec: 176400 nBlockAlign: 4 wBitsPerSample: 16 cbSize: 0
[17:59:53:639] [95171:000173f5] [DEBUG][com.freerdp.channels.rdpsnd.client] - [rdpsnd_recv_wave2_pdu]: [dynamic] Wave2PDU: cBlockNo: 22 wFormatNo: 1 [WAVE_FORMAT_PCM] , align=4 wTimeStamp=0xe425, dwAudioTimeStamp=0x0000e425
[17:59:53:639] [95171:000173f5] [DEBUG][com.freerdp.channels.rdpsnd.client] - [rdpsnd_treat_wave]: [dynamic] Wave: cBlockNo: 22 wTimeStamp: 58405, size: 12232
[17:59:53:639] [95171:000173f5] [DEBUG][com.freerdp.channels.rdpsnd.client] - [audio_format_print]: WAVE_FORMAT_PCM:	 wFormatTag: 0x0001 nChannels: 2 nSamplesPerSec: 44100 nAvgBytesPerSec: 176400 nBlockAlign: 4 wBitsPerSample: 16 cbSize: 0
[17:59:53:647] [95171:000173f6] [DEBUG][com.freerdp.channels.rdpgfx.client] - [rdpgfx_read_h264_metablock]: H264_METABLOCK: numRegionRects: 10
[17:59:53:647] [95171:000173f6] [DEBUG][com.freerdp.channels.rdpgfx.client] - [rdpgfx_read_h264_metablock]: regionRects[0]: left: 0 top: 320 right: 64 bottom: 384
[17:59:53:647] [95171:000173f6] [DEBUG][com.freerdp.channels.rdpgfx.client] - [rdpgfx_read_h264_metablock]: regionRects[1]: left: 192 top: 320 right: 256 bottom: 384
[17:59:53:647] [95171:000173f6] [DEBUG][com.freerdp.channels.rdpgfx.client] - [rdpgfx_read_h264_metablock]: regionRects[2]: left: 0 top: 384 right: 64 bottom: 448
[17:59:53:647] [95171:000173f6] [DEBUG][com.freerdp.channels.rdpgfx.client] - [rdpgfx_read_h264_metablock]: regionRects[3]: left: 192 top: 384 right: 256 bottom: 448
[17:59:53:647] [95171:000173f6] [DEBUG][com.freerdp.channels.rdpgfx.client] - [rdpgfx_read_h264_metablock]: regionRects[4]: left: 0 top: 704 right: 64 bottom: 768
[17:59:53:647] [95171:000173f6] [DEBUG][com.freerdp.channels.rdpgfx.client] - [rdpgfx_read_h264_metablock]: regionRects[5]: left: 192 top: 704 right: 256 bottom: 768
[17:59:53:647] [95171:000173f6] [DEBUG][com.freerdp.channels.rdpgfx.client] - [rdpgfx_read_h264_metablock]: regionRects[6]: left: 0 top: 768 right: 64 bottom: 800
[17:59:53:647] [95171:000173f6] [DEBUG][com.freerdp.channels.rdpgfx.client] - [rdpgfx_read_h264_metablock]: regionRects[7]: left: 64 top: 768 right: 128 bottom: 800
[17:59:53:647] [95171:000173f6] [DEBUG][com.freerdp.channels.rdpgfx.client] - [rdpgfx_read_h264_metablock]: regionRects[8]: left: 128 top: 768 right: 192 bottom: 800
[17:59:53:647] [95171:000173f6] [DEBUG][com.freerdp.channels.rdpgfx.client] - [rdpgfx_read_h264_metablock]: regionRects[9]: left: 192 top: 768 right: 256 bottom: 800
[17:59:53:647] [95171:000173f6] [DEBUG][com.freerdp.channels.rdpgfx.client] - [rdpgfx_read_h264_metablock]: quantQualityVals[0]: qp: 0 r: 0 p: 0 qualityVal: 100
[17:59:53:647] [95171:000173f6] [DEBUG][com.freerdp.channels.rdpgfx.client] - [rdpgfx_read_h264_metablock]: quantQualityVals[1]: qp: 0 r: 0 p: 0 qualityVal: 100
[17:59:53:647] [95171:000173f6] [DEBUG][com.freerdp.channels.rdpgfx.client] - [rdpgfx_read_h264_metablock]: quantQualityVals[2]: qp: 0 r: 0 p: 0 qualityVal: 100
[17:59:53:647] [95171:000173f6] [DEBUG][com.freerdp.channels.rdpgfx.client] - [rdpgfx_read_h264_metablock]: quantQualityVals[3]: qp: 0 r: 0 p: 0 qualityVal: 100
[17:59:53:647] [95171:000173f6] [DEBUG][com.freerdp.channels.rdpgfx.client] - [rdpgfx_read_h264_metablock]: quantQualityVals[4]: qp: 0 r: 0 p: 0 qualityVal: 100
[17:59:53:647] [95171:000173f6] [DEBUG][com.freerdp.channels.rdpgfx.client] - [rdpgfx_read_h264_metablock]: quantQualityVals[5]: qp: 0 r: 0 p: 0 qualityVal: 100
[17:59:53:647] [95171:000173f6] [DEBUG][com.freerdp.channels.rdpgfx.client] - [rdpgfx_read_h264_metablock]: quantQualityVals[6]: qp: 0 r: 0 p: 0 qualityVal: 100
[17:59:53:647] [95171:000173f6] [DEBUG][com.freerdp.channels.rdpgfx.client] - [rdpgfx_read_h264_metablock]: quantQualityVals[7]: qp: 0 r: 0 p: 0 qualityVal: 100
[17:59:53:647] [95171:000173f6] [DEBUG][com.freerdp.channels.rdpgfx.client] - [rdpgfx_read_h264_metablock]: quantQualityVals[8]: qp: 0 r: 0 p: 0 qualityVal: 100
[17:59:53:647] [95171:000173f6] [DEBUG][com.freerdp.channels.rdpgfx.client] - [rdpgfx_read_h264_metablock]: quantQualityVals[9]: qp: 0 r: 0 p: 0 qualityVal: 100
[17:59:53:705] [95171:000173f5] [DEBUG][com.freerdp.channels.rdpsnd.client] - [rdpsnd_recv_wave2_pdu]: [dynamic] Wave2PDU: cBlockNo: 23 wFormatNo: 1 [WAVE_FORMAT_PCM] , align=4 wTimeStamp=0xe466, dwAudioTimeStamp=0x0000e466
[17:59:53:705] [95171:000173f5] [DEBUG][com.freerdp.channels.rdpsnd.client] - [rdpsnd_treat_wave]: [dynamic] Wave: cBlockNo: 23 wTimeStamp: 58470, size: 11288
[17:59:53:705] [95171:000173f5] [DEBUG][com.freerdp.channels.rdpsnd.client] - [audio_format_print]: WAVE_FORMAT_PCM:	 wFormatTag: 0x0001 nChannels: 2 nSamplesPerSec: 44100 nAvgBytesPerSec: 176400 nBlockAlign: 4 wBitsPerSample: 16 cbSize: 0
[17:59:53:710] [95171:000173f6] [DEBUG][com.freerdp.channels.rdpgfx.client] - [rdpgfx_read_h264_metablock]: H264_METABLOCK: numRegionRects: 10
[17:59:53:710] [95171:000173f6] [DEBUG][com.freerdp.channels.rdpgfx.client] - [rdpgfx_read_h264_metablock]: regionRects[0]: left: 0 top: 320 right: 64 bottom: 384
[17:59:53:710] [95171:000173f6] [DEBUG][com.freerdp.channels.rdpgfx.client] - [rdpgfx_read_h264_metablock]: regionRects[1]: left: 192 top: 320 right: 256 bottom: 384
[17:59:53:710] [95171:000173f6] [DEBUG][com.freerdp.channels.rdpgfx.client] - [rdpgfx_read_h264_metablock]: regionRects[2]: left: 0 top: 384 right: 64 bottom: 448
[17:59:53:710] [95171:000173f6] [DEBUG][com.freerdp.channels.rdpgfx.client] - [rdpgfx_read_h264_metablock]: regionRects[3]: left: 192 top: 384 right: 256 bottom: 448
[17:59:53:710] [95171:000173f6] [DEBUG][com.freerdp.channels.rdpgfx.client] - [rdpgfx_read_h264_metablock]: regionRects[4]: left: 0 top: 704 right: 64 bottom: 768
[17:59:53:710] [95171:000173f6] [DEBUG][com.freerdp.channels.rdpgfx.client] - [rdpgfx_read_h264_metablock]: regionRects[5]: left: 192 top: 704 right: 256 bottom: 768
[17:59:53:710] [95171:000173f6] [DEBUG][com.freerdp.channels.rdpgfx.client] - [rdpgfx_read_h264_metablock]: regionRects[6]: left: 0 top: 768 right: 64 bottom: 800
[17:59:53:710] [95171:000173f6] [DEBUG][com.freerdp.channels.rdpgfx.client] - [rdpgfx_read_h264_metablock]: regionRects[7]: left: 64 top: 768 right: 128 bottom: 800
[17:59:53:710] [95171:000173f6] [DEBUG][com.freerdp.channels.rdpgfx.client] - [rdpgfx_read_h264_metablock]: regionRects[8]: left: 128 top: 768 right: 192 bottom: 800
[17:59:53:710] [95171:000173f6] [DEBUG][com.freerdp.channels.rdpgfx.client] - [rdpgfx_read_h264_metablock]: regionRects[9]: left: 192 top: 768 right: 256 bottom: 800
[17:59:53:710] [95171:000173f6] [DEBUG][com.freerdp.channels.rdpgfx.client] - [rdpgfx_read_h264_metablock]: quantQualityVals[0]: qp: 0 r: 0 p: 0 qualityVal: 100
[17:59:53:710] [95171:000173f6] [DEBUG][com.freerdp.channels.rdpgfx.client] - [rdpgfx_read_h264_metablock]: quantQualityVals[1]: qp: 0 r: 0 p: 0 qualityVal: 100
[17:59:53:710] [95171:000173f6] [DEBUG][com.freerdp.channels.rdpgfx.client] - [rdpgfx_read_h264_metablock]: quantQualityVals[2]: qp: 0 r: 0 p: 0 qualityVal: 100
[17:59:53:710] [95171:000173f6] [DEBUG][com.freerdp.channels.rdpgfx.client] - [rdpgfx_read_h264_metablock]: quantQualityVals[3]: qp: 0 r: 0 p: 0 qualityVal: 100
[17:59:53:710] [95171:000173f6] [DEBUG][com.freerdp.channels.rdpgfx.client] - [rdpgfx_read_h264_metablock]: quantQualityVals[4]: qp: 0 r: 0 p: 0 qualityVal: 100
[17:59:53:710] [95171:000173f6] [DEBUG][com.freerdp.channels.rdpgfx.client] - [rdpgfx_read_h264_metablock]: quantQualityVals[5]: qp: 0 r: 0 p: 0 qualityVal: 100
[17:59:53:710] [95171:000173f6] [DEBUG][com.freerdp.channels.rdpgfx.client] - [rdpgfx_read_h264_metablock]: quantQualityVals[6]: qp: 0 r: 0 p: 0 qualityVal: 100
[17:59:53:710] [95171:000173f6] [DEBUG][com.freerdp.channels.rdpgfx.client] - [rdpgfx_read_h264_metablock]: quantQualityVals[7]: qp: 0 r: 0 p: 0 qualityVal: 100
[17:59:53:710] [95171:000173f6] [DEBUG][com.freerdp.channels.rdpgfx.client] - [rdpgfx_read_h264_metablock]: quantQualityVals[8]: qp: 0 r: 0 p: 0 qualityVal: 100
[17:59:53:710] [95171:000173f6] [DEBUG][com.freerdp.channels.rdpgfx.client] - [rdpgfx_read_h264_metablock]: quantQualityVals[9]: qp: 0 r: 0 p: 0 qualityVal: 100
[17:59:53:744] [95171:000173f6] [DEBUG][com.freerdp.channels.rdpgfx.client] - [rdpgfx_read_h264_metablock]: H264_METABLOCK: numRegionRects: 4
[17:59:53:744] [95171:000173f6] [DEBUG][com.freerdp.channels.rdpgfx.client] - [rdpgfx_read_h264_metablock]: regionRects[0]: left: 0 top: 320 right: 64 bottom: 384
[17:59:53:744] [95171:000173f6] [DEBUG][com.freerdp.channels.rdpgfx.client] - [rdpgfx_read_h264_metablock]: regionRects[1]: left: 0 top: 384 right: 64 bottom: 448
[17:59:53:744] [95171:000173f6] [DEBUG][com.freerdp.channels.rdpgfx.client] - [rdpgfx_read_h264_metablock]: regionRects[2]: left: 0 top: 704 right: 64 bottom: 768
[17:59:53:744] [95171:000173f6] [DEBUG][com.freerdp.channels.rdpgfx.client] - [rdpgfx_read_h264_metablock]: regionRects[3]: left: 0 top: 768 right: 64 bottom: 800
[17:59:53:744] [95171:000173f6] [DEBUG][com.freerdp.channels.rdpgfx.client] - [rdpgfx_read_h264_metablock]: quantQualityVals[0]: qp: 0 r: 0 p: 0 qualityVal: 100
[17:59:53:744] [95171:000173f6] [DEBUG][com.freerdp.channels.rdpgfx.client] - [rdpgfx_read_h264_metablock]: quantQualityVals[1]: qp: 0 r: 0 p: 0 qualityVal: 100
[17:59:53:744] [95171:000173f6] [DEBUG][com.freerdp.channels.rdpgfx.client] - [rdpgfx_read_h264_metablock]: quantQualityVals[2]: qp: 0 r: 0 p: 0 qualityVal: 100
[17:59:53:744] [95171:000173f6] [DEBUG][com.freerdp.channels.rdpgfx.client] - [rdpgfx_read_h264_metablock]: quantQualityVals[3]: qp: 0 r: 0 p: 0 qualityVal: 100
[17:59:53:771] [95171:000173f5] [DEBUG][com.freerdp.channels.rdpsnd.client] - [rdpsnd_recv_wave2_pdu]: [dynamic] Wave2PDU: cBlockNo: 24 wFormatNo: 1 [WAVE_FORMAT_PCM] , align=4 wTimeStamp=0xe4a9, dwAudioTimeStamp=0x0000e4a9
[17:59:53:771] [95171:000173f5] [DEBUG][com.freerdp.channels.rdpsnd.client] - [rdpsnd_treat_wave]: [dynamic] Wave: cBlockNo: 24 wTimeStamp: 58537, size: 12232
[17:59:53:771] [95171:000173f5] [DEBUG][com.freerdp.channels.rdpsnd.client] - [audio_format_print]: WAVE_FORMAT_PCM:	 wFormatTag: 0x0001 nChannels: 2 nSamplesPerSec: 44100 nAvgBytesPerSec: 176400 nBlockAlign: 4 wBitsPerSample: 16 cbSize: 0
[17:59:53:838] [95171:000173f5] [DEBUG][com.freerdp.channels.rdpsnd.client] - [rdpsnd_recv_wave2_pdu]: [dynamic] Wave2PDU: cBlockNo: 25 wFormatNo: 1 [WAVE_FORMAT_PCM] , align=4 wTimeStamp=0xe4eb, dwAudioTimeStamp=0x0000e4eb
[17:59:53:838] [95171:000173f5] [DEBUG][com.freerdp.channels.rdpsnd.client] - [rdpsnd_treat_wave]: [dynamic] Wave: cBlockNo: 25 wTimeStamp: 58603, size: 11288
[17:59:53:838] [95171:000173f5] [DEBUG][com.freerdp.channels.rdpsnd.client] - [audio_format_print]: WAVE_FORMAT_PCM:	 wFormatTag: 0x0001 nChannels: 2 nSamplesPerSec: 44100 nAvgBytesPerSec: 176400 nBlockAlign: 4 wBitsPerSample: 16 cbSize: 0
[17:59:53:846] [95171:000173f6] [DEBUG][com.freerdp.channels.rdpgfx.client] - [rdpgfx_read_h264_metablock]: H264_METABLOCK: numRegionRects: 4
[17:59:53:846] [95171:000173f6] [DEBUG][com.freerdp.channels.rdpgfx.client] - [rdpgfx_read_h264_metablock]: regionRects[0]: left: 0 top: 768 right: 64 bottom: 800
[17:59:53:846] [95171:000173f6] [DEBUG][com.freerdp.channels.rdpgfx.client] - [rdpgfx_read_h264_metablock]: regionRects[1]: left: 64 top: 768 right: 128 bottom: 800
[17:59:53:846] [95171:000173f6] [DEBUG][com.freerdp.channels.rdpgfx.client] - [rdpgfx_read_h264_metablock]: regionRects[2]: left: 128 top: 768 right: 192 bottom: 800
[17:59:53:846] [95171:000173f6] [DEBUG][com.freerdp.channels.rdpgfx.client] - [rdpgfx_read_h264_metablock]: regionRects[3]: left: 192 top: 768 right: 256 bottom: 800
[17:59:53:846] [95171:000173f6] [DEBUG][com.freerdp.channels.rdpgfx.client] - [rdpgfx_read_h264_metablock]: quantQualityVals[0]: qp: 0 r: 0 p: 0 qualityVal: 100
[17:59:53:846] [95171:000173f6] [DEBUG][com.freerdp.channels.rdpgfx.client] - [rdpgfx_read_h264_metablock]: quantQualityVals[1]: qp: 0 r: 0 p: 0 qualityVal: 100
[17:59:53:846] [95171:000173f6] [DEBUG][com.freerdp.channels.rdpgfx.client] - [rdpgfx_read_h264_metablock]: quantQualityVals[2]: qp: 0 r: 0 p: 0 qualityVal: 100
[17:59:53:846] [95171:000173f6] [DEBUG][com.freerdp.channels.rdpgfx.client] - [rdpgfx_read_h264_metablock]: quantQualityVals[3]: qp: 0 r: 0 p: 0 qualityVal: 100
[17:59:53:879] [95171:000173f6] [DEBUG][com.freerdp.channels.rdpgfx.client] - [rdpgfx_read_h264_metablock]: H264_METABLOCK: numRegionRects: 4
[17:59:53:879] [95171:000173f6] [DEBUG][com.freerdp.channels.rdpgfx.client] - [rdpgfx_read_h264_metablock]: regionRects[0]: left: 0 top: 768 right: 64 bottom: 800
[17:59:53:879] [95171:000173f6] [DEBUG][com.freerdp.channels.rdpgfx.client] - [rdpgfx_read_h264_metablock]: regionRects[1]: left: 64 top: 768 right: 128 bottom: 800
[17:59:53:879] [95171:000173f6] [DEBUG][com.freerdp.channels.rdpgfx.client] - [rdpgfx_read_h264_metablock]: regionRects[2]: left: 128 top: 768 right: 192 bottom: 800
[17:59:53:879] [95171:000173f6] [DEBUG][com.freerdp.channels.rdpgfx.client] - [rdpgfx_read_h264_metablock]: regionRects[3]: left: 192 top: 768 right: 256 bottom: 800
[17:59:53:879] [95171:000173f6] [DEBUG][com.freerdp.channels.rdpgfx.client] - [rdpgfx_read_h264_metablock]: quantQualityVals[0]: qp: 0 r: 0 p: 0 qualityVal: 100
[17:59:53:879] [95171:000173f6] [DEBUG][com.freerdp.channels.rdpgfx.client] - [rdpgfx_read_h264_metablock]: quantQualityVals[1]: qp: 0 r: 0 p: 0 qualityVal: 100
[17:59:53:879] [95171:000173f6] [DEBUG][com.freerdp.channels.rdpgfx.client] - [rdpgfx_read_h264_metablock]: quantQualityVals[2]: qp: 0 r: 0 p: 0 qualityVal: 100
[17:59:53:879] [95171:000173f6] [DEBUG][com.freerdp.channels.rdpgfx.client] - [rdpgfx_read_h264_metablock]: quantQualityVals[3]: qp: 0 r: 0 p: 0 qualityVal: 100
[17:59:53:903] [95171:000173f5] [DEBUG][com.freerdp.channels.rdpsnd.client] - [rdpsnd_recv_wave2_pdu]: [dynamic] Wave2PDU: cBlockNo: 26 wFormatNo: 1 [WAVE_FORMAT_PCM] , align=4 wTimeStamp=0xe52d, dwAudioTimeStamp=0x0000e52d
[17:59:53:903] [95171:000173f5] [DEBUG][com.freerdp.channels.rdpsnd.client] - [rdpsnd_treat_wave]: [dynamic] Wave: cBlockNo: 26 wTimeStamp: 58669, size: 11292
[17:59:53:903] [95171:000173f5] [DEBUG][com.freerdp.channels.rdpsnd.client] - [audio_format_print]: WAVE_FORMAT_PCM:	 wFormatTag: 0x0001 nChannels: 2 nSamplesPerSec: 44100 nAvgBytesPerSec: 176400 nBlockAlign: 4 wBitsPerSample: 16 cbSize: 0
[17:59:53:969] [95171:000173f5] [DEBUG][com.freerdp.channels.rdpsnd.client] - [rdpsnd_recv_wave2_pdu]: [dynamic] Wave2PDU: cBlockNo: 27 wFormatNo: 1 [WAVE_FORMAT_PCM] , align=4 wTimeStamp=0xe56f, dwAudioTimeStamp=0x0000e56f
[17:59:53:969] [95171:000173f5] [DEBUG][com.freerdp.channels.rdpsnd.client] - [rdpsnd_treat_wave]: [dynamic] Wave: cBlockNo: 27 wTimeStamp: 58735, size: 12228
[17:59:53:969] [95171:000173f5] [DEBUG][com.freerdp.channels.rdpsnd.client] - [audio_format_print]: WAVE_FORMAT_PCM:	 wFormatTag: 0x0001 nChannels: 2 nSamplesPerSec: 44100 nAvgBytesPerSec: 176400 nBlockAlign: 4 wBitsPerSample: 16 cbSize: 0
[17:59:54:035] [95171:000173f5] [DEBUG][com.freerdp.channels.rdpsnd.client] - [rdpsnd_recv_wave2_pdu]: [dynamic] Wave2PDU: cBlockNo: 28 wFormatNo: 1 [WAVE_FORMAT_PCM] , align=4 wTimeStamp=0xe5b1, dwAudioTimeStamp=0x0000e5b1
[17:59:54:035] [95171:000173f5] [DEBUG][com.freerdp.channels.rdpsnd.client] - [rdpsnd_treat_wave]: [dynamic] Wave: cBlockNo: 28 wTimeStamp: 58801, size: 11292
[17:59:54:035] [95171:000173f5] [DEBUG][com.freerdp.channels.rdpsnd.client] - [audio_format_print]: WAVE_FORMAT_PCM:	 wFormatTag: 0x0001 nChannels: 2 nSamplesPerSec: 44100 nAvgBytesPerSec: 176400 nBlockAlign: 4 wBitsPerSample: 16 cbSize: 0
[17:59:54:101] [95171:000173f5] [DEBUG][com.freerdp.channels.rdpsnd.client] - [rdpsnd_recv_wave2_pdu]: [dynamic] Wave2PDU: cBlockNo: 29 wFormatNo: 1 [WAVE_FORMAT_PCM] , align=4 wTimeStamp=0xe5f3, dwAudioTimeStamp=0x0000e5f3
[17:59:54:101] [95171:000173f5] [DEBUG][com.freerdp.channels.rdpsnd.client] - [rdpsnd_treat_wave]: [dynamic] Wave: cBlockNo: 29 wTimeStamp: 58867, size: 11288
[17:59:54:101] [95171:000173f5] [DEBUG][com.freerdp.channels.rdpsnd.client] - [audio_format_print]: WAVE_FORMAT_PCM:	 wFormatTag: 0x0001 nChannels: 2 nSamplesPerSec: 44100 nAvgBytesPerSec: 176400 nBlockAlign: 4 wBitsPerSample: 16 cbSize: 0
[17:59:54:167] [95171:000173f5] [DEBUG][com.freerdp.channels.rdpsnd.client] - [rdpsnd_recv_wave2_pdu]: [dynamic] Wave2PDU: cBlockNo: 30 wFormatNo: 1 [WAVE_FORMAT_PCM] , align=4 wTimeStamp=0xe635, dwAudioTimeStamp=0x0000e635
[17:59:54:167] [95171:000173f5] [DEBUG][com.freerdp.channels.rdpsnd.client] - [rdpsnd_treat_wave]: [dynamic] Wave: cBlockNo: 30 wTimeStamp: 58933, size: 12232
[17:59:54:167] [95171:000173f5] [DEBUG][com.freerdp.channels.rdpsnd.client] - [audio_format_print]: WAVE_FORMAT_PCM:	 wFormatTag: 0x0001 nChannels: 2 nSamplesPerSec: 44100 nAvgBytesPerSec: 176400 nBlockAlign: 4 wBitsPerSample: 16 cbSize: 0
[17:59:54:172] [95171:000173f6] [DEBUG][com.freerdp.channels.rdpgfx.client] - [rdpgfx_read_h264_metablock]: H264_METABLOCK: numRegionRects: 4
[17:59:54:172] [95171:000173f6] [DEBUG][com.freerdp.channels.rdpgfx.client] - [rdpgfx_read_h264_metablock]: regionRects[0]: left: 0 top: 768 right: 64 bottom: 800
[17:59:54:172] [95171:000173f6] [DEBUG][com.freerdp.channels.rdpgfx.client] - [rdpgfx_read_h264_metablock]: regionRects[1]: left: 64 top: 768 right: 128 bottom: 800
[17:59:54:172] [95171:000173f6] [DEBUG][com.freerdp.channels.rdpgfx.client] - [rdpgfx_read_h264_metablock]: regionRects[2]: left: 128 top: 768 right: 192 bottom: 800
[17:59:54:172] [95171:000173f6] [DEBUG][com.freerdp.channels.rdpgfx.client] - [rdpgfx_read_h264_metablock]: regionRects[3]: left: 192 top: 768 right: 256 bottom: 800
[17:59:54:172] [95171:000173f6] [DEBUG][com.freerdp.channels.rdpgfx.client] - [rdpgfx_read_h264_metablock]: quantQualityVals[0]: qp: 0 r: 0 p: 0 qualityVal: 100
[17:59:54:172] [95171:000173f6] [DEBUG][com.freerdp.channels.rdpgfx.client] - [rdpgfx_read_h264_metablock]: quantQualityVals[1]: qp: 0 r: 0 p: 0 qualityVal: 100
[17:59:54:172] [95171:000173f6] [DEBUG][com.freerdp.channels.rdpgfx.client] - [rdpgfx_read_h264_metablock]: quantQualityVals[2]: qp: 0 r: 0 p: 0 qualityVal: 100
[17:59:54:172] [95171:000173f6] [DEBUG][com.freerdp.channels.rdpgfx.client] - [rdpgfx_read_h264_metablock]: quantQualityVals[3]: qp: 0 r: 0 p: 0 qualityVal: 100
[17:59:54:233] [95171:000173f5] [DEBUG][com.freerdp.channels.rdpsnd.client] - [rdpsnd_recv_wave2_pdu]: [dynamic] Wave2PDU: cBlockNo: 31 wFormatNo: 1 [WAVE_FORMAT_PCM] , align=4 wTimeStamp=0xe677, dwAudioTimeStamp=0x0000e677
[17:59:54:233] [95171:000173f5] [DEBUG][com.freerdp.channels.rdpsnd.client] - [rdpsnd_treat_wave]: [dynamic] Wave: cBlockNo: 31 wTimeStamp: 58999, size: 11288
[17:59:54:233] [95171:000173f5] [DEBUG][com.freerdp.channels.rdpsnd.client] - [audio_format_print]: WAVE_FORMAT_PCM:	 wFormatTag: 0x0001 nChannels: 2 nSamplesPerSec: 44100 nAvgBytesPerSec: 176400 nBlockAlign: 4 wBitsPerSample: 16 cbSize: 0
[17:59:54:271] [95171:000173f6] [DEBUG][com.freerdp.channels.rdpgfx.client] - [rdpgfx_read_h264_metablock]: H264_METABLOCK: numRegionRects: 4
[17:59:54:271] [95171:000173f6] [DEBUG][com.freerdp.channels.rdpgfx.client] - [rdpgfx_read_h264_metablock]: regionRects[0]: left: 0 top: 768 right: 64 bottom: 800
[17:59:54:271] [95171:000173f6] [DEBUG][com.freerdp.channels.rdpgfx.client] - [rdpgfx_read_h264_metablock]: regionRects[1]: left: 64 top: 768 right: 128 bottom: 800
[17:59:54:271] [95171:000173f6] [DEBUG][com.freerdp.channels.rdpgfx.client] - [rdpgfx_read_h264_metablock]: regionRects[2]: left: 128 top: 768 right: 192 bottom: 800
[17:59:54:271] [95171:000173f6] [DEBUG][com.freerdp.channels.rdpgfx.client] - [rdpgfx_read_h264_metablock]: regionRects[3]: left: 192 top: 768 right: 256 bottom: 800
[17:59:54:271] [95171:000173f6] [DEBUG][com.freerdp.channels.rdpgfx.client] - [rdpgfx_read_h264_metablock]: quantQualityVals[0]: qp: 0 r: 0 p: 0 qualityVal: 100
[17:59:54:271] [95171:000173f6] [DEBUG][com.freerdp.channels.rdpgfx.client] - [rdpgfx_read_h264_metablock]: quantQualityVals[1]: qp: 0 r: 0 p: 0 qualityVal: 100
[17:59:54:271] [95171:000173f6] [DEBUG][com.freerdp.channels.rdpgfx.client] - [rdpgfx_read_h264_metablock]: quantQualityVals[2]: qp: 0 r: 0 p: 0 qualityVal: 100
[17:59:54:271] [95171:000173f6] [DEBUG][com.freerdp.channels.rdpgfx.client] - [rdpgfx_read_h264_metablock]: quantQualityVals[3]: qp: 0 r: 0 p: 0 qualityVal: 100
[17:59:54:300] [95171:000173f5] [DEBUG][com.freerdp.channels.rdpsnd.client] - [rdpsnd_recv_wave2_pdu]: [dynamic] Wave2PDU: cBlockNo: 32 wFormatNo: 1 [WAVE_FORMAT_PCM] , align=4 wTimeStamp=0xe6ba, dwAudioTimeStamp=0x0000e6ba
[17:59:54:300] [95171:000173f5] [DEBUG][com.freerdp.channels.rdpsnd.client] - [rdpsnd_treat_wave]: [dynamic] Wave: cBlockNo: 32 wTimeStamp: 59066, size: 12232
[17:59:54:300] [95171:000173f5] [DEBUG][com.freerdp.channels.rdpsnd.client] - [audio_format_print]: WAVE_FORMAT_PCM:	 wFormatTag: 0x0001 nChannels: 2 nSamplesPerSec: 44100 nAvgBytesPerSec: 176400 nBlockAlign: 4 wBitsPerSample: 16 cbSize: 0
[17:59:54:305] [95171:000173f6] [DEBUG][com.freerdp.channels.rdpgfx.client] - [rdpgfx_read_h264_metablock]: H264_METABLOCK: numRegionRects: 4
[17:59:54:305] [95171:000173f6] [DEBUG][com.freerdp.channels.rdpgfx.client] - [rdpgfx_read_h264_metablock]: regionRects[0]: left: 0 top: 768 right: 64 bottom: 800
[17:59:54:305] [95171:000173f6] [DEBUG][com.freerdp.channels.rdpgfx.client] - [rdpgfx_read_h264_metablock]: regionRects[1]: left: 64 top: 768 right: 128 bottom: 800
[17:59:54:305] [95171:000173f6] [DEBUG][com.freerdp.channels.rdpgfx.client] - [rdpgfx_read_h264_metablock]: regionRects[2]: left: 128 top: 768 right: 192 bottom: 800
[17:59:54:305] [95171:000173f6] [DEBUG][com.freerdp.channels.rdpgfx.client] - [rdpgfx_read_h264_metablock]: regionRects[3]: left: 192 top: 768 right: 256 bottom: 800
[17:59:54:305] [95171:000173f6] [DEBUG][com.freerdp.channels.rdpgfx.client] - [rdpgfx_read_h264_metablock]: quantQualityVals[0]: qp: 0 r: 0 p: 0 qualityVal: 100
[17:59:54:305] [95171:000173f6] [DEBUG][com.freerdp.channels.rdpgfx.client] - [rdpgfx_read_h264_metablock]: quantQualityVals[1]: qp: 0 r: 0 p: 0 qualityVal: 100
[17:59:54:305] [95171:000173f6] [DEBUG][com.freerdp.channels.rdpgfx.client] - [rdpgfx_read_h264_metablock]: quantQualityVals[2]: qp: 0 r: 0 p: 0 qualityVal: 100
[17:59:54:305] [95171:000173f6] [DEBUG][com.freerdp.channels.rdpgfx.client] - [rdpgfx_read_h264_metablock]: quantQualityVals[3]: qp: 0 r: 0 p: 0 qualityVal: 100
[17:59:54:337] [95171:000173f6] [DEBUG][com.freerdp.channels.rdpgfx.client] - [rdpgfx_read_h264_metablock]: H264_METABLOCK: numRegionRects: 7
[17:59:54:337] [95171:000173f6] [DEBUG][com.freerdp.channels.rdpgfx.client] - [rdpgfx_read_h264_metablock]: regionRects[0]: left: 0 top: 320 right: 64 bottom: 384
[17:59:54:337] [95171:000173f6] [DEBUG][com.freerdp.channels.rdpgfx.client] - [rdpgfx_read_h264_metablock]: regionRects[1]: left: 0 top: 384 right: 64 bottom: 448
[17:59:54:337] [95171:000173f6] [DEBUG][com.freerdp.channels.rdpgfx.client] - [rdpgfx_read_h264_metablock]: regionRects[2]: left: 0 top: 704 right: 64 bottom: 768
[17:59:54:337] [95171:000173f6] [DEBUG][com.freerdp.channels.rdpgfx.client] - [rdpgfx_read_h264_metablock]: regionRects[3]: left: 0 top: 768 right: 64 bottom: 800
[17:59:54:337] [95171:000173f6] [DEBUG][com.freerdp.channels.rdpgfx.client] - [rdpgfx_read_h264_metablock]: regionRects[4]: left: 64 top: 768 right: 128 bottom: 800
[17:59:54:337] [95171:000173f6] [DEBUG][com.freerdp.channels.rdpgfx.client] - [rdpgfx_read_h264_metablock]: regionRects[5]: left: 128 top: 768 right: 192 bottom: 800
[17:59:54:337] [95171:000173f6] [DEBUG][com.freerdp.channels.rdpgfx.client] - [rdpgfx_read_h264_metablock]: regionRects[6]: left: 192 top: 768 right: 256 bottom: 800
[17:59:54:337] [95171:000173f6] [DEBUG][com.freerdp.channels.rdpgfx.client] - [rdpgfx_read_h264_metablock]: quantQualityVals[0]: qp: 0 r: 0 p: 0 qualityVal: 100
[17:59:54:337] [95171:000173f6] [DEBUG][com.freerdp.channels.rdpgfx.client] - [rdpgfx_read_h264_metablock]: quantQualityVals[1]: qp: 0 r: 0 p: 0 qualityVal: 100
[17:59:54:337] [95171:000173f6] [DEBUG][com.freerdp.channels.rdpgfx.client] - [rdpgfx_read_h264_metablock]: quantQualityVals[2]: qp: 0 r: 0 p: 0 qualityVal: 100
[17:59:54:337] [95171:000173f6] [DEBUG][com.freerdp.channels.rdpgfx.client] - [rdpgfx_read_h264_metablock]: quantQualityVals[3]: qp: 0 r: 0 p: 0 qualityVal: 100
[17:59:54:337] [95171:000173f6] [DEBUG][com.freerdp.channels.rdpgfx.client] - [rdpgfx_read_h264_metablock]: quantQualityVals[4]: qp: 0 r: 0 p: 0 qualityVal: 100
[17:59:54:337] [95171:000173f6] [DEBUG][com.freerdp.channels.rdpgfx.client] - [rdpgfx_read_h264_metablock]: quantQualityVals[5]: qp: 0 r: 0 p: 0 qualityVal: 100
[17:59:54:337] [95171:000173f6] [DEBUG][com.freerdp.channels.rdpgfx.client] - [rdpgfx_read_h264_metablock]: quantQualityVals[6]: qp: 0 r: 0 p: 0 qualityVal: 100
[17:59:54:365] [95171:000173f5] [DEBUG][com.freerdp.channels.rdpsnd.client] - [rdpsnd_recv_wave2_pdu]: [dynamic] Wave2PDU: cBlockNo: 33 wFormatNo: 1 [WAVE_FORMAT_PCM] , align=4 wTimeStamp=0xe6fb, dwAudioTimeStamp=0x0000e6fb
[17:59:54:365] [95171:000173f5] [DEBUG][com.freerdp.channels.rdpsnd.client] - [rdpsnd_treat_wave]: [dynamic] Wave: cBlockNo: 33 wTimeStamp: 59131, size: 11288
[17:59:54:366] [95171:000173f5] [DEBUG][com.freerdp.channels.rdpsnd.client] - [audio_format_print]: WAVE_FORMAT_PCM:	 wFormatTag: 0x0001 nChannels: 2 nSamplesPerSec: 44100 nAvgBytesPerSec: 176400 nBlockAlign: 4 wBitsPerSample: 16 cbSize: 0
[17:59:54:431] [95171:000173f5] [DEBUG][com.freerdp.channels.rdpsnd.client] - [rdpsnd_recv_wave2_pdu]: [dynamic] Wave2PDU: cBlockNo: 34 wFormatNo: 1 [WAVE_FORMAT_PCM] , align=4 wTimeStamp=0xe73d, dwAudioTimeStamp=0x0000e73d
[17:59:54:431] [95171:000173f5] [DEBUG][com.freerdp.channels.rdpsnd.client] - [rdpsnd_treat_wave]: [dynamic] Wave: cBlockNo: 34 wTimeStamp: 59197, size: 11288
[17:59:54:431] [95171:000173f5] [DEBUG][com.freerdp.channels.rdpsnd.client] - [audio_format_print]: WAVE_FORMAT_PCM:	 wFormatTag: 0x0001 nChannels: 2 nSamplesPerSec: 44100 nAvgBytesPerSec: 176400 nBlockAlign: 4 wBitsPerSample: 16 cbSize: 0
[17:59:54:498] [95171:000173f5] [DEBUG][com.freerdp.channels.rdpsnd.client] - [rdpsnd_recv_wave2_pdu]: [dynamic] Wave2PDU: cBlockNo: 35 wFormatNo: 1 [WAVE_FORMAT_PCM] , align=4 wTimeStamp=0xe780, dwAudioTimeStamp=0x0000e780
[17:59:54:498] [95171:000173f5] [DEBUG][com.freerdp.channels.rdpsnd.client] - [rdpsnd_treat_wave]: [dynamic] Wave: cBlockNo: 35 wTimeStamp: 59264, size: 12232
[17:59:54:498] [95171:000173f5] [DEBUG][com.freerdp.channels.rdpsnd.client] - [audio_format_print]: WAVE_FORMAT_PCM:	 wFormatTag: 0x0001 nChannels: 2 nSamplesPerSec: 44100 nAvgBytesPerSec: 176400 nBlockAlign: 4 wBitsPerSample: 16 cbSize: 0
[17:59:54:538] [95171:000173f6] [DEBUG][com.freerdp.channels.rdpgfx.client] - [rdpgfx_read_h264_metablock]: H264_METABLOCK: numRegionRects: 10
[17:59:54:538] [95171:000173f6] [DEBUG][com.freerdp.channels.rdpgfx.client] - [rdpgfx_read_h264_metablock]: regionRects[0]: left: 0 top: 320 right: 64 bottom: 384
[17:59:54:538] [95171:000173f6] [DEBUG][com.freerdp.channels.rdpgfx.client] - [rdpgfx_read_h264_metablock]: regionRects[1]: left: 192 top: 320 right: 256 bottom: 384
[17:59:54:538] [95171:000173f6] [DEBUG][com.freerdp.channels.rdpgfx.client] - [rdpgfx_read_h264_metablock]: regionRects[2]: left: 0 top: 384 right: 64 bottom: 448
[17:59:54:538] [95171:000173f6] [DEBUG][com.freerdp.channels.rdpgfx.client] - [rdpgfx_read_h264_metablock]: regionRects[3]: left: 192 top: 384 right: 256 bottom: 448
[17:59:54:538] [95171:000173f6] [DEBUG][com.freerdp.channels.rdpgfx.client] - [rdpgfx_read_h264_metablock]: regionRects[4]: left: 0 top: 704 right: 64 bottom: 768
[17:59:54:538] [95171:000173f6] [DEBUG][com.freerdp.channels.rdpgfx.client] - [rdpgfx_read_h264_metablock]: regionRects[5]: left: 192 top: 704 right: 256 bottom: 768
[17:59:54:538] [95171:000173f6] [DEBUG][com.freerdp.channels.rdpgfx.client] - [rdpgfx_read_h264_metablock]: regionRects[6]: left: 0 top: 768 right: 64 bottom: 800
[17:59:54:538] [95171:000173f6] [DEBUG][com.freerdp.channels.rdpgfx.client] - [rdpgfx_read_h264_metablock]: regionRects[7]: left: 64 top: 768 right: 128 bottom: 800
[17:59:54:538] [95171:000173f6] [DEBUG][com.freerdp.channels.rdpgfx.client] - [rdpgfx_read_h264_metablock]: regionRects[8]: left: 128 top: 768 right: 192 bottom: 800
[17:59:54:538] [95171:000173f6] [DEBUG][com.freerdp.channels.rdpgfx.client] - [rdpgfx_read_h264_metablock]: regionRects[9]: left: 192 top: 768 right: 256 bottom: 800
[17:59:54:538] [95171:000173f6] [DEBUG][com.freerdp.channels.rdpgfx.client] - [rdpgfx_read_h264_metablock]: quantQualityVals[0]: qp: 0 r: 0 p: 0 qualityVal: 100
[17:59:54:538] [95171:000173f6] [DEBUG][com.freerdp.channels.rdpgfx.client] - [rdpgfx_read_h264_metablock]: quantQualityVals[1]: qp: 0 r: 0 p: 0 qualityVal: 100
[17:59:54:538] [95171:000173f6] [DEBUG][com.freerdp.channels.rdpgfx.client] - [rdpgfx_read_h264_metablock]: quantQualityVals[2]: qp: 0 r: 0 p: 0 qualityVal: 100
[17:59:54:538] [95171:000173f6] [DEBUG][com.freerdp.channels.rdpgfx.client] - [rdpgfx_read_h264_metablock]: quantQualityVals[3]: qp: 0 r: 0 p: 0 qualityVal: 100
[17:59:54:538] [95171:000173f6] [DEBUG][com.freerdp.channels.rdpgfx.client] - [rdpgfx_read_h264_metablock]: quantQualityVals[4]: qp: 0 r: 0 p: 0 qualityVal: 100
[17:59:54:538] [95171:000173f6] [DEBUG][com.freerdp.channels.rdpgfx.client] - [rdpgfx_read_h264_metablock]: quantQualityVals[5]: qp: 0 r: 0 p: 0 qualityVal: 100
[17:59:54:538] [95171:000173f6] [DEBUG][com.freerdp.channels.rdpgfx.client] - [rdpgfx_read_h264_metablock]: quantQualityVals[6]: qp: 0 r: 0 p: 0 qualityVal: 100
[17:59:54:538] [95171:000173f6] [DEBUG][com.freerdp.channels.rdpgfx.client] - [rdpgfx_read_h264_metablock]: quantQualityVals[7]: qp: 0 r: 0 p: 0 qualityVal: 100
[17:59:54:538] [95171:000173f6] [DEBUG][com.freerdp.channels.rdpgfx.client] - [rdpgfx_read_h264_metablock]: quantQualityVals[8]: qp: 0 r: 0 p: 0 qualityVal: 100
[17:59:54:538] [95171:000173f6] [DEBUG][com.freerdp.channels.rdpgfx.client] - [rdpgfx_read_h264_metablock]: quantQualityVals[9]: qp: 0 r: 0 p: 0 qualityVal: 100
[17:59:54:563] [95171:000173f5] [DEBUG][com.freerdp.channels.rdpsnd.client] - [rdpsnd_recv_wave2_pdu]: [dynamic] Wave2PDU: cBlockNo: 36 wFormatNo: 1 [WAVE_FORMAT_PCM] , align=4 wTimeStamp=0xe7c1, dwAudioTimeStamp=0x0000e7c1
[17:59:54:563] [95171:000173f5] [DEBUG][com.freerdp.channels.rdpsnd.client] - [rdpsnd_treat_wave]: [dynamic] Wave: cBlockNo: 36 wTimeStamp: 59329, size: 11288
[17:59:54:563] [95171:000173f5] [DEBUG][com.freerdp.channels.rdpsnd.client] - [audio_format_print]: WAVE_FORMAT_PCM:	 wFormatTag: 0x0001 nChannels: 2 nSamplesPerSec: 44100 nAvgBytesPerSec: 176400 nBlockAlign: 4 wBitsPerSample: 16 cbSize: 0
[17:59:54:570] [95171:000173f6] [DEBUG][com.freerdp.channels.rdpgfx.client] - [rdpgfx_read_h264_metablock]: H264_METABLOCK: numRegionRects: 10
[17:59:54:570] [95171:000173f6] [DEBUG][com.freerdp.channels.rdpgfx.client] - [rdpgfx_read_h264_metablock]: regionRects[0]: left: 0 top: 320 right: 64 bottom: 384
[17:59:54:570] [95171:000173f6] [DEBUG][com.freerdp.channels.rdpgfx.client] - [rdpgfx_read_h264_metablock]: regionRects[1]: left: 192 top: 320 right: 256 bottom: 384
[17:59:54:570] [95171:000173f6] [DEBUG][com.freerdp.channels.rdpgfx.client] - [rdpgfx_read_h264_metablock]: regionRects[2]: left: 0 top: 384 right: 64 bottom: 448
[17:59:54:570] [95171:000173f6] [DEBUG][com.freerdp.channels.rdpgfx.client] - [rdpgfx_read_h264_metablock]: regionRects[3]: left: 192 top: 384 right: 256 bottom: 448
[17:59:54:570] [95171:000173f6] [DEBUG][com.freerdp.channels.rdpgfx.client] - [rdpgfx_read_h264_metablock]: regionRects[4]: left: 0 top: 704 right: 64 bottom: 768
[17:59:54:570] [95171:000173f6] [DEBUG][com.freerdp.channels.rdpgfx.client] - [rdpgfx_read_h264_metablock]: regionRects[5]: left: 192 top: 704 right: 256 bottom: 768
[17:59:54:570] [95171:000173f6] [DEBUG][com.freerdp.channels.rdpgfx.client] - [rdpgfx_read_h264_metablock]: regionRects[6]: left: 0 top: 768 right: 64 bottom: 800
[17:59:54:570] [95171:000173f6] [DEBUG][com.freerdp.channels.rdpgfx.client] - [rdpgfx_read_h264_metablock]: regionRects[7]: left: 64 top: 768 right: 128 bottom: 800
[17:59:54:570] [95171:000173f6] [DEBUG][com.freerdp.channels.rdpgfx.client] - [rdpgfx_read_h264_metablock]: regionRects[8]: left: 128 top: 768 right: 192 bottom: 800
[17:59:54:570] [95171:000173f6] [DEBUG][com.freerdp.channels.rdpgfx.client] - [rdpgfx_read_h264_metablock]: regionRects[9]: left: 192 top: 768 right: 256 bottom: 800
[17:59:54:570] [95171:000173f6] [DEBUG][com.freerdp.channels.rdpgfx.client] - [rdpgfx_read_h264_metablock]: quantQualityVals[0]: qp: 0 r: 0 p: 0 qualityVal: 100
[17:59:54:570] [95171:000173f6] [DEBUG][com.freerdp.channels.rdpgfx.client] - [rdpgfx_read_h264_metablock]: quantQualityVals[1]: qp: 0 r: 0 p: 0 qualityVal: 100
[17:59:54:570] [95171:000173f6] [DEBUG][com.freerdp.channels.rdpgfx.client] - [rdpgfx_read_h264_metablock]: quantQualityVals[2]: qp: 0 r: 0 p: 0 qualityVal: 100
[17:59:54:570] [95171:000173f6] [DEBUG][com.freerdp.channels.rdpgfx.client] - [rdpgfx_read_h264_metablock]: quantQualityVals[3]: qp: 0 r: 0 p: 0 qualityVal: 100
[17:59:54:570] [95171:000173f6] [DEBUG][com.freerdp.channels.rdpgfx.client] - [rdpgfx_read_h264_metablock]: quantQualityVals[4]: qp: 0 r: 0 p: 0 qualityVal: 100
[17:59:54:570] [95171:000173f6] [DEBUG][com.freerdp.channels.rdpgfx.client] - [rdpgfx_read_h264_metablock]: quantQualityVals[5]: qp: 0 r: 0 p: 0 qualityVal: 100
[17:59:54:570] [95171:000173f6] [DEBUG][com.freerdp.channels.rdpgfx.client] - [rdpgfx_read_h264_metablock]: quantQualityVals[6]: qp: 0 r: 0 p: 0 qualityVal: 100
[17:59:54:570] [95171:000173f6] [DEBUG][com.freerdp.channels.rdpgfx.client] - [rdpgfx_read_h264_metablock]: quantQualityVals[7]: qp: 0 r: 0 p: 0 qualityVal: 100
[17:59:54:570] [95171:000173f6] [DEBUG][com.freerdp.channels.rdpgfx.client] - [rdpgfx_read_h264_metablock]: quantQualityVals[8]: qp: 0 r: 0 p: 0 qualityVal: 100
[17:59:54:570] [95171:000173f6] [DEBUG][com.freerdp.channels.rdpgfx.client] - [rdpgfx_read_h264_metablock]: quantQualityVals[9]: qp: 0 r: 0 p: 0 qualityVal: 100
[17:59:54:602] [95171:000173f6] [DEBUG][com.freerdp.channels.rdpgfx.client] - [rdpgfx_read_h264_metablock]: H264_METABLOCK: numRegionRects: 10
[17:59:54:602] [95171:000173f6] [DEBUG][com.freerdp.channels.rdpgfx.client] - [rdpgfx_read_h264_metablock]: regionRects[0]: left: 0 top: 320 right: 64 bottom: 384
[17:59:54:602] [95171:000173f6] [DEBUG][com.freerdp.channels.rdpgfx.client] - [rdpgfx_read_h264_metablock]: regionRects[1]: left: 192 top: 320 right: 256 bottom: 384
[17:59:54:602] [95171:000173f6] [DEBUG][com.freerdp.channels.rdpgfx.client] - [rdpgfx_read_h264_metablock]: regionRects[2]: left: 0 top: 384 right: 64 bottom: 448
[17:59:54:602] [95171:000173f6] [DEBUG][com.freerdp.channels.rdpgfx.client] - [rdpgfx_read_h264_metablock]: regionRects[3]: left: 192 top: 384 right: 256 bottom: 448
[17:59:54:602] [95171:000173f6] [DEBUG][com.freerdp.channels.rdpgfx.client] - [rdpgfx_read_h264_metablock]: regionRects[4]: left: 0 top: 704 right: 64 bottom: 768
[17:59:54:602] [95171:000173f6] [DEBUG][com.freerdp.channels.rdpgfx.client] - [rdpgfx_read_h264_metablock]: regionRects[5]: left: 192 top: 704 right: 256 bottom: 768
[17:59:54:602] [95171:000173f6] [DEBUG][com.freerdp.channels.rdpgfx.client] - [rdpgfx_read_h264_metablock]: regionRects[6]: left: 0 top: 768 right: 64 bottom: 800
[17:59:54:602] [95171:000173f6] [DEBUG][com.freerdp.channels.rdpgfx.client] - [rdpgfx_read_h264_metablock]: regionRects[7]: left: 64 top: 768 right: 128 bottom: 800
[17:59:54:602] [95171:000173f6] [DEBUG][com.freerdp.channels.rdpgfx.client] - [rdpgfx_read_h264_metablock]: regionRects[8]: left: 128 top: 768 right: 192 bottom: 800
[17:59:54:602] [95171:000173f6] [DEBUG][com.freerdp.channels.rdpgfx.client] - [rdpgfx_read_h264_metablock]: regionRects[9]: left: 192 top: 768 right: 256 bottom: 800
[17:59:54:602] [95171:000173f6] [DEBUG][com.freerdp.channels.rdpgfx.client] - [rdpgfx_read_h264_metablock]: quantQualityVals[0]: qp: 0 r: 0 p: 0 qualityVal: 100
[17:59:54:602] [95171:000173f6] [DEBUG][com.freerdp.channels.rdpgfx.client] - [rdpgfx_read_h264_metablock]: quantQualityVals[1]: qp: 0 r: 0 p: 0 qualityVal: 100
[17:59:54:602] [95171:000173f6] [DEBUG][com.freerdp.channels.rdpgfx.client] - [rdpgfx_read_h264_metablock]: quantQualityVals[2]: qp: 0 r: 0 p: 0 qualityVal: 100
[17:59:54:602] [95171:000173f6] [DEBUG][com.freerdp.channels.rdpgfx.client] - [rdpgfx_read_h264_metablock]: quantQualityVals[3]: qp: 0 r: 0 p: 0 qualityVal: 100
[17:59:54:602] [95171:000173f6] [DEBUG][com.freerdp.channels.rdpgfx.client] - [rdpgfx_read_h264_metablock]: quantQualityVals[4]: qp: 0 r: 0 p: 0 qualityVal: 100
[17:59:54:602] [95171:000173f6] [DEBUG][com.freerdp.channels.rdpgfx.client] - [rdpgfx_read_h264_metablock]: quantQualityVals[5]: qp: 0 r: 0 p: 0 qualityVal: 100
[17:59:54:602] [95171:000173f6] [DEBUG][com.freerdp.channels.rdpgfx.client] - [rdpgfx_read_h264_metablock]: quantQualityVals[6]: qp: 0 r: 0 p: 0 qualityVal: 100
[17:59:54:602] [95171:000173f6] [DEBUG][com.freerdp.channels.rdpgfx.client] - [rdpgfx_read_h264_metablock]: quantQualityVals[7]: qp: 0 r: 0 p: 0 qualityVal: 100
[17:59:54:602] [95171:000173f6] [DEBUG][com.freerdp.channels.rdpgfx.client] - [rdpgfx_read_h264_metablock]: quantQualityVals[8]: qp: 0 r: 0 p: 0 qualityVal: 100
[17:59:54:602] [95171:000173f6] [DEBUG][com.freerdp.channels.rdpgfx.client] - [rdpgfx_read_h264_metablock]: quantQualityVals[9]: qp: 0 r: 0 p: 0 qualityVal: 100
[17:59:54:630] [95171:000173f5] [DEBUG][com.freerdp.channels.rdpsnd.client] - [rdpsnd_recv_wave2_pdu]: [dynamic] Wave2PDU: cBlockNo: 37 wFormatNo: 1 [WAVE_FORMAT_PCM] , align=4 wTimeStamp=0xe803, dwAudioTimeStamp=0x0000e803
[17:59:54:630] [95171:000173f5] [DEBUG][com.freerdp.channels.rdpsnd.client] - [rdpsnd_treat_wave]: [dynamic] Wave: cBlockNo: 37 wTimeStamp: 59395, size: 12232
[17:59:54:630] [95171:000173f5] [DEBUG][com.freerdp.channels.rdpsnd.client] - [audio_format_print]: WAVE_FORMAT_PCM:	 wFormatTag: 0x0001 nChannels: 2 nSamplesPerSec: 44100 nAvgBytesPerSec: 176400 nBlockAlign: 4 wBitsPerSample: 16 cbSize: 0
[17:59:54:696] [95171:000173f5] [DEBUG][com.freerdp.channels.rdpsnd.client] - [rdpsnd_recv_wave2_pdu]: [dynamic] Wave2PDU: cBlockNo: 38 wFormatNo: 1 [WAVE_FORMAT_PCM] , align=4 wTimeStamp=0xe845, dwAudioTimeStamp=0x0000e845
[17:59:54:696] [95171:000173f5] [DEBUG][com.freerdp.channels.rdpsnd.client] - [rdpsnd_treat_wave]: [dynamic] Wave: cBlockNo: 38 wTimeStamp: 59461, size: 11288
[17:59:54:696] [95171:000173f5] [DEBUG][com.freerdp.channels.rdpsnd.client] - [audio_format_print]: WAVE_FORMAT_PCM:	 wFormatTag: 0x0001 nChannels: 2 nSamplesPerSec: 44100 nAvgBytesPerSec: 176400 nBlockAlign: 4 wBitsPerSample: 16 cbSize: 0
[17:59:54:702] [95171:000173f6] [DEBUG][com.freerdp.channels.rdpgfx.client] - [rdpgfx_read_h264_metablock]: H264_METABLOCK: numRegionRects: 10
[17:59:54:702] [95171:000173f6] [DEBUG][com.freerdp.channels.rdpgfx.client] - [rdpgfx_read_h264_metablock]: regionRects[0]: left: 0 top: 320 right: 64 bottom: 384
[17:59:54:702] [95171:000173f6] [DEBUG][com.freerdp.channels.rdpgfx.client] - [rdpgfx_read_h264_metablock]: regionRects[1]: left: 192 top: 320 right: 256 bottom: 384
[17:59:54:702] [95171:000173f6] [DEBUG][com.freerdp.channels.rdpgfx.client] - [rdpgfx_read_h264_metablock]: regionRects[2]: left: 0 top: 384 right: 64 bottom: 448
[17:59:54:702] [95171:000173f6] [DEBUG][com.freerdp.channels.rdpgfx.client] - [rdpgfx_read_h264_metablock]: regionRects[3]: left: 192 top: 384 right: 256 bottom: 448
[17:59:54:702] [95171:000173f6] [DEBUG][com.freerdp.channels.rdpgfx.client] - [rdpgfx_read_h264_metablock]: regionRects[4]: left: 0 top: 704 right: 64 bottom: 768
[17:59:54:702] [95171:000173f6] [DEBUG][com.freerdp.channels.rdpgfx.client] - [rdpgfx_read_h264_metablock]: regionRects[5]: left: 192 top: 704 right: 256 bottom: 768
[17:59:54:702] [95171:000173f6] [DEBUG][com.freerdp.channels.rdpgfx.client] - [rdpgfx_read_h264_metablock]: regionRects[6]: left: 0 top: 768 right: 64 bottom: 800
[17:59:54:702] [95171:000173f6] [DEBUG][com.freerdp.channels.rdpgfx.client] - [rdpgfx_read_h264_metablock]: regionRects[7]: left: 64 top: 768 right: 128 bottom: 800
[17:59:54:703] [95171:000173f6] [DEBUG][com.freerdp.channels.rdpgfx.client] - [rdpgfx_read_h264_metablock]: regionRects[8]: left: 128 top: 768 right: 192 bottom: 800
[17:59:54:703] [95171:000173f6] [DEBUG][com.freerdp.channels.rdpgfx.client] - [rdpgfx_read_h264_metablock]: regionRects[9]: left: 192 top: 768 right: 256 bottom: 800
[17:59:54:703] [95171:000173f6] [DEBUG][com.freerdp.channels.rdpgfx.client] - [rdpgfx_read_h264_metablock]: quantQualityVals[0]: qp: 0 r: 0 p: 0 qualityVal: 100
[17:59:54:703] [95171:000173f6] [DEBUG][com.freerdp.channels.rdpgfx.client] - [rdpgfx_read_h264_metablock]: quantQualityVals[1]: qp: 0 r: 0 p: 0 qualityVal: 100
[17:59:54:703] [95171:000173f6] [DEBUG][com.freerdp.channels.rdpgfx.client] - [rdpgfx_read_h264_metablock]: quantQualityVals[2]: qp: 0 r: 0 p: 0 qualityVal: 100
[17:59:54:703] [95171:000173f6] [DEBUG][com.freerdp.channels.rdpgfx.client] - [rdpgfx_read_h264_metablock]: quantQualityVals[3]: qp: 0 r: 0 p: 0 qualityVal: 100
[17:59:54:703] [95171:000173f6] [DEBUG][com.freerdp.channels.rdpgfx.client] - [rdpgfx_read_h264_metablock]: quantQualityVals[4]: qp: 0 r: 0 p: 0 qualityVal: 100
[17:59:54:703] [95171:000173f6] [DEBUG][com.freerdp.channels.rdpgfx.client] - [rdpgfx_read_h264_metablock]: quantQualityVals[5]: qp: 0 r: 0 p: 0 qualityVal: 100
[17:59:54:703] [95171:000173f6] [DEBUG][com.freerdp.channels.rdpgfx.client] - [rdpgfx_read_h264_metablock]: quantQualityVals[6]: qp: 0 r: 0 p: 0 qualityVal: 100
[17:59:54:703] [95171:000173f6] [DEBUG][com.freerdp.channels.rdpgfx.client] - [rdpgfx_read_h264_metablock]: quantQualityVals[7]: qp: 0 r: 0 p: 0 qualityVal: 100
[17:59:54:703] [95171:000173f6] [DEBUG][com.freerdp.channels.rdpgfx.client] - [rdpgfx_read_h264_metablock]: quantQualityVals[8]: qp: 0 r: 0 p: 0 qualityVal: 100
[17:59:54:703] [95171:000173f6] [DEBUG][com.freerdp.channels.rdpgfx.client] - [rdpgfx_read_h264_metablock]: quantQualityVals[9]: qp: 0 r: 0 p: 0 qualityVal: 100
[17:59:54:740] [95171:000173f6] [DEBUG][com.freerdp.channels.rdpgfx.client] - [rdpgfx_read_h264_metablock]: H264_METABLOCK: numRegionRects: 10
[17:59:54:740] [95171:000173f6] [DEBUG][com.freerdp.channels.rdpgfx.client] - [rdpgfx_read_h264_metablock]: regionRects[0]: left: 0 top: 320 right: 64 bottom: 384
[17:59:54:740] [95171:000173f6] [DEBUG][com.freerdp.channels.rdpgfx.client] - [rdpgfx_read_h264_metablock]: regionRects[1]: left: 192 top: 320 right: 256 bottom: 384
[17:59:54:740] [95171:000173f6] [DEBUG][com.freerdp.channels.rdpgfx.client] - [rdpgfx_read_h264_metablock]: regionRects[2]: left: 0 top: 384 right: 64 bottom: 448
[17:59:54:740] [95171:000173f6] [DEBUG][com.freerdp.channels.rdpgfx.client] - [rdpgfx_read_h264_metablock]: regionRects[3]: left: 192 top: 384 right: 256 bottom: 448
[17:59:54:740] [95171:000173f6] [DEBUG][com.freerdp.channels.rdpgfx.client] - [rdpgfx_read_h264_metablock]: regionRects[4]: left: 0 top: 704 right: 64 bottom: 768
[17:59:54:740] [95171:000173f6] [DEBUG][com.freerdp.channels.rdpgfx.client] - [rdpgfx_read_h264_metablock]: regionRects[5]: left: 192 top: 704 right: 256 bottom: 768
[17:59:54:740] [95171:000173f6] [DEBUG][com.freerdp.channels.rdpgfx.client] - [rdpgfx_read_h264_metablock]: regionRects[6]: left: 0 top: 768 right: 64 bottom: 800
[17:59:54:740] [95171:000173f6] [DEBUG][com.freerdp.channels.rdpgfx.client] - [rdpgfx_read_h264_metablock]: regionRects[7]: left: 64 top: 768 right: 128 bottom: 800
[17:59:54:740] [95171:000173f6] [DEBUG][com.freerdp.channels.rdpgfx.client] - [rdpgfx_read_h264_metablock]: regionRects[8]: left: 128 top: 768 right: 192 bottom: 800
[17:59:54:740] [95171:000173f6] [DEBUG][com.freerdp.channels.rdpgfx.client] - [rdpgfx_read_h264_metablock]: regionRects[9]: left: 192 top: 768 right: 256 bottom: 800
[17:59:54:740] [95171:000173f6] [DEBUG][com.freerdp.channels.rdpgfx.client] - [rdpgfx_read_h264_metablock]: quantQualityVals[0]: qp: 0 r: 0 p: 0 qualityVal: 100
[17:59:54:740] [95171:000173f6] [DEBUG][com.freerdp.channels.rdpgfx.client] - [rdpgfx_read_h264_metablock]: quantQualityVals[1]: qp: 0 r: 0 p: 0 qualityVal: 100
[17:59:54:740] [95171:000173f6] [DEBUG][com.freerdp.channels.rdpgfx.client] - [rdpgfx_read_h264_metablock]: quantQualityVals[2]: qp: 0 r: 0 p: 0 qualityVal: 100
[17:59:54:740] [95171:000173f6] [DEBUG][com.freerdp.channels.rdpgfx.client] - [rdpgfx_read_h264_metablock]: quantQualityVals[3]: qp: 0 r: 0 p: 0 qualityVal: 100
[17:59:54:740] [95171:000173f6] [DEBUG][com.freerdp.channels.rdpgfx.client] - [rdpgfx_read_h264_metablock]: quantQualityVals[4]: qp: 0 r: 0 p: 0 qualityVal: 100
[17:59:54:740] [95171:000173f6] [DEBUG][com.freerdp.channels.rdpgfx.client] - [rdpgfx_read_h264_metablock]: quantQualityVals[5]: qp: 0 r: 0 p: 0 qualityVal: 100
[17:59:54:740] [95171:000173f6] [DEBUG][com.freerdp.channels.rdpgfx.client] - [rdpgfx_read_h264_metablock]: quantQualityVals[6]: qp: 0 r: 0 p: 0 qualityVal: 100
[17:59:54:740] [95171:000173f6] [DEBUG][com.freerdp.channels.rdpgfx.client] - [rdpgfx_read_h264_metablock]: quantQualityVals[7]: qp: 0 r: 0 p: 0 qualityVal: 100
[17:59:54:740] [95171:000173f6] [DEBUG][com.freerdp.channels.rdpgfx.client] - [rdpgfx_read_h264_metablock]: quantQualityVals[8]: qp: 0 r: 0 p: 0 qualityVal: 100
[17:59:54:740] [95171:000173f6] [DEBUG][com.freerdp.channels.rdpgfx.client] - [rdpgfx_read_h264_metablock]: quantQualityVals[9]: qp: 0 r: 0 p: 0 qualityVal: 100
[17:59:54:762] [95171:000173f5] [DEBUG][com.freerdp.channels.rdpsnd.client] - [rdpsnd_recv_wave2_pdu]: [dynamic] Wave2PDU: cBlockNo: 39 wFormatNo: 1 [WAVE_FORMAT_PCM] , align=4 wTimeStamp=0xe888, dwAudioTimeStamp=0x0000e888
[17:59:54:762] [95171:000173f5] [DEBUG][com.freerdp.channels.rdpsnd.client] - [rdpsnd_treat_wave]: [dynamic] Wave: cBlockNo: 39 wTimeStamp: 59528, size: 11292
[17:59:54:762] [95171:000173f5] [DEBUG][com.freerdp.channels.rdpsnd.client] - [audio_format_print]: WAVE_FORMAT_PCM:	 wFormatTag: 0x0001 nChannels: 2 nSamplesPerSec: 44100 nAvgBytesPerSec: 176400 nBlockAlign: 4 wBitsPerSample: 16 cbSize: 0
[17:59:54:769] [95171:000173f6] [DEBUG][com.freerdp.channels.rdpgfx.client] - [rdpgfx_read_h264_metablock]: H264_METABLOCK: numRegionRects: 10
[17:59:54:769] [95171:000173f6] [DEBUG][com.freerdp.channels.rdpgfx.client] - [rdpgfx_read_h264_metablock]: regionRects[0]: left: 0 top: 320 right: 64 bottom: 384
[17:59:54:769] [95171:000173f6] [DEBUG][com.freerdp.channels.rdpgfx.client] - [rdpgfx_read_h264_metablock]: regionRects[1]: left: 192 top: 320 right: 256 bottom: 384
[17:59:54:769] [95171:000173f6] [DEBUG][com.freerdp.channels.rdpgfx.client] - [rdpgfx_read_h264_metablock]: regionRects[2]: left: 0 top: 384 right: 64 bottom: 448
[17:59:54:769] [95171:000173f6] [DEBUG][com.freerdp.channels.rdpgfx.client] - [rdpgfx_read_h264_metablock]: regionRects[3]: left: 192 top: 384 right: 256 bottom: 448
[17:59:54:769] [95171:000173f6] [DEBUG][com.freerdp.channels.rdpgfx.client] - [rdpgfx_read_h264_metablock]: regionRects[4]: left: 0 top: 704 right: 64 bottom: 768
[17:59:54:769] [95171:000173f6] [DEBUG][com.freerdp.channels.rdpgfx.client] - [rdpgfx_read_h264_metablock]: regionRects[5]: left: 192 top: 704 right: 256 bottom: 768
[17:59:54:769] [95171:000173f6] [DEBUG][com.freerdp.channels.rdpgfx.client] - [rdpgfx_read_h264_metablock]: regionRects[6]: left: 0 top: 768 right: 64 bottom: 800
[17:59:54:769] [95171:000173f6] [DEBUG][com.freerdp.channels.rdpgfx.client] - [rdpgfx_read_h264_metablock]: regionRects[7]: left: 64 top: 768 right: 128 bottom: 800
[17:59:54:770] [95171:000173f6] [DEBUG][com.freerdp.channels.rdpgfx.client] - [rdpgfx_read_h264_metablock]: regionRects[8]: left: 128 top: 768 right: 192 bottom: 800
[17:59:54:770] [95171:000173f6] [DEBUG][com.freerdp.channels.rdpgfx.client] - [rdpgfx_read_h264_metablock]: regionRects[9]: left: 192 top: 768 right: 256 bottom: 800
[17:59:54:770] [95171:000173f6] [DEBUG][com.freerdp.channels.rdpgfx.client] - [rdpgfx_read_h264_metablock]: quantQualityVals[0]: qp: 0 r: 0 p: 0 qualityVal: 100
[17:59:54:770] [95171:000173f6] [DEBUG][com.freerdp.channels.rdpgfx.client] - [rdpgfx_read_h264_metablock]: quantQualityVals[1]: qp: 0 r: 0 p: 0 qualityVal: 100
[17:59:54:770] [95171:000173f6] [DEBUG][com.freerdp.channels.rdpgfx.client] - [rdpgfx_read_h264_metablock]: quantQualityVals[2]: qp: 0 r: 0 p: 0 qualityVal: 100
[17:59:54:770] [95171:000173f6] [DEBUG][com.freerdp.channels.rdpgfx.client] - [rdpgfx_read_h264_metablock]: quantQualityVals[3]: qp: 0 r: 0 p: 0 qualityVal: 100
[17:59:54:770] [95171:000173f6] [DEBUG][com.freerdp.channels.rdpgfx.client] - [rdpgfx_read_h264_metablock]: quantQualityVals[4]: qp: 0 r: 0 p: 0 qualityVal: 100
[17:59:54:770] [95171:000173f6] [DEBUG][com.freerdp.channels.rdpgfx.client] - [rdpgfx_read_h264_metablock]: quantQualityVals[5]: qp: 0 r: 0 p: 0 qualityVal: 100
[17:59:54:770] [95171:000173f6] [DEBUG][com.freerdp.channels.rdpgfx.client] - [rdpgfx_read_h264_metablock]: quantQualityVals[6]: qp: 0 r: 0 p: 0 qualityVal: 100
[17:59:54:770] [95171:000173f6] [DEBUG][com.freerdp.channels.rdpgfx.client] - [rdpgfx_read_h264_metablock]: quantQualityVals[7]: qp: 0 r: 0 p: 0 qualityVal: 100
[17:59:54:770] [95171:000173f6] [DEBUG][com.freerdp.channels.rdpgfx.client] - [rdpgfx_read_h264_metablock]: quantQualityVals[8]: qp: 0 r: 0 p: 0 qualityVal: 100
[17:59:54:770] [95171:000173f6] [DEBUG][com.freerdp.channels.rdpgfx.client] - [rdpgfx_read_h264_metablock]: quantQualityVals[9]: qp: 0 r: 0 p: 0 qualityVal: 100
[17:59:54:828] [95171:000173f5] [DEBUG][com.freerdp.channels.rdpsnd.client] - [rdpsnd_recv_wave2_pdu]: [dynamic] Wave2PDU: cBlockNo: 40 wFormatNo: 1 [WAVE_FORMAT_PCM] , align=4 wTimeStamp=0xe8c9, dwAudioTimeStamp=0x0000e8c9
[17:59:54:828] [95171:000173f5] [DEBUG][com.freerdp.channels.rdpsnd.client] - [rdpsnd_treat_wave]: [dynamic] Wave: cBlockNo: 40 wTimeStamp: 59593, size: 12228
[17:59:54:828] [95171:000173f5] [DEBUG][com.freerdp.channels.rdpsnd.client] - [audio_format_print]: WAVE_FORMAT_PCM:	 wFormatTag: 0x0001 nChannels: 2 nSamplesPerSec: 44100 nAvgBytesPerSec: 176400 nBlockAlign: 4 wBitsPerSample: 16 cbSize: 0
[17:59:54:867] [95171:000173f6] [DEBUG][com.freerdp.channels.rdpgfx.client] - [rdpgfx_read_h264_metablock]: H264_METABLOCK: numRegionRects: 10
[17:59:54:867] [95171:000173f6] [DEBUG][com.freerdp.channels.rdpgfx.client] - [rdpgfx_read_h264_metablock]: regionRects[0]: left: 0 top: 320 right: 64 bottom: 384
[17:59:54:867] [95171:000173f6] [DEBUG][com.freerdp.channels.rdpgfx.client] - [rdpgfx_read_h264_metablock]: regionRects[1]: left: 192 top: 320 right: 256 bottom: 384
[17:59:54:867] [95171:000173f6] [DEBUG][com.freerdp.channels.rdpgfx.client] - [rdpgfx_read_h264_metablock]: regionRects[2]: left: 0 top: 384 right: 64 bottom: 448
[17:59:54:867] [95171:000173f6] [DEBUG][com.freerdp.channels.rdpgfx.client] - [rdpgfx_read_h264_metablock]: regionRects[3]: left: 192 top: 384 right: 256 bottom: 448
[17:59:54:867] [95171:000173f6] [DEBUG][com.freerdp.channels.rdpgfx.client] - [rdpgfx_read_h264_metablock]: regionRects[4]: left: 0 top: 704 right: 64 bottom: 768
[17:59:54:867] [95171:000173f6] [DEBUG][com.freerdp.channels.rdpgfx.client] - [rdpgfx_read_h264_metablock]: regionRects[5]: left: 192 top: 704 right: 256 bottom: 768
[17:59:54:867] [95171:000173f6] [DEBUG][com.freerdp.channels.rdpgfx.client] - [rdpgfx_read_h264_metablock]: regionRects[6]: left: 0 top: 768 right: 64 bottom: 800
[17:59:54:867] [95171:000173f6] [DEBUG][com.freerdp.channels.rdpgfx.client] - [rdpgfx_read_h264_metablock]: regionRects[7]: left: 64 top: 768 right: 128 bottom: 800
[17:59:54:867] [95171:000173f6] [DEBUG][com.freerdp.channels.rdpgfx.client] - [rdpgfx_read_h264_metablock]: regionRects[8]: left: 128 top: 768 right: 192 bottom: 800
[17:59:54:867] [95171:000173f6] [DEBUG][com.freerdp.channels.rdpgfx.client] - [rdpgfx_read_h264_metablock]: regionRects[9]: left: 192 top: 768 right: 256 bottom: 800
[17:59:54:867] [95171:000173f6] [DEBUG][com.freerdp.channels.rdpgfx.client] - [rdpgfx_read_h264_metablock]: quantQualityVals[0]: qp: 0 r: 0 p: 0 qualityVal: 100
[17:59:54:867] [95171:000173f6] [DEBUG][com.freerdp.channels.rdpgfx.client] - [rdpgfx_read_h264_metablock]: quantQualityVals[1]: qp: 0 r: 0 p: 0 qualityVal: 100
[17:59:54:867] [95171:000173f6] [DEBUG][com.freerdp.channels.rdpgfx.client] - [rdpgfx_read_h264_metablock]: quantQualityVals[2]: qp: 0 r: 0 p: 0 qualityVal: 100
[17:59:54:867] [95171:000173f6] [DEBUG][com.freerdp.channels.rdpgfx.client] - [rdpgfx_read_h264_metablock]: quantQualityVals[3]: qp: 0 r: 0 p: 0 qualityVal: 100
[17:59:54:867] [95171:000173f6] [DEBUG][com.freerdp.channels.rdpgfx.client] - [rdpgfx_read_h264_metablock]: quantQualityVals[4]: qp: 0 r: 0 p: 0 qualityVal: 100
[17:59:54:867] [95171:000173f6] [DEBUG][com.freerdp.channels.rdpgfx.client] - [rdpgfx_read_h264_metablock]: quantQualityVals[5]: qp: 0 r: 0 p: 0 qualityVal: 100
[17:59:54:867] [95171:000173f6] [DEBUG][com.freerdp.channels.rdpgfx.client] - [rdpgfx_read_h264_metablock]: quantQualityVals[6]: qp: 0 r: 0 p: 0 qualityVal: 100
[17:59:54:867] [95171:000173f6] [DEBUG][com.freerdp.channels.rdpgfx.client] - [rdpgfx_read_h264_metablock]: quantQualityVals[7]: qp: 0 r: 0 p: 0 qualityVal: 100
[17:59:54:867] [95171:000173f6] [DEBUG][com.freerdp.channels.rdpgfx.client] - [rdpgfx_read_h264_metablock]: quantQualityVals[8]: qp: 0 r: 0 p: 0 qualityVal: 100
[17:59:54:867] [95171:000173f6] [DEBUG][com.freerdp.channels.rdpgfx.client] - [rdpgfx_read_h264_metablock]: quantQualityVals[9]: qp: 0 r: 0 p: 0 qualityVal: 100
[17:59:54:894] [95171:000173f5] [DEBUG][com.freerdp.channels.rdpsnd.client] - [rdpsnd_recv_wave2_pdu]: [dynamic] Wave2PDU: cBlockNo: 41 wFormatNo: 1 [WAVE_FORMAT_PCM] , align=4 wTimeStamp=0xe90b, dwAudioTimeStamp=0x0000e90b
[17:59:54:894] [95171:000173f5] [DEBUG][com.freerdp.channels.rdpsnd.client] - [rdpsnd_treat_wave]: [dynamic] Wave: cBlockNo: 41 wTimeStamp: 59659, size: 11292
[17:59:54:894] [95171:000173f5] [DEBUG][com.freerdp.channels.rdpsnd.client] - [audio_format_print]: WAVE_FORMAT_PCM:	 wFormatTag: 0x0001 nChannels: 2 nSamplesPerSec: 44100 nAvgBytesPerSec: 176400 nBlockAlign: 4 wBitsPerSample: 16 cbSize: 0
[17:59:54:898] [95171:000173f6] [DEBUG][com.freerdp.channels.rdpgfx.client] - [rdpgfx_read_h264_metablock]: H264_METABLOCK: numRegionRects: 10
[17:59:54:898] [95171:000173f6] [DEBUG][com.freerdp.channels.rdpgfx.client] - [rdpgfx_read_h264_metablock]: regionRects[0]: left: 0 top: 320 right: 64 bottom: 384
[17:59:54:898] [95171:000173f6] [DEBUG][com.freerdp.channels.rdpgfx.client] - [rdpgfx_read_h264_metablock]: regionRects[1]: left: 192 top: 320 right: 256 bottom: 384
[17:59:54:898] [95171:000173f6] [DEBUG][com.freerdp.channels.rdpgfx.client] - [rdpgfx_read_h264_metablock]: regionRects[2]: left: 0 top: 384 right: 64 bottom: 448
[17:59:54:898] [95171:000173f6] [DEBUG][com.freerdp.channels.rdpgfx.client] - [rdpgfx_read_h264_metablock]: regionRects[3]: left: 192 top: 384 right: 256 bottom: 448
[17:59:54:898] [95171:000173f6] [DEBUG][com.freerdp.channels.rdpgfx.client] - [rdpgfx_read_h264_metablock]: regionRects[4]: left: 0 top: 704 right: 64 bottom: 768
[17:59:54:898] [95171:000173f6] [DEBUG][com.freerdp.channels.rdpgfx.client] - [rdpgfx_read_h264_metablock]: regionRects[5]: left: 192 top: 704 right: 256 bottom: 768
[17:59:54:898] [95171:000173f6] [DEBUG][com.freerdp.channels.rdpgfx.client] - [rdpgfx_read_h264_metablock]: regionRects[6]: left: 0 top: 768 right: 64 bottom: 800
[17:59:54:898] [95171:000173f6] [DEBUG][com.freerdp.channels.rdpgfx.client] - [rdpgfx_read_h264_metablock]: regionRects[7]: left: 64 top: 768 right: 128 bottom: 800
[17:59:54:898] [95171:000173f6] [DEBUG][com.freerdp.channels.rdpgfx.client] - [rdpgfx_read_h264_metablock]: regionRects[8]: left: 128 top: 768 right: 192 bottom: 800
[17:59:54:898] [95171:000173f6] [DEBUG][com.freerdp.channels.rdpgfx.client] - [rdpgfx_read_h264_metablock]: regionRects[9]: left: 192 top: 768 right: 256 bottom: 800
[17:59:54:898] [95171:000173f6] [DEBUG][com.freerdp.channels.rdpgfx.client] - [rdpgfx_read_h264_metablock]: quantQualityVals[0]: qp: 0 r: 0 p: 0 qualityVal: 100
[17:59:54:898] [95171:000173f6] [DEBUG][com.freerdp.channels.rdpgfx.client] - [rdpgfx_read_h264_metablock]: quantQualityVals[1]: qp: 0 r: 0 p: 0 qualityVal: 100
[17:59:54:898] [95171:000173f6] [DEBUG][com.freerdp.channels.rdpgfx.client] - [rdpgfx_read_h264_metablock]: quantQualityVals[2]: qp: 0 r: 0 p: 0 qualityVal: 100
[17:59:54:898] [95171:000173f6] [DEBUG][com.freerdp.channels.rdpgfx.client] - [rdpgfx_read_h264_metablock]: quantQualityVals[3]: qp: 0 r: 0 p: 0 qualityVal: 100
[17:59:54:898] [95171:000173f6] [DEBUG][com.freerdp.channels.rdpgfx.client] - [rdpgfx_read_h264_metablock]: quantQualityVals[4]: qp: 0 r: 0 p: 0 qualityVal: 100
[17:59:54:898] [95171:000173f6] [DEBUG][com.freerdp.channels.rdpgfx.client] - [rdpgfx_read_h264_metablock]: quantQualityVals[5]: qp: 0 r: 0 p: 0 qualityVal: 100
[17:59:54:898] [95171:000173f6] [DEBUG][com.freerdp.channels.rdpgfx.client] - [rdpgfx_read_h264_metablock]: quantQualityVals[6]: qp: 0 r: 0 p: 0 qualityVal: 100
[17:59:54:898] [95171:000173f6] [DEBUG][com.freerdp.channels.rdpgfx.client] - [rdpgfx_read_h264_metablock]: quantQualityVals[7]: qp: 0 r: 0 p: 0 qualityVal: 100
[17:59:54:898] [95171:000173f6] [DEBUG][com.freerdp.channels.rdpgfx.client] - [rdpgfx_read_h264_metablock]: quantQualityVals[8]: qp: 0 r: 0 p: 0 qualityVal: 100
[17:59:54:898] [95171:000173f6] [DEBUG][com.freerdp.channels.rdpgfx.client] - [rdpgfx_read_h264_metablock]: quantQualityVals[9]: qp: 0 r: 0 p: 0 qualityVal: 100
[17:59:54:960] [95171:000173f5] [DEBUG][com.freerdp.channels.rdpsnd.client] - [rdpsnd_recv_wave2_pdu]: [dynamic] Wave2PDU: cBlockNo: 42 wFormatNo: 1 [WAVE_FORMAT_PCM] , align=4 wTimeStamp=0xe94d, dwAudioTimeStamp=0x0000e94d
[17:59:54:960] [95171:000173f5] [DEBUG][com.freerdp.channels.rdpsnd.client] - [rdpsnd_treat_wave]: [dynamic] Wave: cBlockNo: 42 wTimeStamp: 59725, size: 11288
[17:59:54:960] [95171:000173f5] [DEBUG][com.freerdp.channels.rdpsnd.client] - [audio_format_print]: WAVE_FORMAT_PCM:	 wFormatTag: 0x0001 nChannels: 2 nSamplesPerSec: 44100 nAvgBytesPerSec: 176400 nBlockAlign: 4 wBitsPerSample: 16 cbSize: 0
[17:59:54:965] [95171:000173f6] [DEBUG][com.freerdp.channels.rdpgfx.client] - [rdpgfx_read_h264_metablock]: H264_METABLOCK: numRegionRects: 7
[17:59:54:965] [95171:000173f6] [DEBUG][com.freerdp.channels.rdpgfx.client] - [rdpgfx_read_h264_metablock]: regionRects[0]: left: 0 top: 320 right: 64 bottom: 384
[17:59:54:965] [95171:000173f6] [DEBUG][com.freerdp.channels.rdpgfx.client] - [rdpgfx_read_h264_metablock]: regionRects[1]: left: 0 top: 384 right: 64 bottom: 448
[17:59:54:965] [95171:000173f6] [DEBUG][com.freerdp.channels.rdpgfx.client] - [rdpgfx_read_h264_metablock]: regionRects[2]: left: 0 top: 704 right: 64 bottom: 768
[17:59:54:965] [95171:000173f6] [DEBUG][com.freerdp.channels.rdpgfx.client] - [rdpgfx_read_h264_metablock]: regionRects[3]: left: 0 top: 768 right: 64 bottom: 800
[17:59:54:965] [95171:000173f6] [DEBUG][com.freerdp.channels.rdpgfx.client] - [rdpgfx_read_h264_metablock]: regionRects[4]: left: 64 top: 768 right: 128 bottom: 800
[17:59:54:965] [95171:000173f6] [DEBUG][com.freerdp.channels.rdpgfx.client] - [rdpgfx_read_h264_metablock]: regionRects[5]: left: 128 top: 768 right: 192 bottom: 800
[17:59:54:965] [95171:000173f6] [DEBUG][com.freerdp.channels.rdpgfx.client] - [rdpgfx_read_h264_metablock]: regionRects[6]: left: 192 top: 768 right: 256 bottom: 800
[17:59:54:965] [95171:000173f6] [DEBUG][com.freerdp.channels.rdpgfx.client] - [rdpgfx_read_h264_metablock]: quantQualityVals[0]: qp: 0 r: 0 p: 0 qualityVal: 100
[17:59:54:965] [95171:000173f6] [DEBUG][com.freerdp.channels.rdpgfx.client] - [rdpgfx_read_h264_metablock]: quantQualityVals[1]: qp: 0 r: 0 p: 0 qualityVal: 100
[17:59:54:965] [95171:000173f6] [DEBUG][com.freerdp.channels.rdpgfx.client] - [rdpgfx_read_h264_metablock]: quantQualityVals[2]: qp: 0 r: 0 p: 0 qualityVal: 100
[17:59:54:965] [95171:000173f6] [DEBUG][com.freerdp.channels.rdpgfx.client] - [rdpgfx_read_h264_metablock]: quantQualityVals[3]: qp: 0 r: 0 p: 0 qualityVal: 100
[17:59:54:965] [95171:000173f6] [DEBUG][com.freerdp.channels.rdpgfx.client] - [rdpgfx_read_h264_metablock]: quantQualityVals[4]: qp: 0 r: 0 p: 0 qualityVal: 100
[17:59:54:965] [95171:000173f6] [DEBUG][com.freerdp.channels.rdpgfx.client] - [rdpgfx_read_h264_metablock]: quantQualityVals[5]: qp: 0 r: 0 p: 0 qualityVal: 100
[17:59:54:965] [95171:000173f6] [DEBUG][com.freerdp.channels.rdpgfx.client] - [rdpgfx_read_h264_metablock]: quantQualityVals[6]: qp: 0 r: 0 p: 0 qualityVal: 100
[17:59:55:025] [95171:000173f5] [DEBUG][com.freerdp.channels.rdpsnd.client] - [rdpsnd_recv_wave2_pdu]: [dynamic] Wave2PDU: cBlockNo: 43 wFormatNo: 1 [WAVE_FORMAT_PCM] , align=4 wTimeStamp=0xe98f, dwAudioTimeStamp=0x0000e98f
[17:59:55:026] [95171:000173f5] [DEBUG][com.freerdp.channels.rdpsnd.client] - [rdpsnd_treat_wave]: [dynamic] Wave: cBlockNo: 43 wTimeStamp: 59791, size: 12232
[17:59:55:026] [95171:000173f5] [DEBUG][com.freerdp.channels.rdpsnd.client] - [audio_format_print]: WAVE_FORMAT_PCM:	 wFormatTag: 0x0001 nChannels: 2 nSamplesPerSec: 44100 nAvgBytesPerSec: 176400 nBlockAlign: 4 wBitsPerSample: 16 cbSize: 0
[17:59:55:092] [95171:000173f5] [DEBUG][com.freerdp.channels.rdpsnd.client] - [rdpsnd_recv_wave2_pdu]: [dynamic] Wave2PDU: cBlockNo: 44 wFormatNo: 1 [WAVE_FORMAT_PCM] , align=4 wTimeStamp=0xe9d1, dwAudioTimeStamp=0x0000e9d1
[17:59:55:092] [95171:000173f5] [DEBUG][com.freerdp.channels.rdpsnd.client] - [rdpsnd_treat_wave]: [dynamic] Wave: cBlockNo: 44 wTimeStamp: 59857, size: 11288
[17:59:55:092] [95171:000173f5] [DEBUG][com.freerdp.channels.rdpsnd.client] - [audio_format_print]: WAVE_FORMAT_PCM:	 wFormatTag: 0x0001 nChannels: 2 nSamplesPerSec: 44100 nAvgBytesPerSec: 176400 nBlockAlign: 4 wBitsPerSample: 16 cbSize: 0
[17:59:55:158] [95171:000173f5] [DEBUG][com.freerdp.channels.rdpsnd.client] - [rdpsnd_recv_wave2_pdu]: [dynamic] Wave2PDU: cBlockNo: 45 wFormatNo: 1 [WAVE_FORMAT_PCM] , align=4 wTimeStamp=0xea13, dwAudioTimeStamp=0x0000ea13
[17:59:55:158] [95171:000173f5] [DEBUG][com.freerdp.channels.rdpsnd.client] - [rdpsnd_treat_wave]: [dynamic] Wave: cBlockNo: 45 wTimeStamp: 59923, size: 12232
[17:59:55:158] [95171:000173f5] [DEBUG][com.freerdp.channels.rdpsnd.client] - [audio_format_print]: WAVE_FORMAT_PCM:	 wFormatTag: 0x0001 nChannels: 2 nSamplesPerSec: 44100 nAvgBytesPerSec: 176400 nBlockAlign: 4 wBitsPerSample: 16 cbSize: 0
[17:59:55:197] [95171:000173f6] [DEBUG][com.freerdp.channels.rdpgfx.client] - [rdpgfx_read_h264_metablock]: H264_METABLOCK: numRegionRects: 4
[17:59:55:197] [95171:000173f6] [DEBUG][com.freerdp.channels.rdpgfx.client] - [rdpgfx_read_h264_metablock]: regionRects[0]: left: 0 top: 768 right: 64 bottom: 800
[17:59:55:197] [95171:000173f6] [DEBUG][com.freerdp.channels.rdpgfx.client] - [rdpgfx_read_h264_metablock]: regionRects[1]: left: 64 top: 768 right: 128 bottom: 800
[17:59:55:197] [95171:000173f6] [DEBUG][com.freerdp.channels.rdpgfx.client] - [rdpgfx_read_h264_metablock]: regionRects[2]: left: 128 top: 768 right: 192 bottom: 800
[17:59:55:197] [95171:000173f6] [DEBUG][com.freerdp.channels.rdpgfx.client] - [rdpgfx_read_h264_metablock]: regionRects[3]: left: 192 top: 768 right: 256 bottom: 800
[17:59:55:197] [95171:000173f6] [DEBUG][com.freerdp.channels.rdpgfx.client] - [rdpgfx_read_h264_metablock]: quantQualityVals[0]: qp: 0 r: 0 p: 0 qualityVal: 100
[17:59:55:197] [95171:000173f6] [DEBUG][com.freerdp.channels.rdpgfx.client] - [rdpgfx_read_h264_metablock]: quantQualityVals[1]: qp: 0 r: 0 p: 0 qualityVal: 100
[17:59:55:197] [95171:000173f6] [DEBUG][com.freerdp.channels.rdpgfx.client] - [rdpgfx_read_h264_metablock]: quantQualityVals[2]: qp: 0 r: 0 p: 0 qualityVal: 100
[17:59:55:197] [95171:000173f6] [DEBUG][com.freerdp.channels.rdpgfx.client] - [rdpgfx_read_h264_metablock]: quantQualityVals[3]: qp: 0 r: 0 p: 0 qualityVal: 100
[17:59:55:225] [95171:000173f5] [DEBUG][com.freerdp.channels.rdpsnd.client] - [rdpsnd_recv_wave2_pdu]: [dynamic] Wave2PDU: cBlockNo: 46 wFormatNo: 1 [WAVE_FORMAT_PCM] , align=4 wTimeStamp=0xea56, dwAudioTimeStamp=0x0000ea56
[17:59:55:225] [95171:000173f5] [DEBUG][com.freerdp.channels.rdpsnd.client] - [rdpsnd_treat_wave]: [dynamic] Wave: cBlockNo: 46 wTimeStamp: 59990, size: 11288
[17:59:55:225] [95171:000173f5] [DEBUG][com.freerdp.channels.rdpsnd.client] - [audio_format_print]: WAVE_FORMAT_PCM:	 wFormatTag: 0x0001 nChannels: 2 nSamplesPerSec: 44100 nAvgBytesPerSec: 176400 nBlockAlign: 4 wBitsPerSample: 16 cbSize: 0
[17:59:55:230] [95171:000173f6] [DEBUG][com.freerdp.channels.rdpgfx.client] - [rdpgfx_read_h264_metablock]: H264_METABLOCK: numRegionRects: 4
[17:59:55:230] [95171:000173f6] [DEBUG][com.freerdp.channels.rdpgfx.client] - [rdpgfx_read_h264_metablock]: regionRects[0]: left: 0 top: 768 right: 64 bottom: 800
[17:59:55:230] [95171:000173f6] [DEBUG][com.freerdp.channels.rdpgfx.client] - [rdpgfx_read_h264_metablock]: regionRects[1]: left: 64 top: 768 right: 128 bottom: 800
[17:59:55:230] [95171:000173f6] [DEBUG][com.freerdp.channels.rdpgfx.client] - [rdpgfx_read_h264_metablock]: regionRects[2]: left: 128 top: 768 right: 192 bottom: 800
[17:59:55:230] [95171:000173f6] [DEBUG][com.freerdp.channels.rdpgfx.client] - [rdpgfx_read_h264_metablock]: regionRects[3]: left: 192 top: 768 right: 256 bottom: 800
[17:59:55:230] [95171:000173f6] [DEBUG][com.freerdp.channels.rdpgfx.client] - [rdpgfx_read_h264_metablock]: quantQualityVals[0]: qp: 0 r: 0 p: 0 qualityVal: 100
[17:59:55:230] [95171:000173f6] [DEBUG][com.freerdp.channels.rdpgfx.client] - [rdpgfx_read_h264_metablock]: quantQualityVals[1]: qp: 0 r: 0 p: 0 qualityVal: 100
[17:59:55:230] [95171:000173f6] [DEBUG][com.freerdp.channels.rdpgfx.client] - [rdpgfx_read_h264_metablock]: quantQualityVals[2]: qp: 0 r: 0 p: 0 qualityVal: 100
[17:59:55:230] [95171:000173f6] [DEBUG][com.freerdp.channels.rdpgfx.client] - [rdpgfx_read_h264_metablock]: quantQualityVals[3]: qp: 0 r: 0 p: 0 qualityVal: 100
[17:59:55:290] [95171:000173f5] [DEBUG][com.freerdp.channels.rdpsnd.client] - [rdpsnd_recv_wave2_pdu]: [dynamic] Wave2PDU: cBlockNo: 47 wFormatNo: 1 [WAVE_FORMAT_PCM] , align=4 wTimeStamp=0xea97, dwAudioTimeStamp=0x0000ea97
[17:59:55:290] [95171:000173f5] [DEBUG][com.freerdp.channels.rdpsnd.client] - [rdpsnd_treat_wave]: [dynamic] Wave: cBlockNo: 47 wTimeStamp: 60055, size: 11292
[17:59:55:290] [95171:000173f5] [DEBUG][com.freerdp.channels.rdpsnd.client] - [audio_format_print]: WAVE_FORMAT_PCM:	 wFormatTag: 0x0001 nChannels: 2 nSamplesPerSec: 44100 nAvgBytesPerSec: 176400 nBlockAlign: 4 wBitsPerSample: 16 cbSize: 0
[17:59:55:296] [95171:000173f6] [DEBUG][com.freerdp.channels.rdpgfx.client] - [rdpgfx_read_h264_metablock]: H264_METABLOCK: numRegionRects: 4
[17:59:55:296] [95171:000173f6] [DEBUG][com.freerdp.channels.rdpgfx.client] - [rdpgfx_read_h264_metablock]: regionRects[0]: left: 0 top: 768 right: 64 bottom: 800
[17:59:55:296] [95171:000173f6] [DEBUG][com.freerdp.channels.rdpgfx.client] - [rdpgfx_read_h264_metablock]: regionRects[1]: left: 64 top: 768 right: 128 bottom: 800
[17:59:55:296] [95171:000173f6] [DEBUG][com.freerdp.channels.rdpgfx.client] - [rdpgfx_read_h264_metablock]: regionRects[2]: left: 128 top: 768 right: 192 bottom: 800
[17:59:55:296] [95171:000173f6] [DEBUG][com.freerdp.channels.rdpgfx.client] - [rdpgfx_read_h264_metablock]: regionRects[3]: left: 192 top: 768 right: 256 bottom: 800
[17:59:55:296] [95171:000173f6] [DEBUG][com.freerdp.channels.rdpgfx.client] - [rdpgfx_read_h264_metablock]: quantQualityVals[0]: qp: 0 r: 0 p: 0 qualityVal: 100
[17:59:55:296] [95171:000173f6] [DEBUG][com.freerdp.channels.rdpgfx.client] - [rdpgfx_read_h264_metablock]: quantQualityVals[1]: qp: 0 r: 0 p: 0 qualityVal: 100
[17:59:55:296] [95171:000173f6] [DEBUG][com.freerdp.channels.rdpgfx.client] - [rdpgfx_read_h264_metablock]: quantQualityVals[2]: qp: 0 r: 0 p: 0 qualityVal: 100
[17:59:55:296] [95171:000173f6] [DEBUG][com.freerdp.channels.rdpgfx.client] - [rdpgfx_read_h264_metablock]: quantQualityVals[3]: qp: 0 r: 0 p: 0 qualityVal: 100
[17:59:55:356] [95171:000173f5] [DEBUG][com.freerdp.channels.rdpsnd.client] - [rdpsnd_recv_wave2_pdu]: [dynamic] Wave2PDU: cBlockNo: 48 wFormatNo: 1 [WAVE_FORMAT_PCM] , align=4 wTimeStamp=0xead9, dwAudioTimeStamp=0x0000ead9
[17:59:55:356] [95171:000173f5] [DEBUG][com.freerdp.channels.rdpsnd.client] - [rdpsnd_treat_wave]: [dynamic] Wave: cBlockNo: 48 wTimeStamp: 60121, size: 11288
[17:59:55:356] [95171:000173f5] [DEBUG][com.freerdp.channels.rdpsnd.client] - [audio_format_print]: WAVE_FORMAT_PCM:	 wFormatTag: 0x0001 nChannels: 2 nSamplesPerSec: 44100 nAvgBytesPerSec: 176400 nBlockAlign: 4 wBitsPerSample: 16 cbSize: 0
[17:59:55:422] [95171:000173f5] [DEBUG][com.freerdp.channels.rdpsnd.client] - [rdpsnd_recv_wave2_pdu]: [dynamic] Wave2PDU: cBlockNo: 49 wFormatNo: 1 [WAVE_FORMAT_PCM] , align=4 wTimeStamp=0xeb1b, dwAudioTimeStamp=0x0000eb1b
[17:59:55:422] [95171:000173f5] [DEBUG][com.freerdp.channels.rdpsnd.client] - [rdpsnd_treat_wave]: [dynamic] Wave: cBlockNo: 49 wTimeStamp: 60187, size: 12232
[17:59:55:422] [95171:000173f5] [DEBUG][com.freerdp.channels.rdpsnd.client] - [audio_format_print]: WAVE_FORMAT_PCM:	 wFormatTag: 0x0001 nChannels: 2 nSamplesPerSec: 44100 nAvgBytesPerSec: 176400 nBlockAlign: 4 wBitsPerSample: 16 cbSize: 0
[17:59:55:428] [95171:000173f6] [DEBUG][com.freerdp.channels.rdpgfx.client] - [rdpgfx_read_h264_metablock]: H264_METABLOCK: numRegionRects: 4
[17:59:55:428] [95171:000173f6] [DEBUG][com.freerdp.channels.rdpgfx.client] - [rdpgfx_read_h264_metablock]: regionRects[0]: left: 0 top: 768 right: 64 bottom: 800
[17:59:55:428] [95171:000173f6] [DEBUG][com.freerdp.channels.rdpgfx.client] - [rdpgfx_read_h264_metablock]: regionRects[1]: left: 64 top: 768 right: 128 bottom: 800
[17:59:55:428] [95171:000173f6] [DEBUG][com.freerdp.channels.rdpgfx.client] - [rdpgfx_read_h264_metablock]: regionRects[2]: left: 128 top: 768 right: 192 bottom: 800
[17:59:55:428] [95171:000173f6] [DEBUG][com.freerdp.channels.rdpgfx.client] - [rdpgfx_read_h264_metablock]: regionRects[3]: left: 192 top: 768 right: 256 bottom: 800
[17:59:55:428] [95171:000173f6] [DEBUG][com.freerdp.channels.rdpgfx.client] - [rdpgfx_read_h264_metablock]: quantQualityVals[0]: qp: 0 r: 0 p: 0 qualityVal: 100
[17:59:55:428] [95171:000173f6] [DEBUG][com.freerdp.channels.rdpgfx.client] - [rdpgfx_read_h264_metablock]: quantQualityVals[1]: qp: 0 r: 0 p: 0 qualityVal: 100
[17:59:55:428] [95171:000173f6] [DEBUG][com.freerdp.channels.rdpgfx.client] - [rdpgfx_read_h264_metablock]: quantQualityVals[2]: qp: 0 r: 0 p: 0 qualityVal: 100
[17:59:55:428] [95171:000173f6] [DEBUG][com.freerdp.channels.rdpgfx.client] - [rdpgfx_read_h264_metablock]: quantQualityVals[3]: qp: 0 r: 0 p: 0 qualityVal: 100
[17:59:55:463] [95171:000173f6] [DEBUG][com.freerdp.channels.rdpgfx.client] - [rdpgfx_read_h264_metablock]: H264_METABLOCK: numRegionRects: 4
[17:59:55:463] [95171:000173f6] [DEBUG][com.freerdp.channels.rdpgfx.client] - [rdpgfx_read_h264_metablock]: regionRects[0]: left: 0 top: 768 right: 64 bottom: 800
[17:59:55:463] [95171:000173f6] [DEBUG][com.freerdp.channels.rdpgfx.client] - [rdpgfx_read_h264_metablock]: regionRects[1]: left: 64 top: 768 right: 128 bottom: 800
[17:59:55:463] [95171:000173f6] [DEBUG][com.freerdp.channels.rdpgfx.client] - [rdpgfx_read_h264_metablock]: regionRects[2]: left: 128 top: 768 right: 192 bottom: 800
[17:59:55:463] [95171:000173f6] [DEBUG][com.freerdp.channels.rdpgfx.client] - [rdpgfx_read_h264_metablock]: regionRects[3]: left: 192 top: 768 right: 256 bottom: 800
[17:59:55:463] [95171:000173f6] [DEBUG][com.freerdp.channels.rdpgfx.client] - [rdpgfx_read_h264_metablock]: quantQualityVals[0]: qp: 0 r: 0 p: 0 qualityVal: 100
[17:59:55:463] [95171:000173f6] [DEBUG][com.freerdp.channels.rdpgfx.client] - [rdpgfx_read_h264_metablock]: quantQualityVals[1]: qp: 0 r: 0 p: 0 qualityVal: 100
[17:59:55:463] [95171:000173f6] [DEBUG][com.freerdp.channels.rdpgfx.client] - [rdpgfx_read_h264_metablock]: quantQualityVals[2]: qp: 0 r: 0 p: 0 qualityVal: 100
[17:59:55:463] [95171:000173f6] [DEBUG][com.freerdp.channels.rdpgfx.client] - [rdpgfx_read_h264_metablock]: quantQualityVals[3]: qp: 0 r: 0 p: 0 qualityVal: 100
[17:59:55:488] [95171:000173f5] [DEBUG][com.freerdp.channels.rdpsnd.client] - [rdpsnd_recv_wave2_pdu]: [dynamic] Wave2PDU: cBlockNo: 50 wFormatNo: 1 [WAVE_FORMAT_PCM] , align=4 wTimeStamp=0xeb5e, dwAudioTimeStamp=0x0000eb5e
[17:59:55:488] [95171:000173f5] [DEBUG][com.freerdp.channels.rdpsnd.client] - [rdpsnd_treat_wave]: [dynamic] Wave: cBlockNo: 50 wTimeStamp: 60254, size: 12228
[17:59:55:488] [95171:000173f5] [DEBUG][com.freerdp.channels.rdpsnd.client] - [audio_format_print]: WAVE_FORMAT_PCM:	 wFormatTag: 0x0001 nChannels: 2 nSamplesPerSec: 44100 nAvgBytesPerSec: 176400 nBlockAlign: 4 wBitsPerSample: 16 cbSize: 0
[17:59:55:525] [95171:000173f6] [DEBUG][com.freerdp.channels.rdpgfx.client] - [rdpgfx_read_h264_metablock]: H264_METABLOCK: numRegionRects: 4
[17:59:55:525] [95171:000173f6] [DEBUG][com.freerdp.channels.rdpgfx.client] - [rdpgfx_read_h264_metablock]: regionRects[0]: left: 0 top: 768 right: 64 bottom: 800
[17:59:55:525] [95171:000173f6] [DEBUG][com.freerdp.channels.rdpgfx.client] - [rdpgfx_read_h264_metablock]: regionRects[1]: left: 64 top: 768 right: 128 bottom: 800
[17:59:55:525] [95171:000173f6] [DEBUG][com.freerdp.channels.rdpgfx.client] - [rdpgfx_read_h264_metablock]: regionRects[2]: left: 128 top: 768 right: 192 bottom: 800
[17:59:55:525] [95171:000173f6] [DEBUG][com.freerdp.channels.rdpgfx.client] - [rdpgfx_read_h264_metablock]: regionRects[3]: left: 192 top: 768 right: 256 bottom: 800
[17:59:55:525] [95171:000173f6] [DEBUG][com.freerdp.channels.rdpgfx.client] - [rdpgfx_read_h264_metablock]: quantQualityVals[0]: qp: 0 r: 0 p: 0 qualityVal: 100
[17:59:55:525] [95171:000173f6] [DEBUG][com.freerdp.channels.rdpgfx.client] - [rdpgfx_read_h264_metablock]: quantQualityVals[1]: qp: 0 r: 0 p: 0 qualityVal: 100
[17:59:55:525] [95171:000173f6] [DEBUG][com.freerdp.channels.rdpgfx.client] - [rdpgfx_read_h264_metablock]: quantQualityVals[2]: qp: 0 r: 0 p: 0 qualityVal: 100
[17:59:55:525] [95171:000173f6] [DEBUG][com.freerdp.channels.rdpgfx.client] - [rdpgfx_read_h264_metablock]: quantQualityVals[3]: qp: 0 r: 0 p: 0 qualityVal: 100
[17:59:55:554] [95171:000173f5] [DEBUG][com.freerdp.channels.rdpsnd.client] - [rdpsnd_recv_wave2_pdu]: [dynamic] Wave2PDU: cBlockNo: 51 wFormatNo: 1 [WAVE_FORMAT_PCM] , align=4 wTimeStamp=0xeba0, dwAudioTimeStamp=0x0000eba0
[17:59:55:554] [95171:000173f5] [DEBUG][com.freerdp.channels.rdpsnd.client] - [rdpsnd_treat_wave]: [dynamic] Wave: cBlockNo: 51 wTimeStamp: 60320, size: 11292
[17:59:55:554] [95171:000173f5] [DEBUG][com.freerdp.channels.rdpsnd.client] - [audio_format_print]: WAVE_FORMAT_PCM:	 wFormatTag: 0x0001 nChannels: 2 nSamplesPerSec: 44100 nAvgBytesPerSec: 176400 nBlockAlign: 4 wBitsPerSample: 16 cbSize: 0
[17:59:55:558] [95171:000173f6] [DEBUG][com.freerdp.channels.rdpgfx.client] - [rdpgfx_read_h264_metablock]: H264_METABLOCK: numRegionRects: 4
[17:59:55:558] [95171:000173f6] [DEBUG][com.freerdp.channels.rdpgfx.client] - [rdpgfx_read_h264_metablock]: regionRects[0]: left: 192 top: 320 right: 256 bottom: 384
[17:59:55:558] [95171:000173f6] [DEBUG][com.freerdp.channels.rdpgfx.client] - [rdpgfx_read_h264_metablock]: regionRects[1]: left: 192 top: 384 right: 256 bottom: 448
[17:59:55:558] [95171:000173f6] [DEBUG][com.freerdp.channels.rdpgfx.client] - [rdpgfx_read_h264_metablock]: regionRects[2]: left: 192 top: 704 right: 256 bottom: 768
[17:59:55:558] [95171:000173f6] [DEBUG][com.freerdp.channels.rdpgfx.client] - [rdpgfx_read_h264_metablock]: regionRects[3]: left: 192 top: 768 right: 256 bottom: 800
[17:59:55:558] [95171:000173f6] [DEBUG][com.freerdp.channels.rdpgfx.client] - [rdpgfx_read_h264_metablock]: quantQualityVals[0]: qp: 0 r: 0 p: 0 qualityVal: 100
[17:59:55:558] [95171:000173f6] [DEBUG][com.freerdp.channels.rdpgfx.client] - [rdpgfx_read_h264_metablock]: quantQualityVals[1]: qp: 0 r: 0 p: 0 qualityVal: 100
[17:59:55:558] [95171:000173f6] [DEBUG][com.freerdp.channels.rdpgfx.client] - [rdpgfx_read_h264_metablock]: quantQualityVals[2]: qp: 0 r: 0 p: 0 qualityVal: 100
[17:59:55:558] [95171:000173f6] [DEBUG][com.freerdp.channels.rdpgfx.client] - [rdpgfx_read_h264_metablock]: quantQualityVals[3]: qp: 0 r: 0 p: 0 qualityVal: 100
[17:59:55:620] [95171:000173f5] [DEBUG][com.freerdp.channels.rdpsnd.client] - [rdpsnd_recv_wave2_pdu]: [dynamic] Wave2PDU: cBlockNo: 52 wFormatNo: 1 [WAVE_FORMAT_PCM] , align=4 wTimeStamp=0xebe1, dwAudioTimeStamp=0x0000ebe1
[17:59:55:620] [95171:000173f5] [DEBUG][com.freerdp.channels.rdpsnd.client] - [rdpsnd_treat_wave]: [dynamic] Wave: cBlockNo: 52 wTimeStamp: 60385, size: 11288
[17:59:55:620] [95171:000173f5] [DEBUG][com.freerdp.channels.rdpsnd.client] - [audio_format_print]: WAVE_FORMAT_PCM:	 wFormatTag: 0x0001 nChannels: 2 nSamplesPerSec: 44100 nAvgBytesPerSec: 176400 nBlockAlign: 4 wBitsPerSample: 16 cbSize: 0
[17:59:55:657] [95171:000173f6] [DEBUG][com.freerdp.channels.rdpgfx.client] - [rdpgfx_read_h264_metablock]: H264_METABLOCK: numRegionRects: 10
[17:59:55:657] [95171:000173f6] [DEBUG][com.freerdp.channels.rdpgfx.client] - [rdpgfx_read_h264_metablock]: regionRects[0]: left: 0 top: 320 right: 64 bottom: 384
[17:59:55:657] [95171:000173f6] [DEBUG][com.freerdp.channels.rdpgfx.client] - [rdpgfx_read_h264_metablock]: regionRects[1]: left: 192 top: 320 right: 256 bottom: 384
[17:59:55:657] [95171:000173f6] [DEBUG][com.freerdp.channels.rdpgfx.client] - [rdpgfx_read_h264_metablock]: regionRects[2]: left: 0 top: 384 right: 64 bottom: 448
[17:59:55:657] [95171:000173f6] [DEBUG][com.freerdp.channels.rdpgfx.client] - [rdpgfx_read_h264_metablock]: regionRects[3]: left: 192 top: 384 right: 256 bottom: 448
[17:59:55:657] [95171:000173f6] [DEBUG][com.freerdp.channels.rdpgfx.client] - [rdpgfx_read_h264_metablock]: regionRects[4]: left: 0 top: 704 right: 64 bottom: 768
[17:59:55:657] [95171:000173f6] [DEBUG][com.freerdp.channels.rdpgfx.client] - [rdpgfx_read_h264_metablock]: regionRects[5]: left: 192 top: 704 right: 256 bottom: 768
[17:59:55:657] [95171:000173f6] [DEBUG][com.freerdp.channels.rdpgfx.client] - [rdpgfx_read_h264_metablock]: regionRects[6]: left: 0 top: 768 right: 64 bottom: 800
[17:59:55:657] [95171:000173f6] [DEBUG][com.freerdp.channels.rdpgfx.client] - [rdpgfx_read_h264_metablock]: regionRects[7]: left: 64 top: 768 right: 128 bottom: 800
[17:59:55:657] [95171:000173f6] [DEBUG][com.freerdp.channels.rdpgfx.client] - [rdpgfx_read_h264_metablock]: regionRects[8]: left: 128 top: 768 right: 192 bottom: 800
[17:59:55:657] [95171:000173f6] [DEBUG][com.freerdp.channels.rdpgfx.client] - [rdpgfx_read_h264_metablock]: regionRects[9]: left: 192 top: 768 right: 256 bottom: 800
[17:59:55:657] [95171:000173f6] [DEBUG][com.freerdp.channels.rdpgfx.client] - [rdpgfx_read_h264_metablock]: quantQualityVals[0]: qp: 0 r: 0 p: 0 qualityVal: 100
[17:59:55:657] [95171:000173f6] [DEBUG][com.freerdp.channels.rdpgfx.client] - [rdpgfx_read_h264_metablock]: quantQualityVals[1]: qp: 0 r: 0 p: 0 qualityVal: 100
[17:59:55:657] [95171:000173f6] [DEBUG][com.freerdp.channels.rdpgfx.client] - [rdpgfx_read_h264_metablock]: quantQualityVals[2]: qp: 0 r: 0 p: 0 qualityVal: 100
[17:59:55:657] [95171:000173f6] [DEBUG][com.freerdp.channels.rdpgfx.client] - [rdpgfx_read_h264_metablock]: quantQualityVals[3]: qp: 0 r: 0 p: 0 qualityVal: 100
[17:59:55:657] [95171:000173f6] [DEBUG][com.freerdp.channels.rdpgfx.client] - [rdpgfx_read_h264_metablock]: quantQualityVals[4]: qp: 0 r: 0 p: 0 qualityVal: 100
[17:59:55:657] [95171:000173f6] [DEBUG][com.freerdp.channels.rdpgfx.client] - [rdpgfx_read_h264_metablock]: quantQualityVals[5]: qp: 0 r: 0 p: 0 qualityVal: 100
[17:59:55:657] [95171:000173f6] [DEBUG][com.freerdp.channels.rdpgfx.client] - [rdpgfx_read_h264_metablock]: quantQualityVals[6]: qp: 0 r: 0 p: 0 qualityVal: 100
[17:59:55:657] [95171:000173f6] [DEBUG][com.freerdp.channels.rdpgfx.client] - [rdpgfx_read_h264_metablock]: quantQualityVals[7]: qp: 0 r: 0 p: 0 qualityVal: 100
[17:59:55:657] [95171:000173f6] [DEBUG][com.freerdp.channels.rdpgfx.client] - [rdpgfx_read_h264_metablock]: quantQualityVals[8]: qp: 0 r: 0 p: 0 qualityVal: 100
[17:59:55:657] [95171:000173f6] [DEBUG][com.freerdp.channels.rdpgfx.client] - [rdpgfx_read_h264_metablock]: quantQualityVals[9]: qp: 0 r: 0 p: 0 qualityVal: 100
[17:59:55:687] [95171:000173f5] [DEBUG][com.freerdp.channels.rdpsnd.client] - [rdpsnd_recv_wave2_pdu]: [dynamic] Wave2PDU: cBlockNo: 53 wFormatNo: 1 [WAVE_FORMAT_PCM] , align=4 wTimeStamp=0xec24, dwAudioTimeStamp=0x0000ec24
[17:59:55:687] [95171:000173f5] [DEBUG][com.freerdp.channels.rdpsnd.client] - [rdpsnd_treat_wave]: [dynamic] Wave: cBlockNo: 53 wTimeStamp: 60452, size: 12232
[17:59:55:687] [95171:000173f5] [DEBUG][com.freerdp.channels.rdpsnd.client] - [audio_format_print]: WAVE_FORMAT_PCM:	 wFormatTag: 0x0001 nChannels: 2 nSamplesPerSec: 44100 nAvgBytesPerSec: 176400 nBlockAlign: 4 wBitsPerSample: 16 cbSize: 0
[17:59:55:752] [95171:000173f5] [DEBUG][com.freerdp.channels.rdpsnd.client] - [rdpsnd_recv_wave2_pdu]: [dynamic] Wave2PDU: cBlockNo: 54 wFormatNo: 1 [WAVE_FORMAT_PCM] , align=4 wTimeStamp=0xec65, dwAudioTimeStamp=0x0000ec65
[17:59:55:752] [95171:000173f5] [DEBUG][com.freerdp.channels.rdpsnd.client] - [rdpsnd_treat_wave]: [dynamic] Wave: cBlockNo: 54 wTimeStamp: 60517, size: 11288
[17:59:55:752] [95171:000173f5] [DEBUG][com.freerdp.channels.rdpsnd.client] - [audio_format_print]: WAVE_FORMAT_PCM:	 wFormatTag: 0x0001 nChannels: 2 nSamplesPerSec: 44100 nAvgBytesPerSec: 176400 nBlockAlign: 4 wBitsPerSample: 16 cbSize: 0
[17:59:55:818] [95171:000173f5] [DEBUG][com.freerdp.channels.rdpsnd.client] - [rdpsnd_recv_wave2_pdu]: [dynamic] Wave2PDU: cBlockNo: 55 wFormatNo: 1 [WAVE_FORMAT_PCM] , align=4 wTimeStamp=0xeca7, dwAudioTimeStamp=0x0000eca7
[17:59:55:818] [95171:000173f5] [DEBUG][com.freerdp.channels.rdpsnd.client] - [rdpsnd_treat_wave]: [dynamic] Wave: cBlockNo: 55 wTimeStamp: 60583, size: 11288
[17:59:55:818] [95171:000173f5] [DEBUG][com.freerdp.channels.rdpsnd.client] - [audio_format_print]: WAVE_FORMAT_PCM:	 wFormatTag: 0x0001 nChannels: 2 nSamplesPerSec: 44100 nAvgBytesPerSec: 176400 nBlockAlign: 4 wBitsPerSample: 16 cbSize: 0
[17:59:55:822] [95171:000173f6] [DEBUG][com.freerdp.channels.rdpgfx.client] - [rdpgfx_read_h264_metablock]: H264_METABLOCK: numRegionRects: 10
[17:59:55:822] [95171:000173f6] [DEBUG][com.freerdp.channels.rdpgfx.client] - [rdpgfx_read_h264_metablock]: regionRects[0]: left: 0 top: 320 right: 64 bottom: 384
[17:59:55:822] [95171:000173f6] [DEBUG][com.freerdp.channels.rdpgfx.client] - [rdpgfx_read_h264_metablock]: regionRects[1]: left: 192 top: 320 right: 256 bottom: 384
[17:59:55:822] [95171:000173f6] [DEBUG][com.freerdp.channels.rdpgfx.client] - [rdpgfx_read_h264_metablock]: regionRects[2]: left: 0 top: 384 right: 64 bottom: 448
[17:59:55:822] [95171:000173f6] [DEBUG][com.freerdp.channels.rdpgfx.client] - [rdpgfx_read_h264_metablock]: regionRects[3]: left: 192 top: 384 right: 256 bottom: 448
[17:59:55:822] [95171:000173f6] [DEBUG][com.freerdp.channels.rdpgfx.client] - [rdpgfx_read_h264_metablock]: regionRects[4]: left: 0 top: 704 right: 64 bottom: 768
[17:59:55:822] [95171:000173f6] [DEBUG][com.freerdp.channels.rdpgfx.client] - [rdpgfx_read_h264_metablock]: regionRects[5]: left: 192 top: 704 right: 256 bottom: 768
[17:59:55:822] [95171:000173f6] [DEBUG][com.freerdp.channels.rdpgfx.client] - [rdpgfx_read_h264_metablock]: regionRects[6]: left: 0 top: 768 right: 64 bottom: 800
[17:59:55:822] [95171:000173f6] [DEBUG][com.freerdp.channels.rdpgfx.client] - [rdpgfx_read_h264_metablock]: regionRects[7]: left: 64 top: 768 right: 128 bottom: 800
[17:59:55:822] [95171:000173f6] [DEBUG][com.freerdp.channels.rdpgfx.client] - [rdpgfx_read_h264_metablock]: regionRects[8]: left: 128 top: 768 right: 192 bottom: 800
[17:59:55:822] [95171:000173f6] [DEBUG][com.freerdp.channels.rdpgfx.client] - [rdpgfx_read_h264_metablock]: regionRects[9]: left: 192 top: 768 right: 256 bottom: 800
[17:59:55:822] [95171:000173f6] [DEBUG][com.freerdp.channels.rdpgfx.client] - [rdpgfx_read_h264_metablock]: quantQualityVals[0]: qp: 0 r: 0 p: 0 qualityVal: 100
[17:59:55:822] [95171:000173f6] [DEBUG][com.freerdp.channels.rdpgfx.client] - [rdpgfx_read_h264_metablock]: quantQualityVals[1]: qp: 0 r: 0 p: 0 qualityVal: 100
[17:59:55:822] [95171:000173f6] [DEBUG][com.freerdp.channels.rdpgfx.client] - [rdpgfx_read_h264_metablock]: quantQualityVals[2]: qp: 0 r: 0 p: 0 qualityVal: 100
[17:59:55:822] [95171:000173f6] [DEBUG][com.freerdp.channels.rdpgfx.client] - [rdpgfx_read_h264_metablock]: quantQualityVals[3]: qp: 0 r: 0 p: 0 qualityVal: 100
[17:59:55:822] [95171:000173f6] [DEBUG][com.freerdp.channels.rdpgfx.client] - [rdpgfx_read_h264_metablock]: quantQualityVals[4]: qp: 0 r: 0 p: 0 qualityVal: 100
[17:59:55:822] [95171:000173f6] [DEBUG][com.freerdp.channels.rdpgfx.client] - [rdpgfx_read_h264_metablock]: quantQualityVals[5]: qp: 0 r: 0 p: 0 qualityVal: 100
[17:59:55:822] [95171:000173f6] [DEBUG][com.freerdp.channels.rdpgfx.client] - [rdpgfx_read_h264_metablock]: quantQualityVals[6]: qp: 0 r: 0 p: 0 qualityVal: 100
[17:59:55:822] [95171:000173f6] [DEBUG][com.freerdp.channels.rdpgfx.client] - [rdpgfx_read_h264_metablock]: quantQualityVals[7]: qp: 0 r: 0 p: 0 qualityVal: 100
[17:59:55:822] [95171:000173f6] [DEBUG][com.freerdp.channels.rdpgfx.client] - [rdpgfx_read_h264_metablock]: quantQualityVals[8]: qp: 0 r: 0 p: 0 qualityVal: 100
[17:59:55:822] [95171:000173f6] [DEBUG][com.freerdp.channels.rdpgfx.client] - [rdpgfx_read_h264_metablock]: quantQualityVals[9]: qp: 0 r: 0 p: 0 qualityVal: 100
[17:59:55:884] [95171:000173f5] [DEBUG][com.freerdp.channels.rdpsnd.client] - [rdpsnd_recv_wave2_pdu]: [dynamic] Wave2PDU: cBlockNo: 56 wFormatNo: 1 [WAVE_FORMAT_PCM] , align=4 wTimeStamp=0xece9, dwAudioTimeStamp=0x0000ece9
[17:59:55:884] [95171:000173f5] [DEBUG][com.freerdp.channels.rdpsnd.client] - [rdpsnd_treat_wave]: [dynamic] Wave: cBlockNo: 56 wTimeStamp: 60649, size: 12232
[17:59:55:884] [95171:000173f5] [DEBUG][com.freerdp.channels.rdpsnd.client] - [audio_format_print]: WAVE_FORMAT_PCM:	 wFormatTag: 0x0001 nChannels: 2 nSamplesPerSec: 44100 nAvgBytesPerSec: 176400 nBlockAlign: 4 wBitsPerSample: 16 cbSize: 0
[17:59:55:888] [95171:000173f6] [DEBUG][com.freerdp.channels.rdpgfx.client] - [rdpgfx_read_h264_metablock]: H264_METABLOCK: numRegionRects: 10
[17:59:55:888] [95171:000173f6] [DEBUG][com.freerdp.channels.rdpgfx.client] - [rdpgfx_read_h264_metablock]: regionRects[0]: left: 0 top: 320 right: 64 bottom: 384
[17:59:55:888] [95171:000173f6] [DEBUG][com.freerdp.channels.rdpgfx.client] - [rdpgfx_read_h264_metablock]: regionRects[1]: left: 192 top: 320 right: 256 bottom: 384
[17:59:55:888] [95171:000173f6] [DEBUG][com.freerdp.channels.rdpgfx.client] - [rdpgfx_read_h264_metablock]: regionRects[2]: left: 0 top: 384 right: 64 bottom: 448
[17:59:55:888] [95171:000173f6] [DEBUG][com.freerdp.channels.rdpgfx.client] - [rdpgfx_read_h264_metablock]: regionRects[3]: left: 192 top: 384 right: 256 bottom: 448
[17:59:55:888] [95171:000173f6] [DEBUG][com.freerdp.channels.rdpgfx.client] - [rdpgfx_read_h264_metablock]: regionRects[4]: left: 0 top: 704 right: 64 bottom: 768
[17:59:55:888] [95171:000173f6] [DEBUG][com.freerdp.channels.rdpgfx.client] - [rdpgfx_read_h264_metablock]: regionRects[5]: left: 192 top: 704 right: 256 bottom: 768
[17:59:55:889] [95171:000173f6] [DEBUG][com.freerdp.channels.rdpgfx.client] - [rdpgfx_read_h264_metablock]: regionRects[6]: left: 0 top: 768 right: 64 bottom: 800
[17:59:55:889] [95171:000173f6] [DEBUG][com.freerdp.channels.rdpgfx.client] - [rdpgfx_read_h264_metablock]: regionRects[7]: left: 64 top: 768 right: 128 bottom: 800
[17:59:55:889] [95171:000173f6] [DEBUG][com.freerdp.channels.rdpgfx.client] - [rdpgfx_read_h264_metablock]: regionRects[8]: left: 128 top: 768 right: 192 bottom: 800
[17:59:55:889] [95171:000173f6] [DEBUG][com.freerdp.channels.rdpgfx.client] - [rdpgfx_read_h264_metablock]: regionRects[9]: left: 192 top: 768 right: 256 bottom: 800
[17:59:55:889] [95171:000173f6] [DEBUG][com.freerdp.channels.rdpgfx.client] - [rdpgfx_read_h264_metablock]: quantQualityVals[0]: qp: 0 r: 0 p: 0 qualityVal: 100
[17:59:55:889] [95171:000173f6] [DEBUG][com.freerdp.channels.rdpgfx.client] - [rdpgfx_read_h264_metablock]: quantQualityVals[1]: qp: 0 r: 0 p: 0 qualityVal: 100
[17:59:55:889] [95171:000173f6] [DEBUG][com.freerdp.channels.rdpgfx.client] - [rdpgfx_read_h264_metablock]: quantQualityVals[2]: qp: 0 r: 0 p: 0 qualityVal: 100
[17:59:55:889] [95171:000173f6] [DEBUG][com.freerdp.channels.rdpgfx.client] - [rdpgfx_read_h264_metablock]: quantQualityVals[3]: qp: 0 r: 0 p: 0 qualityVal: 100
[17:59:55:889] [95171:000173f6] [DEBUG][com.freerdp.channels.rdpgfx.client] - [rdpgfx_read_h264_metablock]: quantQualityVals[4]: qp: 0 r: 0 p: 0 qualityVal: 100
[17:59:55:889] [95171:000173f6] [DEBUG][com.freerdp.channels.rdpgfx.client] - [rdpgfx_read_h264_metablock]: quantQualityVals[5]: qp: 0 r: 0 p: 0 qualityVal: 100
[17:59:55:889] [95171:000173f6] [DEBUG][com.freerdp.channels.rdpgfx.client] - [rdpgfx_read_h264_metablock]: quantQualityVals[6]: qp: 0 r: 0 p: 0 qualityVal: 100
[17:59:55:889] [95171:000173f6] [DEBUG][com.freerdp.channels.rdpgfx.client] - [rdpgfx_read_h264_metablock]: quantQualityVals[7]: qp: 0 r: 0 p: 0 qualityVal: 100
[17:59:55:889] [95171:000173f6] [DEBUG][com.freerdp.channels.rdpgfx.client] - [rdpgfx_read_h264_metablock]: quantQualityVals[8]: qp: 0 r: 0 p: 0 qualityVal: 100
[17:59:55:889] [95171:000173f6] [DEBUG][com.freerdp.channels.rdpgfx.client] - [rdpgfx_read_h264_metablock]: quantQualityVals[9]: qp: 0 r: 0 p: 0 qualityVal: 100
[17:59:55:950] [95171:000173f5] [DEBUG][com.freerdp.channels.rdpsnd.client] - [rdpsnd_recv_wave2_pdu]: [dynamic] Wave2PDU: cBlockNo: 57 wFormatNo: 1 [WAVE_FORMAT_PCM] , align=4 wTimeStamp=0xed2b, dwAudioTimeStamp=0x0000ed2b
[17:59:55:950] [95171:000173f5] [DEBUG][com.freerdp.channels.rdpsnd.client] - [rdpsnd_treat_wave]: [dynamic] Wave: cBlockNo: 57 wTimeStamp: 60715, size: 11288
[17:59:55:950] [95171:000173f5] [DEBUG][com.freerdp.channels.rdpsnd.client] - [audio_format_print]: WAVE_FORMAT_PCM:	 wFormatTag: 0x0001 nChannels: 2 nSamplesPerSec: 44100 nAvgBytesPerSec: 176400 nBlockAlign: 4 wBitsPerSample: 16 cbSize: 0
[17:59:55:994] [95171:000173f6] [DEBUG][com.freerdp.channels.rdpgfx.client] - [rdpgfx_read_h264_metablock]: H264_METABLOCK: numRegionRects: 10
[17:59:55:994] [95171:000173f6] [DEBUG][com.freerdp.channels.rdpgfx.client] - [rdpgfx_read_h264_metablock]: regionRects[0]: left: 0 top: 320 right: 64 bottom: 384
[17:59:55:994] [95171:000173f6] [DEBUG][com.freerdp.channels.rdpgfx.client] - [rdpgfx_read_h264_metablock]: regionRects[1]: left: 192 top: 320 right: 256 bottom: 384
[17:59:55:994] [95171:000173f6] [DEBUG][com.freerdp.channels.rdpgfx.client] - [rdpgfx_read_h264_metablock]: regionRects[2]: left: 0 top: 384 right: 64 bottom: 448
[17:59:55:994] [95171:000173f6] [DEBUG][com.freerdp.channels.rdpgfx.client] - [rdpgfx_read_h264_metablock]: regionRects[3]: left: 192 top: 384 right: 256 bottom: 448
[17:59:55:994] [95171:000173f6] [DEBUG][com.freerdp.channels.rdpgfx.client] - [rdpgfx_read_h264_metablock]: regionRects[4]: left: 0 top: 704 right: 64 bottom: 768
[17:59:55:994] [95171:000173f6] [DEBUG][com.freerdp.channels.rdpgfx.client] - [rdpgfx_read_h264_metablock]: regionRects[5]: left: 192 top: 704 right: 256 bottom: 768
[17:59:55:994] [95171:000173f6] [DEBUG][com.freerdp.channels.rdpgfx.client] - [rdpgfx_read_h264_metablock]: regionRects[6]: left: 0 top: 768 right: 64 bottom: 800
[17:59:55:994] [95171:000173f6] [DEBUG][com.freerdp.channels.rdpgfx.client] - [rdpgfx_read_h264_metablock]: regionRects[7]: left: 64 top: 768 right: 128 bottom: 800
[17:59:55:994] [95171:000173f6] [DEBUG][com.freerdp.channels.rdpgfx.client] - [rdpgfx_read_h264_metablock]: regionRects[8]: left: 128 top: 768 right: 192 bottom: 800
[17:59:55:994] [95171:000173f6] [DEBUG][com.freerdp.channels.rdpgfx.client] - [rdpgfx_read_h264_metablock]: regionRects[9]: left: 192 top: 768 right: 256 bottom: 800
[17:59:55:994] [95171:000173f6] [DEBUG][com.freerdp.channels.rdpgfx.client] - [rdpgfx_read_h264_metablock]: quantQualityVals[0]: qp: 0 r: 0 p: 0 qualityVal: 100
[17:59:55:994] [95171:000173f6] [DEBUG][com.freerdp.channels.rdpgfx.client] - [rdpgfx_read_h264_metablock]: quantQualityVals[1]: qp: 0 r: 0 p: 0 qualityVal: 100
[17:59:55:994] [95171:000173f6] [DEBUG][com.freerdp.channels.rdpgfx.client] - [rdpgfx_read_h264_metablock]: quantQualityVals[2]: qp: 0 r: 0 p: 0 qualityVal: 100
[17:59:55:994] [95171:000173f6] [DEBUG][com.freerdp.channels.rdpgfx.client] - [rdpgfx_read_h264_metablock]: quantQualityVals[3]: qp: 0 r: 0 p: 0 qualityVal: 100
[17:59:55:994] [95171:000173f6] [DEBUG][com.freerdp.channels.rdpgfx.client] - [rdpgfx_read_h264_metablock]: quantQualityVals[4]: qp: 0 r: 0 p: 0 qualityVal: 100
[17:59:55:994] [95171:000173f6] [DEBUG][com.freerdp.channels.rdpgfx.client] - [rdpgfx_read_h264_metablock]: quantQualityVals[5]: qp: 0 r: 0 p: 0 qualityVal: 100
[17:59:55:994] [95171:000173f6] [DEBUG][com.freerdp.channels.rdpgfx.client] - [rdpgfx_read_h264_metablock]: quantQualityVals[6]: qp: 0 r: 0 p: 0 qualityVal: 100
[17:59:55:994] [95171:000173f6] [DEBUG][com.freerdp.channels.rdpgfx.client] - [rdpgfx_read_h264_metablock]: quantQualityVals[7]: qp: 0 r: 0 p: 0 qualityVal: 100
[17:59:55:994] [95171:000173f6] [DEBUG][com.freerdp.channels.rdpgfx.client] - [rdpgfx_read_h264_metablock]: quantQualityVals[8]: qp: 0 r: 0 p: 0 qualityVal: 100
[17:59:55:994] [95171:000173f6] [DEBUG][com.freerdp.channels.rdpgfx.client] - [rdpgfx_read_h264_metablock]: quantQualityVals[9]: qp: 0 r: 0 p: 0 qualityVal: 100
[17:59:56:016] [95171:000173f5] [DEBUG][com.freerdp.channels.rdpsnd.client] - [rdpsnd_recv_wave2_pdu]: [dynamic] Wave2PDU: cBlockNo: 58 wFormatNo: 1 [WAVE_FORMAT_PCM] , align=4 wTimeStamp=0xed6e, dwAudioTimeStamp=0x0000ed6e
[17:59:56:016] [95171:000173f5] [DEBUG][com.freerdp.channels.rdpsnd.client] - [rdpsnd_treat_wave]: [dynamic] Wave: cBlockNo: 58 wTimeStamp: 60782, size: 12232
[17:59:56:016] [95171:000173f5] [DEBUG][com.freerdp.channels.rdpsnd.client] - [audio_format_print]: WAVE_FORMAT_PCM:	 wFormatTag: 0x0001 nChannels: 2 nSamplesPerSec: 44100 nAvgBytesPerSec: 176400 nBlockAlign: 4 wBitsPerSample: 16 cbSize: 0
[17:59:56:082] [95171:000173f5] [DEBUG][com.freerdp.channels.rdpsnd.client] - [rdpsnd_recv_wave2_pdu]: [dynamic] Wave2PDU: cBlockNo: 59 wFormatNo: 1 [WAVE_FORMAT_PCM] , align=4 wTimeStamp=0xedaf, dwAudioTimeStamp=0x0000edaf
[17:59:56:082] [95171:000173f5] [DEBUG][com.freerdp.channels.rdpsnd.client] - [rdpsnd_treat_wave]: [dynamic] Wave: cBlockNo: 59 wTimeStamp: 60847, size: 11288
[17:59:56:082] [95171:000173f5] [DEBUG][com.freerdp.channels.rdpsnd.client] - [audio_format_print]: WAVE_FORMAT_PCM:	 wFormatTag: 0x0001 nChannels: 2 nSamplesPerSec: 44100 nAvgBytesPerSec: 176400 nBlockAlign: 4 wBitsPerSample: 16 cbSize: 0
[17:59:56:087] [95171:000173f6] [DEBUG][com.freerdp.channels.rdpgfx.client] - [rdpgfx_read_h264_metablock]: H264_METABLOCK: numRegionRects: 10
[17:59:56:087] [95171:000173f6] [DEBUG][com.freerdp.channels.rdpgfx.client] - [rdpgfx_read_h264_metablock]: regionRects[0]: left: 0 top: 320 right: 64 bottom: 384
[17:59:56:087] [95171:000173f6] [DEBUG][com.freerdp.channels.rdpgfx.client] - [rdpgfx_read_h264_metablock]: regionRects[1]: left: 192 top: 320 right: 256 bottom: 384
[17:59:56:087] [95171:000173f6] [DEBUG][com.freerdp.channels.rdpgfx.client] - [rdpgfx_read_h264_metablock]: regionRects[2]: left: 0 top: 384 right: 64 bottom: 448
[17:59:56:087] [95171:000173f6] [DEBUG][com.freerdp.channels.rdpgfx.client] - [rdpgfx_read_h264_metablock]: regionRects[3]: left: 192 top: 384 right: 256 bottom: 448
[17:59:56:087] [95171:000173f6] [DEBUG][com.freerdp.channels.rdpgfx.client] - [rdpgfx_read_h264_metablock]: regionRects[4]: left: 0 top: 704 right: 64 bottom: 768
[17:59:56:087] [95171:000173f6] [DEBUG][com.freerdp.channels.rdpgfx.client] - [rdpgfx_read_h264_metablock]: regionRects[5]: left: 192 top: 704 right: 256 bottom: 768
[17:59:56:087] [95171:000173f6] [DEBUG][com.freerdp.channels.rdpgfx.client] - [rdpgfx_read_h264_metablock]: regionRects[6]: left: 0 top: 768 right: 64 bottom: 800
[17:59:56:087] [95171:000173f6] [DEBUG][com.freerdp.channels.rdpgfx.client] - [rdpgfx_read_h264_metablock]: regionRects[7]: left: 64 top: 768 right: 128 bottom: 800
[17:59:56:087] [95171:000173f6] [DEBUG][com.freerdp.channels.rdpgfx.client] - [rdpgfx_read_h264_metablock]: regionRects[8]: left: 128 top: 768 right: 192 bottom: 800
[17:59:56:087] [95171:000173f6] [DEBUG][com.freerdp.channels.rdpgfx.client] - [rdpgfx_read_h264_metablock]: regionRects[9]: left: 192 top: 768 right: 256 bottom: 800
[17:59:56:087] [95171:000173f6] [DEBUG][com.freerdp.channels.rdpgfx.client] - [rdpgfx_read_h264_metablock]: quantQualityVals[0]: qp: 0 r: 0 p: 0 qualityVal: 100
[17:59:56:087] [95171:000173f6] [DEBUG][com.freerdp.channels.rdpgfx.client] - [rdpgfx_read_h264_metablock]: quantQualityVals[1]: qp: 0 r: 0 p: 0 qualityVal: 100
[17:59:56:087] [95171:000173f6] [DEBUG][com.freerdp.channels.rdpgfx.client] - [rdpgfx_read_h264_metablock]: quantQualityVals[2]: qp: 0 r: 0 p: 0 qualityVal: 100
[17:59:56:087] [95171:000173f6] [DEBUG][com.freerdp.channels.rdpgfx.client] - [rdpgfx_read_h264_metablock]: quantQualityVals[3]: qp: 0 r: 0 p: 0 qualityVal: 100
[17:59:56:087] [95171:000173f6] [DEBUG][com.freerdp.channels.rdpgfx.client] - [rdpgfx_read_h264_metablock]: quantQualityVals[4]: qp: 0 r: 0 p: 0 qualityVal: 100
[17:59:56:087] [95171:000173f6] [DEBUG][com.freerdp.channels.rdpgfx.client] - [rdpgfx_read_h264_metablock]: quantQualityVals[5]: qp: 0 r: 0 p: 0 qualityVal: 100
[17:59:56:087] [95171:000173f6] [DEBUG][com.freerdp.channels.rdpgfx.client] - [rdpgfx_read_h264_metablock]: quantQualityVals[6]: qp: 0 r: 0 p: 0 qualityVal: 100
[17:59:56:087] [95171:000173f6] [DEBUG][com.freerdp.channels.rdpgfx.client] - [rdpgfx_read_h264_metablock]: quantQualityVals[7]: qp: 0 r: 0 p: 0 qualityVal: 100
[17:59:56:087] [95171:000173f6] [DEBUG][com.freerdp.channels.rdpgfx.client] - [rdpgfx_read_h264_metablock]: quantQualityVals[8]: qp: 0 r: 0 p: 0 qualityVal: 100
[17:59:56:087] [95171:000173f6] [DEBUG][com.freerdp.channels.rdpgfx.client] - [rdpgfx_read_h264_metablock]: quantQualityVals[9]: qp: 0 r: 0 p: 0 qualityVal: 100
[17:59:56:119] [95171:000173f6] [DEBUG][com.freerdp.channels.rdpgfx.client] - [rdpgfx_read_h264_metablock]: H264_METABLOCK: numRegionRects: 10
[17:59:56:119] [95171:000173f6] [DEBUG][com.freerdp.channels.rdpgfx.client] - [rdpgfx_read_h264_metablock]: regionRects[0]: left: 0 top: 320 right: 64 bottom: 384
[17:59:56:119] [95171:000173f6] [DEBUG][com.freerdp.channels.rdpgfx.client] - [rdpgfx_read_h264_metablock]: regionRects[1]: left: 192 top: 320 right: 256 bottom: 384
[17:59:56:119] [95171:000173f6] [DEBUG][com.freerdp.channels.rdpgfx.client] - [rdpgfx_read_h264_metablock]: regionRects[2]: left: 0 top: 384 right: 64 bottom: 448
[17:59:56:119] [95171:000173f6] [DEBUG][com.freerdp.channels.rdpgfx.client] - [rdpgfx_read_h264_metablock]: regionRects[3]: left: 192 top: 384 right: 256 bottom: 448
[17:59:56:119] [95171:000173f6] [DEBUG][com.freerdp.channels.rdpgfx.client] - [rdpgfx_read_h264_metablock]: regionRects[4]: left: 0 top: 704 right: 64 bottom: 768
[17:59:56:119] [95171:000173f6] [DEBUG][com.freerdp.channels.rdpgfx.client] - [rdpgfx_read_h264_metablock]: regionRects[5]: left: 192 top: 704 right: 256 bottom: 768
[17:59:56:119] [95171:000173f6] [DEBUG][com.freerdp.channels.rdpgfx.client] - [rdpgfx_read_h264_metablock]: regionRects[6]: left: 0 top: 768 right: 64 bottom: 800
[17:59:56:119] [95171:000173f6] [DEBUG][com.freerdp.channels.rdpgfx.client] - [rdpgfx_read_h264_metablock]: regionRects[7]: left: 64 top: 768 right: 128 bottom: 800
[17:59:56:119] [95171:000173f6] [DEBUG][com.freerdp.channels.rdpgfx.client] - [rdpgfx_read_h264_metablock]: regionRects[8]: left: 128 top: 768 right: 192 bottom: 800
[17:59:56:119] [95171:000173f6] [DEBUG][com.freerdp.channels.rdpgfx.client] - [rdpgfx_read_h264_metablock]: regionRects[9]: left: 192 top: 768 right: 256 bottom: 800
[17:59:56:119] [95171:000173f6] [DEBUG][com.freerdp.channels.rdpgfx.client] - [rdpgfx_read_h264_metablock]: quantQualityVals[0]: qp: 0 r: 0 p: 0 qualityVal: 100
[17:59:56:119] [95171:000173f6] [DEBUG][com.freerdp.channels.rdpgfx.client] - [rdpgfx_read_h264_metablock]: quantQualityVals[1]: qp: 0 r: 0 p: 0 qualityVal: 100
[17:59:56:119] [95171:000173f6] [DEBUG][com.freerdp.channels.rdpgfx.client] - [rdpgfx_read_h264_metablock]: quantQualityVals[2]: qp: 0 r: 0 p: 0 qualityVal: 100
[17:59:56:119] [95171:000173f6] [DEBUG][com.freerdp.channels.rdpgfx.client] - [rdpgfx_read_h264_metablock]: quantQualityVals[3]: qp: 0 r: 0 p: 0 qualityVal: 100
[17:59:56:119] [95171:000173f6] [DEBUG][com.freerdp.channels.rdpgfx.client] - [rdpgfx_read_h264_metablock]: quantQualityVals[4]: qp: 0 r: 0 p: 0 qualityVal: 100
[17:59:56:119] [95171:000173f6] [DEBUG][com.freerdp.channels.rdpgfx.client] - [rdpgfx_read_h264_metablock]: quantQualityVals[5]: qp: 0 r: 0 p: 0 qualityVal: 100
[17:59:56:119] [95171:000173f6] [DEBUG][com.freerdp.channels.rdpgfx.client] - [rdpgfx_read_h264_metablock]: quantQualityVals[6]: qp: 0 r: 0 p: 0 qualityVal: 100
[17:59:56:119] [95171:000173f6] [DEBUG][com.freerdp.channels.rdpgfx.client] - [rdpgfx_read_h264_metablock]: quantQualityVals[7]: qp: 0 r: 0 p: 0 qualityVal: 100
[17:59:56:119] [95171:000173f6] [DEBUG][com.freerdp.channels.rdpgfx.client] - [rdpgfx_read_h264_metablock]: quantQualityVals[8]: qp: 0 r: 0 p: 0 qualityVal: 100
[17:59:56:119] [95171:000173f6] [DEBUG][com.freerdp.channels.rdpgfx.client] - [rdpgfx_read_h264_metablock]: quantQualityVals[9]: qp: 0 r: 0 p: 0 qualityVal: 100
[17:59:56:149] [95171:000173f5] [DEBUG][com.freerdp.channels.rdpsnd.client] - [rdpsnd_recv_wave2_pdu]: [dynamic] Wave2PDU: cBlockNo: 60 wFormatNo: 1 [WAVE_FORMAT_PCM] , align=4 wTimeStamp=0xedf3, dwAudioTimeStamp=0x0000edf3
[17:59:56:149] [95171:000173f5] [DEBUG][com.freerdp.channels.rdpsnd.client] - [rdpsnd_treat_wave]: [dynamic] Wave: cBlockNo: 60 wTimeStamp: 60915, size: 11292
[17:59:56:149] [95171:000173f5] [DEBUG][com.freerdp.channels.rdpsnd.client] - [audio_format_print]: WAVE_FORMAT_PCM:	 wFormatTag: 0x0001 nChannels: 2 nSamplesPerSec: 44100 nAvgBytesPerSec: 176400 nBlockAlign: 4 wBitsPerSample: 16 cbSize: 0
[17:59:56:153] [95171:000173f6] [DEBUG][com.freerdp.channels.rdpgfx.client] - [rdpgfx_read_h264_metablock]: H264_METABLOCK: numRegionRects: 10
[17:59:56:153] [95171:000173f6] [DEBUG][com.freerdp.channels.rdpgfx.client] - [rdpgfx_read_h264_metablock]: regionRects[0]: left: 0 top: 320 right: 64 bottom: 384
[17:59:56:153] [95171:000173f6] [DEBUG][com.freerdp.channels.rdpgfx.client] - [rdpgfx_read_h264_metablock]: regionRects[1]: left: 192 top: 320 right: 256 bottom: 384
[17:59:56:153] [95171:000173f6] [DEBUG][com.freerdp.channels.rdpgfx.client] - [rdpgfx_read_h264_metablock]: regionRects[2]: left: 0 top: 384 right: 64 bottom: 448
[17:59:56:153] [95171:000173f6] [DEBUG][com.freerdp.channels.rdpgfx.client] - [rdpgfx_read_h264_metablock]: regionRects[3]: left: 192 top: 384 right: 256 bottom: 448
[17:59:56:153] [95171:000173f6] [DEBUG][com.freerdp.channels.rdpgfx.client] - [rdpgfx_read_h264_metablock]: regionRects[4]: left: 0 top: 704 right: 64 bottom: 768
[17:59:56:153] [95171:000173f6] [DEBUG][com.freerdp.channels.rdpgfx.client] - [rdpgfx_read_h264_metablock]: regionRects[5]: left: 192 top: 704 right: 256 bottom: 768
[17:59:56:153] [95171:000173f6] [DEBUG][com.freerdp.channels.rdpgfx.client] - [rdpgfx_read_h264_metablock]: regionRects[6]: left: 0 top: 768 right: 64 bottom: 800
[17:59:56:153] [95171:000173f6] [DEBUG][com.freerdp.channels.rdpgfx.client] - [rdpgfx_read_h264_metablock]: regionRects[7]: left: 64 top: 768 right: 128 bottom: 800
[17:59:56:153] [95171:000173f6] [DEBUG][com.freerdp.channels.rdpgfx.client] - [rdpgfx_read_h264_metablock]: regionRects[8]: left: 128 top: 768 right: 192 bottom: 800
[17:59:56:153] [95171:000173f6] [DEBUG][com.freerdp.channels.rdpgfx.client] - [rdpgfx_read_h264_metablock]: regionRects[9]: left: 192 top: 768 right: 256 bottom: 800
[17:59:56:153] [95171:000173f6] [DEBUG][com.freerdp.channels.rdpgfx.client] - [rdpgfx_read_h264_metablock]: quantQualityVals[0]: qp: 0 r: 0 p: 0 qualityVal: 100
[17:59:56:153] [95171:000173f6] [DEBUG][com.freerdp.channels.rdpgfx.client] - [rdpgfx_read_h264_metablock]: quantQualityVals[1]: qp: 0 r: 0 p: 0 qualityVal: 100
[17:59:56:153] [95171:000173f6] [DEBUG][com.freerdp.channels.rdpgfx.client] - [rdpgfx_read_h264_metablock]: quantQualityVals[2]: qp: 0 r: 0 p: 0 qualityVal: 100
[17:59:56:153] [95171:000173f6] [DEBUG][com.freerdp.channels.rdpgfx.client] - [rdpgfx_read_h264_metablock]: quantQualityVals[3]: qp: 0 r: 0 p: 0 qualityVal: 100
[17:59:56:153] [95171:000173f6] [DEBUG][com.freerdp.channels.rdpgfx.client] - [rdpgfx_read_h264_metablock]: quantQualityVals[4]: qp: 0 r: 0 p: 0 qualityVal: 100
[17:59:56:153] [95171:000173f6] [DEBUG][com.freerdp.channels.rdpgfx.client] - [rdpgfx_read_h264_metablock]: quantQualityVals[5]: qp: 0 r: 0 p: 0 qualityVal: 100
[17:59:56:153] [95171:000173f6] [DEBUG][com.freerdp.channels.rdpgfx.client] - [rdpgfx_read_h264_metablock]: quantQualityVals[6]: qp: 0 r: 0 p: 0 qualityVal: 100
[17:59:56:153] [95171:000173f6] [DEBUG][com.freerdp.channels.rdpgfx.client] - [rdpgfx_read_h264_metablock]: quantQualityVals[7]: qp: 0 r: 0 p: 0 qualityVal: 100
[17:59:56:153] [95171:000173f6] [DEBUG][com.freerdp.channels.rdpgfx.client] - [rdpgfx_read_h264_metablock]: quantQualityVals[8]: qp: 0 r: 0 p: 0 qualityVal: 100
[17:59:56:153] [95171:000173f6] [DEBUG][com.freerdp.channels.rdpgfx.client] - [rdpgfx_read_h264_metablock]: quantQualityVals[9]: qp: 0 r: 0 p: 0 qualityVal: 100
[17:59:56:215] [95171:000173f5] [DEBUG][com.freerdp.channels.rdpsnd.client] - [rdpsnd_recv_wave2_pdu]: [dynamic] Wave2PDU: cBlockNo: 61 wFormatNo: 1 [WAVE_FORMAT_PCM] , align=4 wTimeStamp=0xee35, dwAudioTimeStamp=0x0000ee35
[17:59:56:215] [95171:000173f5] [DEBUG][com.freerdp.channels.rdpsnd.client] - [rdpsnd_treat_wave]: [dynamic] Wave: cBlockNo: 61 wTimeStamp: 60981, size: 12228
[17:59:56:215] [95171:000173f5] [DEBUG][com.freerdp.channels.rdpsnd.client] - [audio_format_print]: WAVE_FORMAT_PCM:	 wFormatTag: 0x0001 nChannels: 2 nSamplesPerSec: 44100 nAvgBytesPerSec: 176400 nBlockAlign: 4 wBitsPerSample: 16 cbSize: 0
[17:59:56:220] [95171:000173f6] [DEBUG][com.freerdp.channels.rdpgfx.client] - [rdpgfx_read_h264_metablock]: H264_METABLOCK: numRegionRects: 4
[17:59:56:220] [95171:000173f6] [DEBUG][com.freerdp.channels.rdpgfx.client] - [rdpgfx_read_h264_metablock]: regionRects[0]: left: 0 top: 320 right: 64 bottom: 384
[17:59:56:220] [95171:000173f6] [DEBUG][com.freerdp.channels.rdpgfx.client] - [rdpgfx_read_h264_metablock]: regionRects[1]: left: 0 top: 384 right: 64 bottom: 448
[17:59:56:220] [95171:000173f6] [DEBUG][com.freerdp.channels.rdpgfx.client] - [rdpgfx_read_h264_metablock]: regionRects[2]: left: 0 top: 704 right: 64 bottom: 768
[17:59:56:220] [95171:000173f6] [DEBUG][com.freerdp.channels.rdpgfx.client] - [rdpgfx_read_h264_metablock]: regionRects[3]: left: 0 top: 768 right: 64 bottom: 800
[17:59:56:220] [95171:000173f6] [DEBUG][com.freerdp.channels.rdpgfx.client] - [rdpgfx_read_h264_metablock]: quantQualityVals[0]: qp: 0 r: 0 p: 0 qualityVal: 100
[17:59:56:220] [95171:000173f6] [DEBUG][com.freerdp.channels.rdpgfx.client] - [rdpgfx_read_h264_metablock]: quantQualityVals[1]: qp: 0 r: 0 p: 0 qualityVal: 100
[17:59:56:220] [95171:000173f6] [DEBUG][com.freerdp.channels.rdpgfx.client] - [rdpgfx_read_h264_metablock]: quantQualityVals[2]: qp: 0 r: 0 p: 0 qualityVal: 100
[17:59:56:220] [95171:000173f6] [DEBUG][com.freerdp.channels.rdpgfx.client] - [rdpgfx_read_h264_metablock]: quantQualityVals[3]: qp: 0 r: 0 p: 0 qualityVal: 100
[17:59:56:282] [95171:000173f5] [DEBUG][com.freerdp.channels.rdpsnd.client] - [rdpsnd_recv_wave2_pdu]: [dynamic] Wave2PDU: cBlockNo: 62 wFormatNo: 1 [WAVE_FORMAT_PCM] , align=4 wTimeStamp=0xee78, dwAudioTimeStamp=0x0000ee78
[17:59:56:282] [95171:000173f5] [DEBUG][com.freerdp.channels.rdpsnd.client] - [rdpsnd_treat_wave]: [dynamic] Wave: cBlockNo: 62 wTimeStamp: 61048, size: 11292
[17:59:56:282] [95171:000173f5] [DEBUG][com.freerdp.channels.rdpsnd.client] - [audio_format_print]: WAVE_FORMAT_PCM:	 wFormatTag: 0x0001 nChannels: 2 nSamplesPerSec: 44100 nAvgBytesPerSec: 176400 nBlockAlign: 4 wBitsPerSample: 16 cbSize: 0
[17:59:56:347] [95171:000173f5] [DEBUG][com.freerdp.channels.rdpsnd.client] - [rdpsnd_recv_wave2_pdu]: [dynamic] Wave2PDU: cBlockNo: 63 wFormatNo: 1 [WAVE_FORMAT_PCM] , align=4 wTimeStamp=0xeeb9, dwAudioTimeStamp=0x0000eeb9
[17:59:56:347] [95171:000173f5] [DEBUG][com.freerdp.channels.rdpsnd.client] - [rdpsnd_treat_wave]: [dynamic] Wave: cBlockNo: 63 wTimeStamp: 61113, size: 11288
[17:59:56:347] [95171:000173f5] [DEBUG][com.freerdp.channels.rdpsnd.client] - [audio_format_print]: WAVE_FORMAT_PCM:	 wFormatTag: 0x0001 nChannels: 2 nSamplesPerSec: 44100 nAvgBytesPerSec: 176400 nBlockAlign: 4 wBitsPerSample: 16 cbSize: 0
[17:59:56:414] [95171:000173f5] [DEBUG][com.freerdp.channels.rdpsnd.client] - [rdpsnd_recv_wave2_pdu]: [dynamic] Wave2PDU: cBlockNo: 64 wFormatNo: 1 [WAVE_FORMAT_PCM] , align=4 wTimeStamp=0xeefb, dwAudioTimeStamp=0x0000eefb
[17:59:56:414] [95171:000173f5] [DEBUG][com.freerdp.channels.rdpsnd.client] - [rdpsnd_treat_wave]: [dynamic] Wave: cBlockNo: 64 wTimeStamp: 61179, size: 12232
[17:59:56:414] [95171:000173f5] [DEBUG][com.freerdp.channels.rdpsnd.client] - [audio_format_print]: WAVE_FORMAT_PCM:	 wFormatTag: 0x0001 nChannels: 2 nSamplesPerSec: 44100 nAvgBytesPerSec: 176400 nBlockAlign: 4 wBitsPerSample: 16 cbSize: 0
[17:59:56:480] [95171:000173f5] [DEBUG][com.freerdp.channels.rdpsnd.client] - [rdpsnd_recv_wave2_pdu]: [dynamic] Wave2PDU: cBlockNo: 65 wFormatNo: 1 [WAVE_FORMAT_PCM] , align=4 wTimeStamp=0xef3d, dwAudioTimeStamp=0x0000ef3d
[17:59:56:480] [95171:000173f5] [DEBUG][com.freerdp.channels.rdpsnd.client] - [rdpsnd_treat_wave]: [dynamic] Wave: cBlockNo: 65 wTimeStamp: 61245, size: 11288
[17:59:56:480] [95171:000173f5] [DEBUG][com.freerdp.channels.rdpsnd.client] - [audio_format_print]: WAVE_FORMAT_PCM:	 wFormatTag: 0x0001 nChannels: 2 nSamplesPerSec: 44100 nAvgBytesPerSec: 176400 nBlockAlign: 4 wBitsPerSample: 16 cbSize: 0
[17:59:56:485] [95171:000173f6] [DEBUG][com.freerdp.channels.rdpgfx.client] - [rdpgfx_read_h264_metablock]: H264_METABLOCK: numRegionRects: 4
[17:59:56:485] [95171:000173f6] [DEBUG][com.freerdp.channels.rdpgfx.client] - [rdpgfx_read_h264_metablock]: regionRects[0]: left: 0 top: 768 right: 64 bottom: 800
[17:59:56:485] [95171:000173f6] [DEBUG][com.freerdp.channels.rdpgfx.client] - [rdpgfx_read_h264_metablock]: regionRects[1]: left: 64 top: 768 right: 128 bottom: 800
[17:59:56:485] [95171:000173f6] [DEBUG][com.freerdp.channels.rdpgfx.client] - [rdpgfx_read_h264_metablock]: regionRects[2]: left: 128 top: 768 right: 192 bottom: 800
[17:59:56:485] [95171:000173f6] [DEBUG][com.freerdp.channels.rdpgfx.client] - [rdpgfx_read_h264_metablock]: regionRects[3]: left: 192 top: 768 right: 256 bottom: 800
[17:59:56:485] [95171:000173f6] [DEBUG][com.freerdp.channels.rdpgfx.client] - [rdpgfx_read_h264_metablock]: quantQualityVals[0]: qp: 0 r: 0 p: 0 qualityVal: 100
[17:59:56:485] [95171:000173f6] [DEBUG][com.freerdp.channels.rdpgfx.client] - [rdpgfx_read_h264_metablock]: quantQualityVals[1]: qp: 0 r: 0 p: 0 qualityVal: 100
[17:59:56:485] [95171:000173f6] [DEBUG][com.freerdp.channels.rdpgfx.client] - [rdpgfx_read_h264_metablock]: quantQualityVals[2]: qp: 0 r: 0 p: 0 qualityVal: 100
[17:59:56:485] [95171:000173f6] [DEBUG][com.freerdp.channels.rdpgfx.client] - [rdpgfx_read_h264_metablock]: quantQualityVals[3]: qp: 0 r: 0 p: 0 qualityVal: 100
[17:59:56:545] [95171:000173f5] [DEBUG][com.freerdp.channels.rdpsnd.client] - [rdpsnd_recv_wave2_pdu]: [dynamic] Wave2PDU: cBlockNo: 66 wFormatNo: 1 [WAVE_FORMAT_PCM] , align=4 wTimeStamp=0xef7f, dwAudioTimeStamp=0x0000ef7f
[17:59:56:546] [95171:000173f5] [DEBUG][com.freerdp.channels.rdpsnd.client] - [rdpsnd_treat_wave]: [dynamic] Wave: cBlockNo: 66 wTimeStamp: 61311, size: 12232
[17:59:56:546] [95171:000173f5] [DEBUG][com.freerdp.channels.rdpsnd.client] - [audio_format_print]: WAVE_FORMAT_PCM:	 wFormatTag: 0x0001 nChannels: 2 nSamplesPerSec: 44100 nAvgBytesPerSec: 176400 nBlockAlign: 4 wBitsPerSample: 16 cbSize: 0
[17:59:56:549] [95171:000173f6] [DEBUG][com.freerdp.channels.rdpgfx.client] - [rdpgfx_read_h264_metablock]: H264_METABLOCK: numRegionRects: 4
[17:59:56:549] [95171:000173f6] [DEBUG][com.freerdp.channels.rdpgfx.client] - [rdpgfx_read_h264_metablock]: regionRects[0]: left: 0 top: 768 right: 64 bottom: 800
[17:59:56:549] [95171:000173f6] [DEBUG][com.freerdp.channels.rdpgfx.client] - [rdpgfx_read_h264_metablock]: regionRects[1]: left: 64 top: 768 right: 128 bottom: 800
[17:59:56:549] [95171:000173f6] [DEBUG][com.freerdp.channels.rdpgfx.client] - [rdpgfx_read_h264_metablock]: regionRects[2]: left: 128 top: 768 right: 192 bottom: 800
[17:59:56:549] [95171:000173f6] [DEBUG][com.freerdp.channels.rdpgfx.client] - [rdpgfx_read_h264_metablock]: regionRects[3]: left: 192 top: 768 right: 256 bottom: 800
[17:59:56:549] [95171:000173f6] [DEBUG][com.freerdp.channels.rdpgfx.client] - [rdpgfx_read_h264_metablock]: quantQualityVals[0]: qp: 0 r: 0 p: 0 qualityVal: 100
[17:59:56:549] [95171:000173f6] [DEBUG][com.freerdp.channels.rdpgfx.client] - [rdpgfx_read_h264_metablock]: quantQualityVals[1]: qp: 0 r: 0 p: 0 qualityVal: 100
[17:59:56:549] [95171:000173f6] [DEBUG][com.freerdp.channels.rdpgfx.client] - [rdpgfx_read_h264_metablock]: quantQualityVals[2]: qp: 0 r: 0 p: 0 qualityVal: 100
[17:59:56:549] [95171:000173f6] [DEBUG][com.freerdp.channels.rdpgfx.client] - [rdpgfx_read_h264_metablock]: quantQualityVals[3]: qp: 0 r: 0 p: 0 qualityVal: 100
[17:59:56:614] [95171:000173f5] [DEBUG][com.freerdp.channels.rdpsnd.client] - [rdpsnd_recv_wave2_pdu]: [dynamic] Wave2PDU: cBlockNo: 67 wFormatNo: 1 [WAVE_FORMAT_PCM] , align=4 wTimeStamp=0xefc3, dwAudioTimeStamp=0x0000efc3
[17:59:56:614] [95171:000173f5] [DEBUG][com.freerdp.channels.rdpsnd.client] - [rdpsnd_treat_wave]: [dynamic] Wave: cBlockNo: 67 wTimeStamp: 61379, size: 11288
[17:59:56:614] [95171:000173f5] [DEBUG][com.freerdp.channels.rdpsnd.client] - [audio_format_print]: WAVE_FORMAT_PCM:	 wFormatTag: 0x0001 nChannels: 2 nSamplesPerSec: 44100 nAvgBytesPerSec: 176400 nBlockAlign: 4 wBitsPerSample: 16 cbSize: 0
[17:59:56:617] [95171:000173f6] [DEBUG][com.freerdp.channels.rdpgfx.client] - [rdpgfx_read_h264_metablock]: H264_METABLOCK: numRegionRects: 4
[17:59:56:617] [95171:000173f6] [DEBUG][com.freerdp.channels.rdpgfx.client] - [rdpgfx_read_h264_metablock]: regionRects[0]: left: 0 top: 768 right: 64 bottom: 800
[17:59:56:617] [95171:000173f6] [DEBUG][com.freerdp.channels.rdpgfx.client] - [rdpgfx_read_h264_metablock]: regionRects[1]: left: 64 top: 768 right: 128 bottom: 800
[17:59:56:617] [95171:000173f6] [DEBUG][com.freerdp.channels.rdpgfx.client] - [rdpgfx_read_h264_metablock]: regionRects[2]: left: 128 top: 768 right: 192 bottom: 800
[17:59:56:617] [95171:000173f6] [DEBUG][com.freerdp.channels.rdpgfx.client] - [rdpgfx_read_h264_metablock]: regionRects[3]: left: 192 top: 768 right: 256 bottom: 800
[17:59:56:617] [95171:000173f6] [DEBUG][com.freerdp.channels.rdpgfx.client] - [rdpgfx_read_h264_metablock]: quantQualityVals[0]: qp: 0 r: 0 p: 0 qualityVal: 100
[17:59:56:617] [95171:000173f6] [DEBUG][com.freerdp.channels.rdpgfx.client] - [rdpgfx_read_h264_metablock]: quantQualityVals[1]: qp: 0 r: 0 p: 0 qualityVal: 100
[17:59:56:617] [95171:000173f6] [DEBUG][com.freerdp.channels.rdpgfx.client] - [rdpgfx_read_h264_metablock]: quantQualityVals[2]: qp: 0 r: 0 p: 0 qualityVal: 100
[17:59:56:617] [95171:000173f6] [DEBUG][com.freerdp.channels.rdpgfx.client] - [rdpgfx_read_h264_metablock]: quantQualityVals[3]: qp: 0 r: 0 p: 0 qualityVal: 100
[17:59:56:679] [95171:000173f5] [DEBUG][com.freerdp.channels.rdpsnd.client] - [rdpsnd_recv_wave2_pdu]: [dynamic] Wave2PDU: cBlockNo: 68 wFormatNo: 1 [WAVE_FORMAT_PCM] , align=4 wTimeStamp=0xf005, dwAudioTimeStamp=0x0000f005
[17:59:56:679] [95171:000173f5] [DEBUG][com.freerdp.channels.rdpsnd.client] - [rdpsnd_treat_wave]: [dynamic] Wave: cBlockNo: 68 wTimeStamp: 61445, size: 12232
[17:59:56:679] [95171:000173f5] [DEBUG][com.freerdp.channels.rdpsnd.client] - [audio_format_print]: WAVE_FORMAT_PCM:	 wFormatTag: 0x0001 nChannels: 2 nSamplesPerSec: 44100 nAvgBytesPerSec: 176400 nBlockAlign: 4 wBitsPerSample: 16 cbSize: 0
[17:59:56:745] [95171:000173f5] [DEBUG][com.freerdp.channels.rdpsnd.client] - [rdpsnd_recv_wave2_pdu]: [dynamic] Wave2PDU: cBlockNo: 69 wFormatNo: 1 [WAVE_FORMAT_PCM] , align=4 wTimeStamp=0xf046, dwAudioTimeStamp=0x0000f046
[17:59:56:745] [95171:000173f5] [DEBUG][com.freerdp.channels.rdpsnd.client] - [rdpsnd_treat_wave]: [dynamic] Wave: cBlockNo: 69 wTimeStamp: 61510, size: 11288
[17:59:56:745] [95171:000173f5] [DEBUG][com.freerdp.channels.rdpsnd.client] - [audio_format_print]: WAVE_FORMAT_PCM:	 wFormatTag: 0x0001 nChannels: 2 nSamplesPerSec: 44100 nAvgBytesPerSec: 176400 nBlockAlign: 4 wBitsPerSample: 16 cbSize: 0
[17:59:56:750] [95171:000173f6] [DEBUG][com.freerdp.channels.rdpgfx.client] - [rdpgfx_read_h264_metablock]: H264_METABLOCK: numRegionRects: 4
[17:59:56:750] [95171:000173f6] [DEBUG][com.freerdp.channels.rdpgfx.client] - [rdpgfx_read_h264_metablock]: regionRects[0]: left: 0 top: 768 right: 64 bottom: 800
[17:59:56:750] [95171:000173f6] [DEBUG][com.freerdp.channels.rdpgfx.client] - [rdpgfx_read_h264_metablock]: regionRects[1]: left: 64 top: 768 right: 128 bottom: 800
[17:59:56:750] [95171:000173f6] [DEBUG][com.freerdp.channels.rdpgfx.client] - [rdpgfx_read_h264_metablock]: regionRects[2]: left: 128 top: 768 right: 192 bottom: 800
[17:59:56:750] [95171:000173f6] [DEBUG][com.freerdp.channels.rdpgfx.client] - [rdpgfx_read_h264_metablock]: regionRects[3]: left: 192 top: 768 right: 256 bottom: 800
[17:59:56:750] [95171:000173f6] [DEBUG][com.freerdp.channels.rdpgfx.client] - [rdpgfx_read_h264_metablock]: quantQualityVals[0]: qp: 0 r: 0 p: 0 qualityVal: 100
[17:59:56:750] [95171:000173f6] [DEBUG][com.freerdp.channels.rdpgfx.client] - [rdpgfx_read_h264_metablock]: quantQualityVals[1]: qp: 0 r: 0 p: 0 qualityVal: 100
[17:59:56:750] [95171:000173f6] [DEBUG][com.freerdp.channels.rdpgfx.client] - [rdpgfx_read_h264_metablock]: quantQualityVals[2]: qp: 0 r: 0 p: 0 qualityVal: 100
[17:59:56:750] [95171:000173f6] [DEBUG][com.freerdp.channels.rdpgfx.client] - [rdpgfx_read_h264_metablock]: quantQualityVals[3]: qp: 0 r: 0 p: 0 qualityVal: 100
[17:59:56:784] [95171:000173f6] [DEBUG][com.freerdp.channels.rdpgfx.client] - [rdpgfx_read_h264_metablock]: H264_METABLOCK: numRegionRects: 7
[17:59:56:784] [95171:000173f6] [DEBUG][com.freerdp.channels.rdpgfx.client] - [rdpgfx_read_h264_metablock]: regionRects[0]: left: 192 top: 320 right: 256 bottom: 384
[17:59:56:784] [95171:000173f6] [DEBUG][com.freerdp.channels.rdpgfx.client] - [rdpgfx_read_h264_metablock]: regionRects[1]: left: 192 top: 384 right: 256 bottom: 448
[17:59:56:784] [95171:000173f6] [DEBUG][com.freerdp.channels.rdpgfx.client] - [rdpgfx_read_h264_metablock]: regionRects[2]: left: 192 top: 704 right: 256 bottom: 768
[17:59:56:784] [95171:000173f6] [DEBUG][com.freerdp.channels.rdpgfx.client] - [rdpgfx_read_h264_metablock]: regionRects[3]: left: 0 top: 768 right: 64 bottom: 800
[17:59:56:784] [95171:000173f6] [DEBUG][com.freerdp.channels.rdpgfx.client] - [rdpgfx_read_h264_metablock]: regionRects[4]: left: 64 top: 768 right: 128 bottom: 800
[17:59:56:784] [95171:000173f6] [DEBUG][com.freerdp.channels.rdpgfx.client] - [rdpgfx_read_h264_metablock]: regionRects[5]: left: 128 top: 768 right: 192 bottom: 800
[17:59:56:784] [95171:000173f6] [DEBUG][com.freerdp.channels.rdpgfx.client] - [rdpgfx_read_h264_metablock]: regionRects[6]: left: 192 top: 768 right: 256 bottom: 800
[17:59:56:784] [95171:000173f6] [DEBUG][com.freerdp.channels.rdpgfx.client] - [rdpgfx_read_h264_metablock]: quantQualityVals[0]: qp: 0 r: 0 p: 0 qualityVal: 100
[17:59:56:784] [95171:000173f6] [DEBUG][com.freerdp.channels.rdpgfx.client] - [rdpgfx_read_h264_metablock]: quantQualityVals[1]: qp: 0 r: 0 p: 0 qualityVal: 100
[17:59:56:784] [95171:000173f6] [DEBUG][com.freerdp.channels.rdpgfx.client] - [rdpgfx_read_h264_metablock]: quantQualityVals[2]: qp: 0 r: 0 p: 0 qualityVal: 100
[17:59:56:784] [95171:000173f6] [DEBUG][com.freerdp.channels.rdpgfx.client] - [rdpgfx_read_h264_metablock]: quantQualityVals[3]: qp: 0 r: 0 p: 0 qualityVal: 100
[17:59:56:784] [95171:000173f6] [DEBUG][com.freerdp.channels.rdpgfx.client] - [rdpgfx_read_h264_metablock]: quantQualityVals[4]: qp: 0 r: 0 p: 0 qualityVal: 100
[17:59:56:784] [95171:000173f6] [DEBUG][com.freerdp.channels.rdpgfx.client] - [rdpgfx_read_h264_metablock]: quantQualityVals[5]: qp: 0 r: 0 p: 0 qualityVal: 100
[17:59:56:784] [95171:000173f6] [DEBUG][com.freerdp.channels.rdpgfx.client] - [rdpgfx_read_h264_metablock]: quantQualityVals[6]: qp: 0 r: 0 p: 0 qualityVal: 100
[17:59:56:811] [95171:000173f5] [DEBUG][com.freerdp.channels.rdpsnd.client] - [rdpsnd_recv_wave2_pdu]: [dynamic] Wave2PDU: cBlockNo: 70 wFormatNo: 1 [WAVE_FORMAT_PCM] , align=4 wTimeStamp=0xf089, dwAudioTimeStamp=0x0000f089
[17:59:56:811] [95171:000173f5] [DEBUG][com.freerdp.channels.rdpsnd.client] - [rdpsnd_treat_wave]: [dynamic] Wave: cBlockNo: 70 wTimeStamp: 61577, size: 12232
[17:59:56:811] [95171:000173f5] [DEBUG][com.freerdp.channels.rdpsnd.client] - [audio_format_print]: WAVE_FORMAT_PCM:	 wFormatTag: 0x0001 nChannels: 2 nSamplesPerSec: 44100 nAvgBytesPerSec: 176400 nBlockAlign: 4 wBitsPerSample: 16 cbSize: 0
[17:59:56:877] [95171:000173f5] [DEBUG][com.freerdp.channels.rdpsnd.client] - [rdpsnd_recv_wave2_pdu]: [dynamic] Wave2PDU: cBlockNo: 71 wFormatNo: 1 [WAVE_FORMAT_PCM] , align=4 wTimeStamp=0xf0cb, dwAudioTimeStamp=0x0000f0cb
[17:59:56:877] [95171:000173f5] [DEBUG][com.freerdp.channels.rdpsnd.client] - [rdpsnd_treat_wave]: [dynamic] Wave: cBlockNo: 71 wTimeStamp: 61643, size: 11288
[17:59:56:877] [95171:000173f5] [DEBUG][com.freerdp.channels.rdpsnd.client] - [audio_format_print]: WAVE_FORMAT_PCM:	 wFormatTag: 0x0001 nChannels: 2 nSamplesPerSec: 44100 nAvgBytesPerSec: 176400 nBlockAlign: 4 wBitsPerSample: 16 cbSize: 0
[17:59:56:884] [95171:000173f6] [DEBUG][com.freerdp.channels.rdpgfx.client] - [rdpgfx_read_h264_metablock]: H264_METABLOCK: numRegionRects: 10
[17:59:56:884] [95171:000173f6] [DEBUG][com.freerdp.channels.rdpgfx.client] - [rdpgfx_read_h264_metablock]: regionRects[0]: left: 0 top: 320 right: 64 bottom: 384
[17:59:56:884] [95171:000173f6] [DEBUG][com.freerdp.channels.rdpgfx.client] - [rdpgfx_read_h264_metablock]: regionRects[1]: left: 192 top: 320 right: 256 bottom: 384
[17:59:56:884] [95171:000173f6] [DEBUG][com.freerdp.channels.rdpgfx.client] - [rdpgfx_read_h264_metablock]: regionRects[2]: left: 0 top: 384 right: 64 bottom: 448
[17:59:56:884] [95171:000173f6] [DEBUG][com.freerdp.channels.rdpgfx.client] - [rdpgfx_read_h264_metablock]: regionRects[3]: left: 192 top: 384 right: 256 bottom: 448
[17:59:56:884] [95171:000173f6] [DEBUG][com.freerdp.channels.rdpgfx.client] - [rdpgfx_read_h264_metablock]: regionRects[4]: left: 0 top: 704 right: 64 bottom: 768
[17:59:56:884] [95171:000173f6] [DEBUG][com.freerdp.channels.rdpgfx.client] - [rdpgfx_read_h264_metablock]: regionRects[5]: left: 192 top: 704 right: 256 bottom: 768
[17:59:56:884] [95171:000173f6] [DEBUG][com.freerdp.channels.rdpgfx.client] - [rdpgfx_read_h264_metablock]: regionRects[6]: left: 0 top: 768 right: 64 bottom: 800
[17:59:56:884] [95171:000173f6] [DEBUG][com.freerdp.channels.rdpgfx.client] - [rdpgfx_read_h264_metablock]: regionRects[7]: left: 64 top: 768 right: 128 bottom: 800
[17:59:56:884] [95171:000173f6] [DEBUG][com.freerdp.channels.rdpgfx.client] - [rdpgfx_read_h264_metablock]: regionRects[8]: left: 128 top: 768 right: 192 bottom: 800
[17:59:56:884] [95171:000173f6] [DEBUG][com.freerdp.channels.rdpgfx.client] - [rdpgfx_read_h264_metablock]: regionRects[9]: left: 192 top: 768 right: 256 bottom: 800
[17:59:56:884] [95171:000173f6] [DEBUG][com.freerdp.channels.rdpgfx.client] - [rdpgfx_read_h264_metablock]: quantQualityVals[0]: qp: 0 r: 0 p: 0 qualityVal: 100
[17:59:56:884] [95171:000173f6] [DEBUG][com.freerdp.channels.rdpgfx.client] - [rdpgfx_read_h264_metablock]: quantQualityVals[1]: qp: 0 r: 0 p: 0 qualityVal: 100
[17:59:56:884] [95171:000173f6] [DEBUG][com.freerdp.channels.rdpgfx.client] - [rdpgfx_read_h264_metablock]: quantQualityVals[2]: qp: 0 r: 0 p: 0 qualityVal: 100
[17:59:56:884] [95171:000173f6] [DEBUG][com.freerdp.channels.rdpgfx.client] - [rdpgfx_read_h264_metablock]: quantQualityVals[3]: qp: 0 r: 0 p: 0 qualityVal: 100
[17:59:56:884] [95171:000173f6] [DEBUG][com.freerdp.channels.rdpgfx.client] - [rdpgfx_read_h264_metablock]: quantQualityVals[4]: qp: 0 r: 0 p: 0 qualityVal: 100
[17:59:56:884] [95171:000173f6] [DEBUG][com.freerdp.channels.rdpgfx.client] - [rdpgfx_read_h264_metablock]: quantQualityVals[5]: qp: 0 r: 0 p: 0 qualityVal: 100
[17:59:56:884] [95171:000173f6] [DEBUG][com.freerdp.channels.rdpgfx.client] - [rdpgfx_read_h264_metablock]: quantQualityVals[6]: qp: 0 r: 0 p: 0 qualityVal: 100
[17:59:56:884] [95171:000173f6] [DEBUG][com.freerdp.channels.rdpgfx.client] - [rdpgfx_read_h264_metablock]: quantQualityVals[7]: qp: 0 r: 0 p: 0 qualityVal: 100
[17:59:56:884] [95171:000173f6] [DEBUG][com.freerdp.channels.rdpgfx.client] - [rdpgfx_read_h264_metablock]: quantQualityVals[8]: qp: 0 r: 0 p: 0 qualityVal: 100
[17:59:56:884] [95171:000173f6] [DEBUG][com.freerdp.channels.rdpgfx.client] - [rdpgfx_read_h264_metablock]: quantQualityVals[9]: qp: 0 r: 0 p: 0 qualityVal: 100
[17:59:56:944] [95171:000173f5] [DEBUG][com.freerdp.channels.rdpsnd.client] - [rdpsnd_recv_wave2_pdu]: [dynamic] Wave2PDU: cBlockNo: 72 wFormatNo: 1 [WAVE_FORMAT_PCM] , align=4 wTimeStamp=0xf10e, dwAudioTimeStamp=0x0000f10e
[17:59:56:944] [95171:000173f5] [DEBUG][com.freerdp.channels.rdpsnd.client] - [rdpsnd_treat_wave]: [dynamic] Wave: cBlockNo: 72 wTimeStamp: 61710, size: 11292
[17:59:56:944] [95171:000173f5] [DEBUG][com.freerdp.channels.rdpsnd.client] - [audio_format_print]: WAVE_FORMAT_PCM:	 wFormatTag: 0x0001 nChannels: 2 nSamplesPerSec: 44100 nAvgBytesPerSec: 176400 nBlockAlign: 4 wBitsPerSample: 16 cbSize: 0
[17:59:56:982] [95171:000173f6] [DEBUG][com.freerdp.channels.rdpgfx.client] - [rdpgfx_read_h264_metablock]: H264_METABLOCK: numRegionRects: 10
[17:59:56:982] [95171:000173f6] [DEBUG][com.freerdp.channels.rdpgfx.client] - [rdpgfx_read_h264_metablock]: regionRects[0]: left: 0 top: 320 right: 64 bottom: 384
[17:59:56:982] [95171:000173f6] [DEBUG][com.freerdp.channels.rdpgfx.client] - [rdpgfx_read_h264_metablock]: regionRects[1]: left: 192 top: 320 right: 256 bottom: 384
[17:59:56:982] [95171:000173f6] [DEBUG][com.freerdp.channels.rdpgfx.client] - [rdpgfx_read_h264_metablock]: regionRects[2]: left: 0 top: 384 right: 64 bottom: 448
[17:59:56:982] [95171:000173f6] [DEBUG][com.freerdp.channels.rdpgfx.client] - [rdpgfx_read_h264_metablock]: regionRects[3]: left: 192 top: 384 right: 256 bottom: 448
[17:59:56:982] [95171:000173f6] [DEBUG][com.freerdp.channels.rdpgfx.client] - [rdpgfx_read_h264_metablock]: regionRects[4]: left: 0 top: 704 right: 64 bottom: 768
[17:59:56:982] [95171:000173f6] [DEBUG][com.freerdp.channels.rdpgfx.client] - [rdpgfx_read_h264_metablock]: regionRects[5]: left: 192 top: 704 right: 256 bottom: 768
[17:59:56:982] [95171:000173f6] [DEBUG][com.freerdp.channels.rdpgfx.client] - [rdpgfx_read_h264_metablock]: regionRects[6]: left: 0 top: 768 right: 64 bottom: 800
[17:59:56:982] [95171:000173f6] [DEBUG][com.freerdp.channels.rdpgfx.client] - [rdpgfx_read_h264_metablock]: regionRects[7]: left: 64 top: 768 right: 128 bottom: 800
[17:59:56:982] [95171:000173f6] [DEBUG][com.freerdp.channels.rdpgfx.client] - [rdpgfx_read_h264_metablock]: regionRects[8]: left: 128 top: 768 right: 192 bottom: 800
[17:59:56:982] [95171:000173f6] [DEBUG][com.freerdp.channels.rdpgfx.client] - [rdpgfx_read_h264_metablock]: regionRects[9]: left: 192 top: 768 right: 256 bottom: 800
[17:59:56:982] [95171:000173f6] [DEBUG][com.freerdp.channels.rdpgfx.client] - [rdpgfx_read_h264_metablock]: quantQualityVals[0]: qp: 0 r: 0 p: 0 qualityVal: 100
[17:59:56:982] [95171:000173f6] [DEBUG][com.freerdp.channels.rdpgfx.client] - [rdpgfx_read_h264_metablock]: quantQualityVals[1]: qp: 0 r: 0 p: 0 qualityVal: 100
[17:59:56:982] [95171:000173f6] [DEBUG][com.freerdp.channels.rdpgfx.client] - [rdpgfx_read_h264_metablock]: quantQualityVals[2]: qp: 0 r: 0 p: 0 qualityVal: 100
[17:59:56:982] [95171:000173f6] [DEBUG][com.freerdp.channels.rdpgfx.client] - [rdpgfx_read_h264_metablock]: quantQualityVals[3]: qp: 0 r: 0 p: 0 qualityVal: 100
[17:59:56:982] [95171:000173f6] [DEBUG][com.freerdp.channels.rdpgfx.client] - [rdpgfx_read_h264_metablock]: quantQualityVals[4]: qp: 0 r: 0 p: 0 qualityVal: 100
[17:59:56:982] [95171:000173f6] [DEBUG][com.freerdp.channels.rdpgfx.client] - [rdpgfx_read_h264_metablock]: quantQualityVals[5]: qp: 0 r: 0 p: 0 qualityVal: 100
[17:59:56:982] [95171:000173f6] [DEBUG][com.freerdp.channels.rdpgfx.client] - [rdpgfx_read_h264_metablock]: quantQualityVals[6]: qp: 0 r: 0 p: 0 qualityVal: 100
[17:59:56:982] [95171:000173f6] [DEBUG][com.freerdp.channels.rdpgfx.client] - [rdpgfx_read_h264_metablock]: quantQualityVals[7]: qp: 0 r: 0 p: 0 qualityVal: 100
[17:59:56:982] [95171:000173f6] [DEBUG][com.freerdp.channels.rdpgfx.client] - [rdpgfx_read_h264_metablock]: quantQualityVals[8]: qp: 0 r: 0 p: 0 qualityVal: 100
[17:59:56:982] [95171:000173f6] [DEBUG][com.freerdp.channels.rdpgfx.client] - [rdpgfx_read_h264_metablock]: quantQualityVals[9]: qp: 0 r: 0 p: 0 qualityVal: 100
[17:59:57:010] [95171:000173f5] [DEBUG][com.freerdp.channels.rdpsnd.client] - [rdpsnd_recv_wave2_pdu]: [dynamic] Wave2PDU: cBlockNo: 73 wFormatNo: 1 [WAVE_FORMAT_PCM] , align=4 wTimeStamp=0xf150, dwAudioTimeStamp=0x0000f150
[17:59:57:010] [95171:000173f5] [DEBUG][com.freerdp.channels.rdpsnd.client] - [rdpsnd_treat_wave]: [dynamic] Wave: cBlockNo: 73 wTimeStamp: 61776, size: 12228
[17:59:57:010] [95171:000173f5] [DEBUG][com.freerdp.channels.rdpsnd.client] - [audio_format_print]: WAVE_FORMAT_PCM:	 wFormatTag: 0x0001 nChannels: 2 nSamplesPerSec: 44100 nAvgBytesPerSec: 176400 nBlockAlign: 4 wBitsPerSample: 16 cbSize: 0
[17:59:57:049] [95171:000173f6] [DEBUG][com.freerdp.channels.rdpgfx.client] - [rdpgfx_read_h264_metablock]: H264_METABLOCK: numRegionRects: 10
[17:59:57:049] [95171:000173f6] [DEBUG][com.freerdp.channels.rdpgfx.client] - [rdpgfx_read_h264_metablock]: regionRects[0]: left: 0 top: 320 right: 64 bottom: 384
[17:59:57:049] [95171:000173f6] [DEBUG][com.freerdp.channels.rdpgfx.client] - [rdpgfx_read_h264_metablock]: regionRects[1]: left: 192 top: 320 right: 256 bottom: 384
[17:59:57:049] [95171:000173f6] [DEBUG][com.freerdp.channels.rdpgfx.client] - [rdpgfx_read_h264_metablock]: regionRects[2]: left: 0 top: 384 right: 64 bottom: 448
[17:59:57:049] [95171:000173f6] [DEBUG][com.freerdp.channels.rdpgfx.client] - [rdpgfx_read_h264_metablock]: regionRects[3]: left: 192 top: 384 right: 256 bottom: 448
[17:59:57:049] [95171:000173f6] [DEBUG][com.freerdp.channels.rdpgfx.client] - [rdpgfx_read_h264_metablock]: regionRects[4]: left: 0 top: 704 right: 64 bottom: 768
[17:59:57:049] [95171:000173f6] [DEBUG][com.freerdp.channels.rdpgfx.client] - [rdpgfx_read_h264_metablock]: regionRects[5]: left: 192 top: 704 right: 256 bottom: 768
[17:59:57:049] [95171:000173f6] [DEBUG][com.freerdp.channels.rdpgfx.client] - [rdpgfx_read_h264_metablock]: regionRects[6]: left: 0 top: 768 right: 64 bottom: 800
[17:59:57:049] [95171:000173f6] [DEBUG][com.freerdp.channels.rdpgfx.client] - [rdpgfx_read_h264_metablock]: regionRects[7]: left: 64 top: 768 right: 128 bottom: 800
[17:59:57:049] [95171:000173f6] [DEBUG][com.freerdp.channels.rdpgfx.client] - [rdpgfx_read_h264_metablock]: regionRects[8]: left: 128 top: 768 right: 192 bottom: 800
[17:59:57:049] [95171:000173f6] [DEBUG][com.freerdp.channels.rdpgfx.client] - [rdpgfx_read_h264_metablock]: regionRects[9]: left: 192 top: 768 right: 256 bottom: 800
[17:59:57:049] [95171:000173f6] [DEBUG][com.freerdp.channels.rdpgfx.client] - [rdpgfx_read_h264_metablock]: quantQualityVals[0]: qp: 0 r: 0 p: 0 qualityVal: 100
[17:59:57:049] [95171:000173f6] [DEBUG][com.freerdp.channels.rdpgfx.client] - [rdpgfx_read_h264_metablock]: quantQualityVals[1]: qp: 0 r: 0 p: 0 qualityVal: 100
[17:59:57:049] [95171:000173f6] [DEBUG][com.freerdp.channels.rdpgfx.client] - [rdpgfx_read_h264_metablock]: quantQualityVals[2]: qp: 0 r: 0 p: 0 qualityVal: 100
[17:59:57:049] [95171:000173f6] [DEBUG][com.freerdp.channels.rdpgfx.client] - [rdpgfx_read_h264_metablock]: quantQualityVals[3]: qp: 0 r: 0 p: 0 qualityVal: 100
[17:59:57:049] [95171:000173f6] [DEBUG][com.freerdp.channels.rdpgfx.client] - [rdpgfx_read_h264_metablock]: quantQualityVals[4]: qp: 0 r: 0 p: 0 qualityVal: 100
[17:59:57:049] [95171:000173f6] [DEBUG][com.freerdp.channels.rdpgfx.client] - [rdpgfx_read_h264_metablock]: quantQualityVals[5]: qp: 0 r: 0 p: 0 qualityVal: 100
[17:59:57:049] [95171:000173f6] [DEBUG][com.freerdp.channels.rdpgfx.client] - [rdpgfx_read_h264_metablock]: quantQualityVals[6]: qp: 0 r: 0 p: 0 qualityVal: 100
[17:59:57:049] [95171:000173f6] [DEBUG][com.freerdp.channels.rdpgfx.client] - [rdpgfx_read_h264_metablock]: quantQualityVals[7]: qp: 0 r: 0 p: 0 qualityVal: 100
[17:59:57:049] [95171:000173f6] [DEBUG][com.freerdp.channels.rdpgfx.client] - [rdpgfx_read_h264_metablock]: quantQualityVals[8]: qp: 0 r: 0 p: 0 qualityVal: 100
[17:59:57:049] [95171:000173f6] [DEBUG][com.freerdp.channels.rdpgfx.client] - [rdpgfx_read_h264_metablock]: quantQualityVals[9]: qp: 0 r: 0 p: 0 qualityVal: 100
[17:59:57:076] [95171:000173f5] [DEBUG][com.freerdp.channels.rdpsnd.client] - [rdpsnd_recv_wave2_pdu]: [dynamic] Wave2PDU: cBlockNo: 74 wFormatNo: 1 [WAVE_FORMAT_PCM] , align=4 wTimeStamp=0xf192, dwAudioTimeStamp=0x0000f192
[17:59:57:076] [95171:000173f5] [DEBUG][com.freerdp.channels.rdpsnd.client] - [rdpsnd_treat_wave]: [dynamic] Wave: cBlockNo: 74 wTimeStamp: 61842, size: 11292
[17:59:57:076] [95171:000173f5] [DEBUG][com.freerdp.channels.rdpsnd.client] - [audio_format_print]: WAVE_FORMAT_PCM:	 wFormatTag: 0x0001 nChannels: 2 nSamplesPerSec: 44100 nAvgBytesPerSec: 176400 nBlockAlign: 4 wBitsPerSample: 16 cbSize: 0
[17:59:57:141] [95171:000173f5] [DEBUG][com.freerdp.channels.rdpsnd.client] - [rdpsnd_recv_wave2_pdu]: [dynamic] Wave2PDU: cBlockNo: 75 wFormatNo: 1 [WAVE_FORMAT_PCM] , align=4 wTimeStamp=0xf1d3, dwAudioTimeStamp=0x0000f1d3
[17:59:57:141] [95171:000173f5] [DEBUG][com.freerdp.channels.rdpsnd.client] - [rdpsnd_treat_wave]: [dynamic] Wave: cBlockNo: 75 wTimeStamp: 61907, size: 11288
[17:59:57:141] [95171:000173f5] [DEBUG][com.freerdp.channels.rdpsnd.client] - [audio_format_print]: WAVE_FORMAT_PCM:	 wFormatTag: 0x0001 nChannels: 2 nSamplesPerSec: 44100 nAvgBytesPerSec: 176400 nBlockAlign: 4 wBitsPerSample: 16 cbSize: 0
[17:59:57:181] [95171:000173f6] [DEBUG][com.freerdp.channels.rdpgfx.client] - [rdpgfx_read_h264_metablock]: H264_METABLOCK: numRegionRects: 10
[17:59:57:181] [95171:000173f6] [DEBUG][com.freerdp.channels.rdpgfx.client] - [rdpgfx_read_h264_metablock]: regionRects[0]: left: 0 top: 320 right: 64 bottom: 384
[17:59:57:181] [95171:000173f6] [DEBUG][com.freerdp.channels.rdpgfx.client] - [rdpgfx_read_h264_metablock]: regionRects[1]: left: 192 top: 320 right: 256 bottom: 384
[17:59:57:181] [95171:000173f6] [DEBUG][com.freerdp.channels.rdpgfx.client] - [rdpgfx_read_h264_metablock]: regionRects[2]: left: 0 top: 384 right: 64 bottom: 448
[17:59:57:181] [95171:000173f6] [DEBUG][com.freerdp.channels.rdpgfx.client] - [rdpgfx_read_h264_metablock]: regionRects[3]: left: 192 top: 384 right: 256 bottom: 448
[17:59:57:181] [95171:000173f6] [DEBUG][com.freerdp.channels.rdpgfx.client] - [rdpgfx_read_h264_metablock]: regionRects[4]: left: 0 top: 704 right: 64 bottom: 768
[17:59:57:181] [95171:000173f6] [DEBUG][com.freerdp.channels.rdpgfx.client] - [rdpgfx_read_h264_metablock]: regionRects[5]: left: 192 top: 704 right: 256 bottom: 768
[17:59:57:181] [95171:000173f6] [DEBUG][com.freerdp.channels.rdpgfx.client] - [rdpgfx_read_h264_metablock]: regionRects[6]: left: 0 top: 768 right: 64 bottom: 800
[17:59:57:181] [95171:000173f6] [DEBUG][com.freerdp.channels.rdpgfx.client] - [rdpgfx_read_h264_metablock]: regionRects[7]: left: 64 top: 768 right: 128 bottom: 800
[17:59:57:181] [95171:000173f6] [DEBUG][com.freerdp.channels.rdpgfx.client] - [rdpgfx_read_h264_metablock]: regionRects[8]: left: 128 top: 768 right: 192 bottom: 800
[17:59:57:181] [95171:000173f6] [DEBUG][com.freerdp.channels.rdpgfx.client] - [rdpgfx_read_h264_metablock]: regionRects[9]: left: 192 top: 768 right: 256 bottom: 800
[17:59:57:181] [95171:000173f6] [DEBUG][com.freerdp.channels.rdpgfx.client] - [rdpgfx_read_h264_metablock]: quantQualityVals[0]: qp: 0 r: 0 p: 0 qualityVal: 100
[17:59:57:181] [95171:000173f6] [DEBUG][com.freerdp.channels.rdpgfx.client] - [rdpgfx_read_h264_metablock]: quantQualityVals[1]: qp: 0 r: 0 p: 0 qualityVal: 100
[17:59:57:181] [95171:000173f6] [DEBUG][com.freerdp.channels.rdpgfx.client] - [rdpgfx_read_h264_metablock]: quantQualityVals[2]: qp: 0 r: 0 p: 0 qualityVal: 100
[17:59:57:181] [95171:000173f6] [DEBUG][com.freerdp.channels.rdpgfx.client] - [rdpgfx_read_h264_metablock]: quantQualityVals[3]: qp: 0 r: 0 p: 0 qualityVal: 100
[17:59:57:181] [95171:000173f6] [DEBUG][com.freerdp.channels.rdpgfx.client] - [rdpgfx_read_h264_metablock]: quantQualityVals[4]: qp: 0 r: 0 p: 0 qualityVal: 100
[17:59:57:181] [95171:000173f6] [DEBUG][com.freerdp.channels.rdpgfx.client] - [rdpgfx_read_h264_metablock]: quantQualityVals[5]: qp: 0 r: 0 p: 0 qualityVal: 100
[17:59:57:181] [95171:000173f6] [DEBUG][com.freerdp.channels.rdpgfx.client] - [rdpgfx_read_h264_metablock]: quantQualityVals[6]: qp: 0 r: 0 p: 0 qualityVal: 100
[17:59:57:181] [95171:000173f6] [DEBUG][com.freerdp.channels.rdpgfx.client] - [rdpgfx_read_h264_metablock]: quantQualityVals[7]: qp: 0 r: 0 p: 0 qualityVal: 100
[17:59:57:181] [95171:000173f6] [DEBUG][com.freerdp.channels.rdpgfx.client] - [rdpgfx_read_h264_metablock]: quantQualityVals[8]: qp: 0 r: 0 p: 0 qualityVal: 100
[17:59:57:181] [95171:000173f6] [DEBUG][com.freerdp.channels.rdpgfx.client] - [rdpgfx_read_h264_metablock]: quantQualityVals[9]: qp: 0 r: 0 p: 0 qualityVal: 100
[17:59:57:210] [95171:000173f5] [DEBUG][com.freerdp.channels.rdpsnd.client] - [rdpsnd_recv_wave2_pdu]: [dynamic] Wave2PDU: cBlockNo: 76 wFormatNo: 1 [WAVE_FORMAT_PCM] , align=4 wTimeStamp=0xf218, dwAudioTimeStamp=0x0000f218
[17:59:57:210] [95171:000173f5] [DEBUG][com.freerdp.channels.rdpsnd.client] - [rdpsnd_treat_wave]: [dynamic] Wave: cBlockNo: 76 wTimeStamp: 61976, size: 12232
[17:59:57:210] [95171:000173f5] [DEBUG][com.freerdp.channels.rdpsnd.client] - [audio_format_print]: WAVE_FORMAT_PCM:	 wFormatTag: 0x0001 nChannels: 2 nSamplesPerSec: 44100 nAvgBytesPerSec: 176400 nBlockAlign: 4 wBitsPerSample: 16 cbSize: 0
[17:59:57:215] [95171:000173f6] [DEBUG][com.freerdp.channels.rdpgfx.client] - [rdpgfx_read_h264_metablock]: H264_METABLOCK: numRegionRects: 10
[17:59:57:215] [95171:000173f6] [DEBUG][com.freerdp.channels.rdpgfx.client] - [rdpgfx_read_h264_metablock]: regionRects[0]: left: 0 top: 320 right: 64 bottom: 384
[17:59:57:215] [95171:000173f6] [DEBUG][com.freerdp.channels.rdpgfx.client] - [rdpgfx_read_h264_metablock]: regionRects[1]: left: 192 top: 320 right: 256 bottom: 384
[17:59:57:215] [95171:000173f6] [DEBUG][com.freerdp.channels.rdpgfx.client] - [rdpgfx_read_h264_metablock]: regionRects[2]: left: 0 top: 384 right: 64 bottom: 448
[17:59:57:215] [95171:000173f6] [DEBUG][com.freerdp.channels.rdpgfx.client] - [rdpgfx_read_h264_metablock]: regionRects[3]: left: 192 top: 384 right: 256 bottom: 448
[17:59:57:215] [95171:000173f6] [DEBUG][com.freerdp.channels.rdpgfx.client] - [rdpgfx_read_h264_metablock]: regionRects[4]: left: 0 top: 704 right: 64 bottom: 768
[17:59:57:215] [95171:000173f6] [DEBUG][com.freerdp.channels.rdpgfx.client] - [rdpgfx_read_h264_metablock]: regionRects[5]: left: 192 top: 704 right: 256 bottom: 768
[17:59:57:215] [95171:000173f6] [DEBUG][com.freerdp.channels.rdpgfx.client] - [rdpgfx_read_h264_metablock]: regionRects[6]: left: 0 top: 768 right: 64 bottom: 800
[17:59:57:215] [95171:000173f6] [DEBUG][com.freerdp.channels.rdpgfx.client] - [rdpgfx_read_h264_metablock]: regionRects[7]: left: 64 top: 768 right: 128 bottom: 800
[17:59:57:215] [95171:000173f6] [DEBUG][com.freerdp.channels.rdpgfx.client] - [rdpgfx_read_h264_metablock]: regionRects[8]: left: 128 top: 768 right: 192 bottom: 800
[17:59:57:215] [95171:000173f6] [DEBUG][com.freerdp.channels.rdpgfx.client] - [rdpgfx_read_h264_metablock]: regionRects[9]: left: 192 top: 768 right: 256 bottom: 800
[17:59:57:215] [95171:000173f6] [DEBUG][com.freerdp.channels.rdpgfx.client] - [rdpgfx_read_h264_metablock]: quantQualityVals[0]: qp: 0 r: 0 p: 0 qualityVal: 100
[17:59:57:215] [95171:000173f6] [DEBUG][com.freerdp.channels.rdpgfx.client] - [rdpgfx_read_h264_metablock]: quantQualityVals[1]: qp: 0 r: 0 p: 0 qualityVal: 100
[17:59:57:215] [95171:000173f6] [DEBUG][com.freerdp.channels.rdpgfx.client] - [rdpgfx_read_h264_metablock]: quantQualityVals[2]: qp: 0 r: 0 p: 0 qualityVal: 100
[17:59:57:215] [95171:000173f6] [DEBUG][com.freerdp.channels.rdpgfx.client] - [rdpgfx_read_h264_metablock]: quantQualityVals[3]: qp: 0 r: 0 p: 0 qualityVal: 100
[17:59:57:215] [95171:000173f6] [DEBUG][com.freerdp.channels.rdpgfx.client] - [rdpgfx_read_h264_metablock]: quantQualityVals[4]: qp: 0 r: 0 p: 0 qualityVal: 100
[17:59:57:215] [95171:000173f6] [DEBUG][com.freerdp.channels.rdpgfx.client] - [rdpgfx_read_h264_metablock]: quantQualityVals[5]: qp: 0 r: 0 p: 0 qualityVal: 100
[17:59:57:215] [95171:000173f6] [DEBUG][com.freerdp.channels.rdpgfx.client] - [rdpgfx_read_h264_metablock]: quantQualityVals[6]: qp: 0 r: 0 p: 0 qualityVal: 100
[17:59:57:215] [95171:000173f6] [DEBUG][com.freerdp.channels.rdpgfx.client] - [rdpgfx_read_h264_metablock]: quantQualityVals[7]: qp: 0 r: 0 p: 0 qualityVal: 100
[17:59:57:215] [95171:000173f6] [DEBUG][com.freerdp.channels.rdpgfx.client] - [rdpgfx_read_h264_metablock]: quantQualityVals[8]: qp: 0 r: 0 p: 0 qualityVal: 100
[17:59:57:215] [95171:000173f6] [DEBUG][com.freerdp.channels.rdpgfx.client] - [rdpgfx_read_h264_metablock]: quantQualityVals[9]: qp: 0 r: 0 p: 0 qualityVal: 100
[17:59:57:251] [95171:000173f6] [DEBUG][com.freerdp.channels.rdpgfx.client] - [rdpgfx_read_h264_metablock]: H264_METABLOCK: numRegionRects: 10
[17:59:57:251] [95171:000173f6] [DEBUG][com.freerdp.channels.rdpgfx.client] - [rdpgfx_read_h264_metablock]: regionRects[0]: left: 0 top: 320 right: 64 bottom: 384
[17:59:57:251] [95171:000173f6] [DEBUG][com.freerdp.channels.rdpgfx.client] - [rdpgfx_read_h264_metablock]: regionRects[1]: left: 192 top: 320 right: 256 bottom: 384
[17:59:57:251] [95171:000173f6] [DEBUG][com.freerdp.channels.rdpgfx.client] - [rdpgfx_read_h264_metablock]: regionRects[2]: left: 0 top: 384 right: 64 bottom: 448
[17:59:57:251] [95171:000173f6] [DEBUG][com.freerdp.channels.rdpgfx.client] - [rdpgfx_read_h264_metablock]: regionRects[3]: left: 192 top: 384 right: 256 bottom: 448
[17:59:57:251] [95171:000173f6] [DEBUG][com.freerdp.channels.rdpgfx.client] - [rdpgfx_read_h264_metablock]: regionRects[4]: left: 0 top: 704 right: 64 bottom: 768
[17:59:57:251] [95171:000173f6] [DEBUG][com.freerdp.channels.rdpgfx.client] - [rdpgfx_read_h264_metablock]: regionRects[5]: left: 192 top: 704 right: 256 bottom: 768
[17:59:57:251] [95171:000173f6] [DEBUG][com.freerdp.channels.rdpgfx.client] - [rdpgfx_read_h264_metablock]: regionRects[6]: left: 0 top: 768 right: 64 bottom: 800
[17:59:57:251] [95171:000173f6] [DEBUG][com.freerdp.channels.rdpgfx.client] - [rdpgfx_read_h264_metablock]: regionRects[7]: left: 64 top: 768 right: 128 bottom: 800
[17:59:57:251] [95171:000173f6] [DEBUG][com.freerdp.channels.rdpgfx.client] - [rdpgfx_read_h264_metablock]: regionRects[8]: left: 128 top: 768 right: 192 bottom: 800
[17:59:57:251] [95171:000173f6] [DEBUG][com.freerdp.channels.rdpgfx.client] - [rdpgfx_read_h264_metablock]: regionRects[9]: left: 192 top: 768 right: 256 bottom: 800
[17:59:57:251] [95171:000173f6] [DEBUG][com.freerdp.channels.rdpgfx.client] - [rdpgfx_read_h264_metablock]: quantQualityVals[0]: qp: 0 r: 0 p: 0 qualityVal: 100
[17:59:57:251] [95171:000173f6] [DEBUG][com.freerdp.channels.rdpgfx.client] - [rdpgfx_read_h264_metablock]: quantQualityVals[1]: qp: 0 r: 0 p: 0 qualityVal: 100
[17:59:57:251] [95171:000173f6] [DEBUG][com.freerdp.channels.rdpgfx.client] - [rdpgfx_read_h264_metablock]: quantQualityVals[2]: qp: 0 r: 0 p: 0 qualityVal: 100
[17:59:57:251] [95171:000173f6] [DEBUG][com.freerdp.channels.rdpgfx.client] - [rdpgfx_read_h264_metablock]: quantQualityVals[3]: qp: 0 r: 0 p: 0 qualityVal: 100
[17:59:57:251] [95171:000173f6] [DEBUG][com.freerdp.channels.rdpgfx.client] - [rdpgfx_read_h264_metablock]: quantQualityVals[4]: qp: 0 r: 0 p: 0 qualityVal: 100
[17:59:57:251] [95171:000173f6] [DEBUG][com.freerdp.channels.rdpgfx.client] - [rdpgfx_read_h264_metablock]: quantQualityVals[5]: qp: 0 r: 0 p: 0 qualityVal: 100
[17:59:57:251] [95171:000173f6] [DEBUG][com.freerdp.channels.rdpgfx.client] - [rdpgfx_read_h264_metablock]: quantQualityVals[6]: qp: 0 r: 0 p: 0 qualityVal: 100
[17:59:57:251] [95171:000173f6] [DEBUG][com.freerdp.channels.rdpgfx.client] - [rdpgfx_read_h264_metablock]: quantQualityVals[7]: qp: 0 r: 0 p: 0 qualityVal: 100
[17:59:57:251] [95171:000173f6] [DEBUG][com.freerdp.channels.rdpgfx.client] - [rdpgfx_read_h264_metablock]: quantQualityVals[8]: qp: 0 r: 0 p: 0 qualityVal: 100
[17:59:57:251] [95171:000173f6] [DEBUG][com.freerdp.channels.rdpgfx.client] - [rdpgfx_read_h264_metablock]: quantQualityVals[9]: qp: 0 r: 0 p: 0 qualityVal: 100
[17:59:57:278] [95171:000173f5] [DEBUG][com.freerdp.channels.rdpsnd.client] - [rdpsnd_recv_wave2_pdu]: [dynamic] Wave2PDU: cBlockNo: 77 wFormatNo: 1 [WAVE_FORMAT_PCM] , align=4 wTimeStamp=0xf25c, dwAudioTimeStamp=0x0000f25c
[17:59:57:278] [95171:000173f5] [DEBUG][com.freerdp.channels.rdpsnd.client] - [rdpsnd_treat_wave]: [dynamic] Wave: cBlockNo: 77 wTimeStamp: 62044, size: 12228
[17:59:57:278] [95171:000173f5] [DEBUG][com.freerdp.channels.rdpsnd.client] - [audio_format_print]: WAVE_FORMAT_PCM:	 wFormatTag: 0x0001 nChannels: 2 nSamplesPerSec: 44100 nAvgBytesPerSec: 176400 nBlockAlign: 4 wBitsPerSample: 16 cbSize: 0
[17:59:57:316] [95171:000173f6] [DEBUG][com.freerdp.channels.rdpgfx.client] - [rdpgfx_read_h264_metablock]: H264_METABLOCK: numRegionRects: 10
[17:59:57:316] [95171:000173f6] [DEBUG][com.freerdp.channels.rdpgfx.client] - [rdpgfx_read_h264_metablock]: regionRects[0]: left: 0 top: 320 right: 64 bottom: 384
[17:59:57:316] [95171:000173f6] [DEBUG][com.freerdp.channels.rdpgfx.client] - [rdpgfx_read_h264_metablock]: regionRects[1]: left: 192 top: 320 right: 256 bottom: 384
[17:59:57:316] [95171:000173f6] [DEBUG][com.freerdp.channels.rdpgfx.client] - [rdpgfx_read_h264_metablock]: regionRects[2]: left: 0 top: 384 right: 64 bottom: 448
[17:59:57:316] [95171:000173f6] [DEBUG][com.freerdp.channels.rdpgfx.client] - [rdpgfx_read_h264_metablock]: regionRects[3]: left: 192 top: 384 right: 256 bottom: 448
[17:59:57:316] [95171:000173f6] [DEBUG][com.freerdp.channels.rdpgfx.client] - [rdpgfx_read_h264_metablock]: regionRects[4]: left: 0 top: 704 right: 64 bottom: 768
[17:59:57:316] [95171:000173f6] [DEBUG][com.freerdp.channels.rdpgfx.client] - [rdpgfx_read_h264_metablock]: regionRects[5]: left: 192 top: 704 right: 256 bottom: 768
[17:59:57:316] [95171:000173f6] [DEBUG][com.freerdp.channels.rdpgfx.client] - [rdpgfx_read_h264_metablock]: regionRects[6]: left: 0 top: 768 right: 64 bottom: 800
[17:59:57:316] [95171:000173f6] [DEBUG][com.freerdp.channels.rdpgfx.client] - [rdpgfx_read_h264_metablock]: regionRects[7]: left: 64 top: 768 right: 128 bottom: 800
[17:59:57:316] [95171:000173f6] [DEBUG][com.freerdp.channels.rdpgfx.client] - [rdpgfx_read_h264_metablock]: regionRects[8]: left: 128 top: 768 right: 192 bottom: 800
[17:59:57:316] [95171:000173f6] [DEBUG][com.freerdp.channels.rdpgfx.client] - [rdpgfx_read_h264_metablock]: regionRects[9]: left: 192 top: 768 right: 256 bottom: 800
[17:59:57:316] [95171:000173f6] [DEBUG][com.freerdp.channels.rdpgfx.client] - [rdpgfx_read_h264_metablock]: quantQualityVals[0]: qp: 0 r: 0 p: 0 qualityVal: 100
[17:59:57:316] [95171:000173f6] [DEBUG][com.freerdp.channels.rdpgfx.client] - [rdpgfx_read_h264_metablock]: quantQualityVals[1]: qp: 0 r: 0 p: 0 qualityVal: 100
[17:59:57:316] [95171:000173f6] [DEBUG][com.freerdp.channels.rdpgfx.client] - [rdpgfx_read_h264_metablock]: quantQualityVals[2]: qp: 0 r: 0 p: 0 qualityVal: 100
[17:59:57:316] [95171:000173f6] [DEBUG][com.freerdp.channels.rdpgfx.client] - [rdpgfx_read_h264_metablock]: quantQualityVals[3]: qp: 0 r: 0 p: 0 qualityVal: 100
[17:59:57:316] [95171:000173f6] [DEBUG][com.freerdp.channels.rdpgfx.client] - [rdpgfx_read_h264_metablock]: quantQualityVals[4]: qp: 0 r: 0 p: 0 qualityVal: 100
[17:59:57:316] [95171:000173f6] [DEBUG][com.freerdp.channels.rdpgfx.client] - [rdpgfx_read_h264_metablock]: quantQualityVals[5]: qp: 0 r: 0 p: 0 qualityVal: 100
[17:59:57:316] [95171:000173f6] [DEBUG][com.freerdp.channels.rdpgfx.client] - [rdpgfx_read_h264_metablock]: quantQualityVals[6]: qp: 0 r: 0 p: 0 qualityVal: 100
[17:59:57:316] [95171:000173f6] [DEBUG][com.freerdp.channels.rdpgfx.client] - [rdpgfx_read_h264_metablock]: quantQualityVals[7]: qp: 0 r: 0 p: 0 qualityVal: 100
[17:59:57:316] [95171:000173f6] [DEBUG][com.freerdp.channels.rdpgfx.client] - [rdpgfx_read_h264_metablock]: quantQualityVals[8]: qp: 0 r: 0 p: 0 qualityVal: 100
[17:59:57:316] [95171:000173f6] [DEBUG][com.freerdp.channels.rdpgfx.client] - [rdpgfx_read_h264_metablock]: quantQualityVals[9]: qp: 0 r: 0 p: 0 qualityVal: 100
[17:59:57:345] [95171:000173f5] [DEBUG][com.freerdp.channels.rdpsnd.client] - [rdpsnd_recv_wave2_pdu]: [dynamic] Wave2PDU: cBlockNo: 78 wFormatNo: 1 [WAVE_FORMAT_PCM] , align=4 wTimeStamp=0xf29e, dwAudioTimeStamp=0x0000f29e
[17:59:57:345] [95171:000173f5] [DEBUG][com.freerdp.channels.rdpsnd.client] - [rdpsnd_treat_wave]: [dynamic] Wave: cBlockNo: 78 wTimeStamp: 62110, size: 12232
[17:59:57:345] [95171:000173f5] [DEBUG][com.freerdp.channels.rdpsnd.client] - [audio_format_print]: WAVE_FORMAT_PCM:	 wFormatTag: 0x0001 nChannels: 2 nSamplesPerSec: 44100 nAvgBytesPerSec: 176400 nBlockAlign: 4 wBitsPerSample: 16 cbSize: 0
[17:59:57:410] [95171:000173f5] [DEBUG][com.freerdp.channels.rdpsnd.client] - [rdpsnd_recv_wave2_pdu]: [dynamic] Wave2PDU: cBlockNo: 79 wFormatNo: 1 [WAVE_FORMAT_PCM] , align=4 wTimeStamp=0xf2df, dwAudioTimeStamp=0x0000f2df
[17:59:57:410] [95171:000173f5] [DEBUG][com.freerdp.channels.rdpsnd.client] - [rdpsnd_treat_wave]: [dynamic] Wave: cBlockNo: 79 wTimeStamp: 62175, size: 11288
[17:59:57:410] [95171:000173f5] [DEBUG][com.freerdp.channels.rdpsnd.client] - [audio_format_print]: WAVE_FORMAT_PCM:	 wFormatTag: 0x0001 nChannels: 2 nSamplesPerSec: 44100 nAvgBytesPerSec: 176400 nBlockAlign: 4 wBitsPerSample: 16 cbSize: 0
[17:59:57:416] [95171:000173f6] [DEBUG][com.freerdp.channels.rdpgfx.client] - [rdpgfx_read_h264_metablock]: H264_METABLOCK: numRegionRects: 10
[17:59:57:416] [95171:000173f6] [DEBUG][com.freerdp.channels.rdpgfx.client] - [rdpgfx_read_h264_metablock]: regionRects[0]: left: 0 top: 320 right: 64 bottom: 384
[17:59:57:416] [95171:000173f6] [DEBUG][com.freerdp.channels.rdpgfx.client] - [rdpgfx_read_h264_metablock]: regionRects[1]: left: 192 top: 320 right: 256 bottom: 384
[17:59:57:416] [95171:000173f6] [DEBUG][com.freerdp.channels.rdpgfx.client] - [rdpgfx_read_h264_metablock]: regionRects[2]: left: 0 top: 384 right: 64 bottom: 448
[17:59:57:416] [95171:000173f6] [DEBUG][com.freerdp.channels.rdpgfx.client] - [rdpgfx_read_h264_metablock]: regionRects[3]: left: 192 top: 384 right: 256 bottom: 448
[17:59:57:416] [95171:000173f6] [DEBUG][com.freerdp.channels.rdpgfx.client] - [rdpgfx_read_h264_metablock]: regionRects[4]: left: 0 top: 704 right: 64 bottom: 768
[17:59:57:416] [95171:000173f6] [DEBUG][com.freerdp.channels.rdpgfx.client] - [rdpgfx_read_h264_metablock]: regionRects[5]: left: 192 top: 704 right: 256 bottom: 768
[17:59:57:416] [95171:000173f6] [DEBUG][com.freerdp.channels.rdpgfx.client] - [rdpgfx_read_h264_metablock]: regionRects[6]: left: 0 top: 768 right: 64 bottom: 800
[17:59:57:416] [95171:000173f6] [DEBUG][com.freerdp.channels.rdpgfx.client] - [rdpgfx_read_h264_metablock]: regionRects[7]: left: 64 top: 768 right: 128 bottom: 800
[17:59:57:416] [95171:000173f6] [DEBUG][com.freerdp.channels.rdpgfx.client] - [rdpgfx_read_h264_metablock]: regionRects[8]: left: 128 top: 768 right: 192 bottom: 800
[17:59:57:416] [95171:000173f6] [DEBUG][com.freerdp.channels.rdpgfx.client] - [rdpgfx_read_h264_metablock]: regionRects[9]: left: 192 top: 768 right: 256 bottom: 800
[17:59:57:416] [95171:000173f6] [DEBUG][com.freerdp.channels.rdpgfx.client] - [rdpgfx_read_h264_metablock]: quantQualityVals[0]: qp: 0 r: 0 p: 0 qualityVal: 100
[17:59:57:416] [95171:000173f6] [DEBUG][com.freerdp.channels.rdpgfx.client] - [rdpgfx_read_h264_metablock]: quantQualityVals[1]: qp: 0 r: 0 p: 0 qualityVal: 100
[17:59:57:416] [95171:000173f6] [DEBUG][com.freerdp.channels.rdpgfx.client] - [rdpgfx_read_h264_metablock]: quantQualityVals[2]: qp: 0 r: 0 p: 0 qualityVal: 100
[17:59:57:416] [95171:000173f6] [DEBUG][com.freerdp.channels.rdpgfx.client] - [rdpgfx_read_h264_metablock]: quantQualityVals[3]: qp: 0 r: 0 p: 0 qualityVal: 100
[17:59:57:416] [95171:000173f6] [DEBUG][com.freerdp.channels.rdpgfx.client] - [rdpgfx_read_h264_metablock]: quantQualityVals[4]: qp: 0 r: 0 p: 0 qualityVal: 100
[17:59:57:416] [95171:000173f6] [DEBUG][com.freerdp.channels.rdpgfx.client] - [rdpgfx_read_h264_metablock]: quantQualityVals[5]: qp: 0 r: 0 p: 0 qualityVal: 100
[17:59:57:416] [95171:000173f6] [DEBUG][com.freerdp.channels.rdpgfx.client] - [rdpgfx_read_h264_metablock]: quantQualityVals[6]: qp: 0 r: 0 p: 0 qualityVal: 100
[17:59:57:416] [95171:000173f6] [DEBUG][com.freerdp.channels.rdpgfx.client] - [rdpgfx_read_h264_metablock]: quantQualityVals[7]: qp: 0 r: 0 p: 0 qualityVal: 100
[17:59:57:416] [95171:000173f6] [DEBUG][com.freerdp.channels.rdpgfx.client] - [rdpgfx_read_h264_metablock]: quantQualityVals[8]: qp: 0 r: 0 p: 0 qualityVal: 100
[17:59:57:416] [95171:000173f6] [DEBUG][com.freerdp.channels.rdpgfx.client] - [rdpgfx_read_h264_metablock]: quantQualityVals[9]: qp: 0 r: 0 p: 0 qualityVal: 100
[17:59:57:477] [95171:000173f5] [DEBUG][com.freerdp.channels.rdpsnd.client] - [rdpsnd_recv_wave2_pdu]: [dynamic] Wave2PDU: cBlockNo: 80 wFormatNo: 1 [WAVE_FORMAT_PCM] , align=4 wTimeStamp=0xf322, dwAudioTimeStamp=0x0000f322
[17:59:57:477] [95171:000173f5] [DEBUG][com.freerdp.channels.rdpsnd.client] - [rdpsnd_treat_wave]: [dynamic] Wave: cBlockNo: 80 wTimeStamp: 62242, size: 11292
[17:59:57:477] [95171:000173f5] [DEBUG][com.freerdp.channels.rdpsnd.client] - [audio_format_print]: WAVE_FORMAT_PCM:	 wFormatTag: 0x0001 nChannels: 2 nSamplesPerSec: 44100 nAvgBytesPerSec: 176400 nBlockAlign: 4 wBitsPerSample: 16 cbSize: 0
[17:59:57:482] [95171:000173f6] [DEBUG][com.freerdp.channels.rdpgfx.client] - [rdpgfx_read_h264_metablock]: H264_METABLOCK: numRegionRects: 4
[17:59:57:482] [95171:000173f6] [DEBUG][com.freerdp.channels.rdpgfx.client] - [rdpgfx_read_h264_metablock]: regionRects[0]: left: 192 top: 320 right: 256 bottom: 384
[17:59:57:482] [95171:000173f6] [DEBUG][com.freerdp.channels.rdpgfx.client] - [rdpgfx_read_h264_metablock]: regionRects[1]: left: 192 top: 384 right: 256 bottom: 448
[17:59:57:482] [95171:000173f6] [DEBUG][com.freerdp.channels.rdpgfx.client] - [rdpgfx_read_h264_metablock]: regionRects[2]: left: 192 top: 704 right: 256 bottom: 768
[17:59:57:482] [95171:000173f6] [DEBUG][com.freerdp.channels.rdpgfx.client] - [rdpgfx_read_h264_metablock]: regionRects[3]: left: 192 top: 768 right: 256 bottom: 800
[17:59:57:482] [95171:000173f6] [DEBUG][com.freerdp.channels.rdpgfx.client] - [rdpgfx_read_h264_metablock]: quantQualityVals[0]: qp: 0 r: 0 p: 0 qualityVal: 100
[17:59:57:482] [95171:000173f6] [DEBUG][com.freerdp.channels.rdpgfx.client] - [rdpgfx_read_h264_metablock]: quantQualityVals[1]: qp: 0 r: 0 p: 0 qualityVal: 100
[17:59:57:482] [95171:000173f6] [DEBUG][com.freerdp.channels.rdpgfx.client] - [rdpgfx_read_h264_metablock]: quantQualityVals[2]: qp: 0 r: 0 p: 0 qualityVal: 100
[17:59:57:482] [95171:000173f6] [DEBUG][com.freerdp.channels.rdpgfx.client] - [rdpgfx_read_h264_metablock]: quantQualityVals[3]: qp: 0 r: 0 p: 0 qualityVal: 100
[17:59:57:544] [95171:000173f5] [DEBUG][com.freerdp.channels.rdpsnd.client] - [rdpsnd_recv_wave2_pdu]: [dynamic] Wave2PDU: cBlockNo: 81 wFormatNo: 1 [WAVE_FORMAT_PCM] , align=4 wTimeStamp=0xf365, dwAudioTimeStamp=0x0000f365
[17:59:57:544] [95171:000173f5] [DEBUG][com.freerdp.channels.rdpsnd.client] - [rdpsnd_treat_wave]: [dynamic] Wave: cBlockNo: 81 wTimeStamp: 62309, size: 12228
[17:59:57:544] [95171:000173f5] [DEBUG][com.freerdp.channels.rdpsnd.client] - [audio_format_print]: WAVE_FORMAT_PCM:	 wFormatTag: 0x0001 nChannels: 2 nSamplesPerSec: 44100 nAvgBytesPerSec: 176400 nBlockAlign: 4 wBitsPerSample: 16 cbSize: 0
[17:59:57:549] [95171:000173f6] [DEBUG][com.freerdp.channels.rdpgfx.client] - [rdpgfx_read_h264_metablock]: H264_METABLOCK: numRegionRects: 4
[17:59:57:549] [95171:000173f6] [DEBUG][com.freerdp.channels.rdpgfx.client] - [rdpgfx_read_h264_metablock]: regionRects[0]: left: 0 top: 768 right: 64 bottom: 800
[17:59:57:549] [95171:000173f6] [DEBUG][com.freerdp.channels.rdpgfx.client] - [rdpgfx_read_h264_metablock]: regionRects[1]: left: 64 top: 768 right: 128 bottom: 800
[17:59:57:549] [95171:000173f6] [DEBUG][com.freerdp.channels.rdpgfx.client] - [rdpgfx_read_h264_metablock]: regionRects[2]: left: 128 top: 768 right: 192 bottom: 800
[17:59:57:549] [95171:000173f6] [DEBUG][com.freerdp.channels.rdpgfx.client] - [rdpgfx_read_h264_metablock]: regionRects[3]: left: 192 top: 768 right: 256 bottom: 800
[17:59:57:549] [95171:000173f6] [DEBUG][com.freerdp.channels.rdpgfx.client] - [rdpgfx_read_h264_metablock]: quantQualityVals[0]: qp: 0 r: 0 p: 0 qualityVal: 100
[17:59:57:549] [95171:000173f6] [DEBUG][com.freerdp.channels.rdpgfx.client] - [rdpgfx_read_h264_metablock]: quantQualityVals[1]: qp: 0 r: 0 p: 0 qualityVal: 100
[17:59:57:549] [95171:000173f6] [DEBUG][com.freerdp.channels.rdpgfx.client] - [rdpgfx_read_h264_metablock]: quantQualityVals[2]: qp: 0 r: 0 p: 0 qualityVal: 100
[17:59:57:549] [95171:000173f6] [DEBUG][com.freerdp.channels.rdpgfx.client] - [rdpgfx_read_h264_metablock]: quantQualityVals[3]: qp: 0 r: 0 p: 0 qualityVal: 100
[17:59:57:610] [95171:000173f5] [DEBUG][com.freerdp.channels.rdpsnd.client] - [rdpsnd_recv_wave2_pdu]: [dynamic] Wave2PDU: cBlockNo: 82 wFormatNo: 1 [WAVE_FORMAT_PCM] , align=4 wTimeStamp=0xf3a8, dwAudioTimeStamp=0x0000f3a8
[17:59:57:610] [95171:000173f5] [DEBUG][com.freerdp.channels.rdpsnd.client] - [rdpsnd_treat_wave]: [dynamic] Wave: cBlockNo: 82 wTimeStamp: 62376, size: 11292
[17:59:57:610] [95171:000173f5] [DEBUG][com.freerdp.channels.rdpsnd.client] - [audio_format_print]: WAVE_FORMAT_PCM:	 wFormatTag: 0x0001 nChannels: 2 nSamplesPerSec: 44100 nAvgBytesPerSec: 176400 nBlockAlign: 4 wBitsPerSample: 16 cbSize: 0
[17:59:57:615] [95171:000173f6] [DEBUG][com.freerdp.channels.rdpgfx.client] - [rdpgfx_read_h264_metablock]: H264_METABLOCK: numRegionRects: 4
[17:59:57:615] [95171:000173f6] [DEBUG][com.freerdp.channels.rdpgfx.client] - [rdpgfx_read_h264_metablock]: regionRects[0]: left: 0 top: 768 right: 64 bottom: 800
[17:59:57:615] [95171:000173f6] [DEBUG][com.freerdp.channels.rdpgfx.client] - [rdpgfx_read_h264_metablock]: regionRects[1]: left: 64 top: 768 right: 128 bottom: 800
[17:59:57:615] [95171:000173f6] [DEBUG][com.freerdp.channels.rdpgfx.client] - [rdpgfx_read_h264_metablock]: regionRects[2]: left: 128 top: 768 right: 192 bottom: 800
[17:59:57:615] [95171:000173f6] [DEBUG][com.freerdp.channels.rdpgfx.client] - [rdpgfx_read_h264_metablock]: regionRects[3]: left: 192 top: 768 right: 256 bottom: 800
[17:59:57:615] [95171:000173f6] [DEBUG][com.freerdp.channels.rdpgfx.client] - [rdpgfx_read_h264_metablock]: quantQualityVals[0]: qp: 0 r: 0 p: 0 qualityVal: 100
[17:59:57:615] [95171:000173f6] [DEBUG][com.freerdp.channels.rdpgfx.client] - [rdpgfx_read_h264_metablock]: quantQualityVals[1]: qp: 0 r: 0 p: 0 qualityVal: 100
[17:59:57:615] [95171:000173f6] [DEBUG][com.freerdp.channels.rdpgfx.client] - [rdpgfx_read_h264_metablock]: quantQualityVals[2]: qp: 0 r: 0 p: 0 qualityVal: 100
[17:59:57:615] [95171:000173f6] [DEBUG][com.freerdp.channels.rdpgfx.client] - [rdpgfx_read_h264_metablock]: quantQualityVals[3]: qp: 0 r: 0 p: 0 qualityVal: 100
[17:59:57:675] [95171:000173f5] [DEBUG][com.freerdp.channels.rdpsnd.client] - [rdpsnd_recv_wave2_pdu]: [dynamic] Wave2PDU: cBlockNo: 83 wFormatNo: 1 [WAVE_FORMAT_PCM] , align=4 wTimeStamp=0xf3e9, dwAudioTimeStamp=0x0000f3e9
[17:59:57:675] [95171:000173f5] [DEBUG][com.freerdp.channels.rdpsnd.client] - [rdpsnd_treat_wave]: [dynamic] Wave: cBlockNo: 83 wTimeStamp: 62441, size: 12228
[17:59:57:675] [95171:000173f5] [DEBUG][com.freerdp.channels.rdpsnd.client] - [audio_format_print]: WAVE_FORMAT_PCM:	 wFormatTag: 0x0001 nChannels: 2 nSamplesPerSec: 44100 nAvgBytesPerSec: 176400 nBlockAlign: 4 wBitsPerSample: 16 cbSize: 0
[17:59:57:681] [95171:000173f6] [DEBUG][com.freerdp.channels.rdpgfx.client] - [rdpgfx_read_h264_metablock]: H264_METABLOCK: numRegionRects: 4
[17:59:57:681] [95171:000173f6] [DEBUG][com.freerdp.channels.rdpgfx.client] - [rdpgfx_read_h264_metablock]: regionRects[0]: left: 0 top: 768 right: 64 bottom: 800
[17:59:57:681] [95171:000173f6] [DEBUG][com.freerdp.channels.rdpgfx.client] - [rdpgfx_read_h264_metablock]: regionRects[1]: left: 64 top: 768 right: 128 bottom: 800
[17:59:57:681] [95171:000173f6] [DEBUG][com.freerdp.channels.rdpgfx.client] - [rdpgfx_read_h264_metablock]: regionRects[2]: left: 128 top: 768 right: 192 bottom: 800
[17:59:57:681] [95171:000173f6] [DEBUG][com.freerdp.channels.rdpgfx.client] - [rdpgfx_read_h264_metablock]: regionRects[3]: left: 192 top: 768 right: 256 bottom: 800
[17:59:57:681] [95171:000173f6] [DEBUG][com.freerdp.channels.rdpgfx.client] - [rdpgfx_read_h264_metablock]: quantQualityVals[0]: qp: 0 r: 0 p: 0 qualityVal: 100
[17:59:57:681] [95171:000173f6] [DEBUG][com.freerdp.channels.rdpgfx.client] - [rdpgfx_read_h264_metablock]: quantQualityVals[1]: qp: 0 r: 0 p: 0 qualityVal: 100
[17:59:57:681] [95171:000173f6] [DEBUG][com.freerdp.channels.rdpgfx.client] - [rdpgfx_read_h264_metablock]: quantQualityVals[2]: qp: 0 r: 0 p: 0 qualityVal: 100
[17:59:57:681] [95171:000173f6] [DEBUG][com.freerdp.channels.rdpgfx.client] - [rdpgfx_read_h264_metablock]: quantQualityVals[3]: qp: 0 r: 0 p: 0 qualityVal: 100
[17:59:57:744] [95171:000173f5] [DEBUG][com.freerdp.channels.rdpsnd.client] - [rdpsnd_recv_wave2_pdu]: [dynamic] Wave2PDU: cBlockNo: 84 wFormatNo: 1 [WAVE_FORMAT_PCM] , align=4 wTimeStamp=0xf42e, dwAudioTimeStamp=0x0000f42e
[17:59:57:744] [95171:000173f5] [DEBUG][com.freerdp.channels.rdpsnd.client] - [rdpsnd_treat_wave]: [dynamic] Wave: cBlockNo: 84 wTimeStamp: 62510, size: 11292
[17:59:57:744] [95171:000173f5] [DEBUG][com.freerdp.channels.rdpsnd.client] - [audio_format_print]: WAVE_FORMAT_PCM:	 wFormatTag: 0x0001 nChannels: 2 nSamplesPerSec: 44100 nAvgBytesPerSec: 176400 nBlockAlign: 4 wBitsPerSample: 16 cbSize: 0
[17:59:57:750] [95171:000173f6] [DEBUG][com.freerdp.channels.rdpgfx.client] - [rdpgfx_read_h264_metablock]: H264_METABLOCK: numRegionRects: 4
[17:59:57:750] [95171:000173f6] [DEBUG][com.freerdp.channels.rdpgfx.client] - [rdpgfx_read_h264_metablock]: regionRects[0]: left: 0 top: 768 right: 64 bottom: 800
[17:59:57:750] [95171:000173f6] [DEBUG][com.freerdp.channels.rdpgfx.client] - [rdpgfx_read_h264_metablock]: regionRects[1]: left: 64 top: 768 right: 128 bottom: 800
[17:59:57:750] [95171:000173f6] [DEBUG][com.freerdp.channels.rdpgfx.client] - [rdpgfx_read_h264_metablock]: regionRects[2]: left: 128 top: 768 right: 192 bottom: 800
[17:59:57:750] [95171:000173f6] [DEBUG][com.freerdp.channels.rdpgfx.client] - [rdpgfx_read_h264_metablock]: regionRects[3]: left: 192 top: 768 right: 256 bottom: 800
[17:59:57:750] [95171:000173f6] [DEBUG][com.freerdp.channels.rdpgfx.client] - [rdpgfx_read_h264_metablock]: quantQualityVals[0]: qp: 0 r: 0 p: 0 qualityVal: 100
[17:59:57:750] [95171:000173f6] [DEBUG][com.freerdp.channels.rdpgfx.client] - [rdpgfx_read_h264_metablock]: quantQualityVals[1]: qp: 0 r: 0 p: 0 qualityVal: 100
[17:59:57:750] [95171:000173f6] [DEBUG][com.freerdp.channels.rdpgfx.client] - [rdpgfx_read_h264_metablock]: quantQualityVals[2]: qp: 0 r: 0 p: 0 qualityVal: 100
[17:59:57:750] [95171:000173f6] [DEBUG][com.freerdp.channels.rdpgfx.client] - [rdpgfx_read_h264_metablock]: quantQualityVals[3]: qp: 0 r: 0 p: 0 qualityVal: 100
[17:59:57:810] [95171:000173f5] [DEBUG][com.freerdp.channels.rdpsnd.client] - [rdpsnd_recv_wave2_pdu]: [dynamic] Wave2PDU: cBlockNo: 85 wFormatNo: 1 [WAVE_FORMAT_PCM] , align=4 wTimeStamp=0xf470, dwAudioTimeStamp=0x0000f470
[17:59:57:810] [95171:000173f5] [DEBUG][com.freerdp.channels.rdpsnd.client] - [rdpsnd_treat_wave]: [dynamic] Wave: cBlockNo: 85 wTimeStamp: 62576, size: 12228
[17:59:57:810] [95171:000173f5] [DEBUG][com.freerdp.channels.rdpsnd.client] - [audio_format_print]: WAVE_FORMAT_PCM:	 wFormatTag: 0x0001 nChannels: 2 nSamplesPerSec: 44100 nAvgBytesPerSec: 176400 nBlockAlign: 4 wBitsPerSample: 16 cbSize: 0
[17:59:57:815] [95171:000173f6] [DEBUG][com.freerdp.channels.rdpgfx.client] - [rdpgfx_read_h264_metablock]: H264_METABLOCK: numRegionRects: 4
[17:59:57:815] [95171:000173f6] [DEBUG][com.freerdp.channels.rdpgfx.client] - [rdpgfx_read_h264_metablock]: regionRects[0]: left: 0 top: 768 right: 64 bottom: 800
[17:59:57:816] [95171:000173f6] [DEBUG][com.freerdp.channels.rdpgfx.client] - [rdpgfx_read_h264_metablock]: regionRects[1]: left: 64 top: 768 right: 128 bottom: 800
[17:59:57:816] [95171:000173f6] [DEBUG][com.freerdp.channels.rdpgfx.client] - [rdpgfx_read_h264_metablock]: regionRects[2]: left: 128 top: 768 right: 192 bottom: 800
[17:59:57:816] [95171:000173f6] [DEBUG][com.freerdp.channels.rdpgfx.client] - [rdpgfx_read_h264_metablock]: regionRects[3]: left: 192 top: 768 right: 256 bottom: 800
[17:59:57:816] [95171:000173f6] [DEBUG][com.freerdp.channels.rdpgfx.client] - [rdpgfx_read_h264_metablock]: quantQualityVals[0]: qp: 0 r: 0 p: 0 qualityVal: 100
[17:59:57:816] [95171:000173f6] [DEBUG][com.freerdp.channels.rdpgfx.client] - [rdpgfx_read_h264_metablock]: quantQualityVals[1]: qp: 0 r: 0 p: 0 qualityVal: 100
[17:59:57:816] [95171:000173f6] [DEBUG][com.freerdp.channels.rdpgfx.client] - [rdpgfx_read_h264_metablock]: quantQualityVals[2]: qp: 0 r: 0 p: 0 qualityVal: 100
[17:59:57:816] [95171:000173f6] [DEBUG][com.freerdp.channels.rdpgfx.client] - [rdpgfx_read_h264_metablock]: quantQualityVals[3]: qp: 0 r: 0 p: 0 qualityVal: 100
[17:59:57:853] [95171:000173f6] [DEBUG][com.freerdp.channels.rdpgfx.client] - [rdpgfx_read_h264_metablock]: H264_METABLOCK: numRegionRects: 4
[17:59:57:853] [95171:000173f6] [DEBUG][com.freerdp.channels.rdpgfx.client] - [rdpgfx_read_h264_metablock]: regionRects[0]: left: 0 top: 768 right: 64 bottom: 800
[17:59:57:853] [95171:000173f6] [DEBUG][com.freerdp.channels.rdpgfx.client] - [rdpgfx_read_h264_metablock]: regionRects[1]: left: 64 top: 768 right: 128 bottom: 800
[17:59:57:853] [95171:000173f6] [DEBUG][com.freerdp.channels.rdpgfx.client] - [rdpgfx_read_h264_metablock]: regionRects[2]: left: 128 top: 768 right: 192 bottom: 800
[17:59:57:853] [95171:000173f6] [DEBUG][com.freerdp.channels.rdpgfx.client] - [rdpgfx_read_h264_metablock]: regionRects[3]: left: 192 top: 768 right: 256 bottom: 800
[17:59:57:853] [95171:000173f6] [DEBUG][com.freerdp.channels.rdpgfx.client] - [rdpgfx_read_h264_metablock]: quantQualityVals[0]: qp: 0 r: 0 p: 0 qualityVal: 100
[17:59:57:853] [95171:000173f6] [DEBUG][com.freerdp.channels.rdpgfx.client] - [rdpgfx_read_h264_metablock]: quantQualityVals[1]: qp: 0 r: 0 p: 0 qualityVal: 100
[17:59:57:853] [95171:000173f6] [DEBUG][com.freerdp.channels.rdpgfx.client] - [rdpgfx_read_h264_metablock]: quantQualityVals[2]: qp: 0 r: 0 p: 0 qualityVal: 100
[17:59:57:853] [95171:000173f6] [DEBUG][com.freerdp.channels.rdpgfx.client] - [rdpgfx_read_h264_metablock]: quantQualityVals[3]: qp: 0 r: 0 p: 0 qualityVal: 100
[17:59:57:877] [95171:000173f5] [DEBUG][com.freerdp.channels.rdpsnd.client] - [rdpsnd_recv_wave2_pdu]: [dynamic] Wave2PDU: cBlockNo: 86 wFormatNo: 1 [WAVE_FORMAT_PCM] , align=4 wTimeStamp=0xf4b3, dwAudioTimeStamp=0x0000f4b3
[17:59:57:877] [95171:000173f5] [DEBUG][com.freerdp.channels.rdpsnd.client] - [rdpsnd_treat_wave]: [dynamic] Wave: cBlockNo: 86 wTimeStamp: 62643, size: 11292
[17:59:57:877] [95171:000173f5] [DEBUG][com.freerdp.channels.rdpsnd.client] - [audio_format_print]: WAVE_FORMAT_PCM:	 wFormatTag: 0x0001 nChannels: 2 nSamplesPerSec: 44100 nAvgBytesPerSec: 176400 nBlockAlign: 4 wBitsPerSample: 16 cbSize: 0
[17:59:57:943] [95171:000173f5] [DEBUG][com.freerdp.channels.rdpsnd.client] - [rdpsnd_recv_wave2_pdu]: [dynamic] Wave2PDU: cBlockNo: 87 wFormatNo: 1 [WAVE_FORMAT_PCM] , align=4 wTimeStamp=0xf4f5, dwAudioTimeStamp=0x0000f4f5
[17:59:57:943] [95171:000173f5] [DEBUG][com.freerdp.channels.rdpsnd.client] - [rdpsnd_treat_wave]: [dynamic] Wave: cBlockNo: 87 wTimeStamp: 62709, size: 12228
[17:59:57:943] [95171:000173f5] [DEBUG][com.freerdp.channels.rdpsnd.client] - [audio_format_print]: WAVE_FORMAT_PCM:	 wFormatTag: 0x0001 nChannels: 2 nSamplesPerSec: 44100 nAvgBytesPerSec: 176400 nBlockAlign: 4 wBitsPerSample: 16 cbSize: 0
[17:59:57:981] [95171:000173f6] [DEBUG][com.freerdp.channels.rdpgfx.client] - [rdpgfx_read_h264_metablock]: H264_METABLOCK: numRegionRects: 4
[17:59:57:981] [95171:000173f6] [DEBUG][com.freerdp.channels.rdpgfx.client] - [rdpgfx_read_h264_metablock]: regionRects[0]: left: 0 top: 768 right: 64 bottom: 800
[17:59:57:981] [95171:000173f6] [DEBUG][com.freerdp.channels.rdpgfx.client] - [rdpgfx_read_h264_metablock]: regionRects[1]: left: 64 top: 768 right: 128 bottom: 800
[17:59:57:981] [95171:000173f6] [DEBUG][com.freerdp.channels.rdpgfx.client] - [rdpgfx_read_h264_metablock]: regionRects[2]: left: 128 top: 768 right: 192 bottom: 800
[17:59:57:981] [95171:000173f6] [DEBUG][com.freerdp.channels.rdpgfx.client] - [rdpgfx_read_h264_metablock]: regionRects[3]: left: 192 top: 768 right: 256 bottom: 800
[17:59:57:981] [95171:000173f6] [DEBUG][com.freerdp.channels.rdpgfx.client] - [rdpgfx_read_h264_metablock]: quantQualityVals[0]: qp: 0 r: 0 p: 0 qualityVal: 100
[17:59:57:981] [95171:000173f6] [DEBUG][com.freerdp.channels.rdpgfx.client] - [rdpgfx_read_h264_metablock]: quantQualityVals[1]: qp: 0 r: 0 p: 0 qualityVal: 100
[17:59:57:981] [95171:000173f6] [DEBUG][com.freerdp.channels.rdpgfx.client] - [rdpgfx_read_h264_metablock]: quantQualityVals[2]: qp: 0 r: 0 p: 0 qualityVal: 100
[17:59:57:981] [95171:000173f6] [DEBUG][com.freerdp.channels.rdpgfx.client] - [rdpgfx_read_h264_metablock]: quantQualityVals[3]: qp: 0 r: 0 p: 0 qualityVal: 100
[17:59:58:009] [95171:000173f5] [DEBUG][com.freerdp.channels.rdpsnd.client] - [rdpsnd_recv_wave2_pdu]: [dynamic] Wave2PDU: cBlockNo: 88 wFormatNo: 1 [WAVE_FORMAT_PCM] , align=4 wTimeStamp=0xf537, dwAudioTimeStamp=0x0000f537
[17:59:58:009] [95171:000173f5] [DEBUG][com.freerdp.channels.rdpsnd.client] - [rdpsnd_treat_wave]: [dynamic] Wave: cBlockNo: 88 wTimeStamp: 62775, size: 11292
[17:59:58:009] [95171:000173f5] [DEBUG][com.freerdp.channels.rdpsnd.client] - [audio_format_print]: WAVE_FORMAT_PCM:	 wFormatTag: 0x0001 nChannels: 2 nSamplesPerSec: 44100 nAvgBytesPerSec: 176400 nBlockAlign: 4 wBitsPerSample: 16 cbSize: 0
[17:59:58:048] [95171:000173f6] [DEBUG][com.freerdp.channels.rdpgfx.client] - [rdpgfx_read_h264_metablock]: H264_METABLOCK: numRegionRects: 4
[17:59:58:048] [95171:000173f6] [DEBUG][com.freerdp.channels.rdpgfx.client] - [rdpgfx_read_h264_metablock]: regionRects[0]: left: 0 top: 320 right: 64 bottom: 384
[17:59:58:048] [95171:000173f6] [DEBUG][com.freerdp.channels.rdpgfx.client] - [rdpgfx_read_h264_metablock]: regionRects[1]: left: 0 top: 384 right: 64 bottom: 448
[17:59:58:048] [95171:000173f6] [DEBUG][com.freerdp.channels.rdpgfx.client] - [rdpgfx_read_h264_metablock]: regionRects[2]: left: 0 top: 704 right: 64 bottom: 768
[17:59:58:048] [95171:000173f6] [DEBUG][com.freerdp.channels.rdpgfx.client] - [rdpgfx_read_h264_metablock]: regionRects[3]: left: 0 top: 768 right: 64 bottom: 800
[17:59:58:048] [95171:000173f6] [DEBUG][com.freerdp.channels.rdpgfx.client] - [rdpgfx_read_h264_metablock]: quantQualityVals[0]: qp: 0 r: 0 p: 0 qualityVal: 100
[17:59:58:048] [95171:000173f6] [DEBUG][com.freerdp.channels.rdpgfx.client] - [rdpgfx_read_h264_metablock]: quantQualityVals[1]: qp: 0 r: 0 p: 0 qualityVal: 100
[17:59:58:048] [95171:000173f6] [DEBUG][com.freerdp.channels.rdpgfx.client] - [rdpgfx_read_h264_metablock]: quantQualityVals[2]: qp: 0 r: 0 p: 0 qualityVal: 100
[17:59:58:048] [95171:000173f6] [DEBUG][com.freerdp.channels.rdpgfx.client] - [rdpgfx_read_h264_metablock]: quantQualityVals[3]: qp: 0 r: 0 p: 0 qualityVal: 100
[17:59:58:075] [95171:000173f5] [DEBUG][com.freerdp.channels.rdpsnd.client] - [rdpsnd_recv_wave2_pdu]: [dynamic] Wave2PDU: cBlockNo: 89 wFormatNo: 1 [WAVE_FORMAT_PCM] , align=4 wTimeStamp=0xf579, dwAudioTimeStamp=0x0000f579
[17:59:58:075] [95171:000173f5] [DEBUG][com.freerdp.channels.rdpsnd.client] - [rdpsnd_treat_wave]: [dynamic] Wave: cBlockNo: 89 wTimeStamp: 62841, size: 11288
[17:59:58:075] [95171:000173f5] [DEBUG][com.freerdp.channels.rdpsnd.client] - [audio_format_print]: WAVE_FORMAT_PCM:	 wFormatTag: 0x0001 nChannels: 2 nSamplesPerSec: 44100 nAvgBytesPerSec: 176400 nBlockAlign: 4 wBitsPerSample: 16 cbSize: 0
[17:59:58:080] [95171:000173f6] [DEBUG][com.freerdp.channels.rdpgfx.client] - [rdpgfx_read_h264_metablock]: H264_METABLOCK: numRegionRects: 10
[17:59:58:080] [95171:000173f6] [DEBUG][com.freerdp.channels.rdpgfx.client] - [rdpgfx_read_h264_metablock]: regionRects[0]: left: 0 top: 320 right: 64 bottom: 384
[17:59:58:080] [95171:000173f6] [DEBUG][com.freerdp.channels.rdpgfx.client] - [rdpgfx_read_h264_metablock]: regionRects[1]: left: 192 top: 320 right: 256 bottom: 384
[17:59:58:080] [95171:000173f6] [DEBUG][com.freerdp.channels.rdpgfx.client] - [rdpgfx_read_h264_metablock]: regionRects[2]: left: 0 top: 384 right: 64 bottom: 448
[17:59:58:080] [95171:000173f6] [DEBUG][com.freerdp.channels.rdpgfx.client] - [rdpgfx_read_h264_metablock]: regionRects[3]: left: 192 top: 384 right: 256 bottom: 448
[17:59:58:080] [95171:000173f6] [DEBUG][com.freerdp.channels.rdpgfx.client] - [rdpgfx_read_h264_metablock]: regionRects[4]: left: 0 top: 704 right: 64 bottom: 768
[17:59:58:080] [95171:000173f6] [DEBUG][com.freerdp.channels.rdpgfx.client] - [rdpgfx_read_h264_metablock]: regionRects[5]: left: 192 top: 704 right: 256 bottom: 768
[17:59:58:080] [95171:000173f6] [DEBUG][com.freerdp.channels.rdpgfx.client] - [rdpgfx_read_h264_metablock]: regionRects[6]: left: 0 top: 768 right: 64 bottom: 800
[17:59:58:080] [95171:000173f6] [DEBUG][com.freerdp.channels.rdpgfx.client] - [rdpgfx_read_h264_metablock]: regionRects[7]: left: 64 top: 768 right: 128 bottom: 800
[17:59:58:080] [95171:000173f6] [DEBUG][com.freerdp.channels.rdpgfx.client] - [rdpgfx_read_h264_metablock]: regionRects[8]: left: 128 top: 768 right: 192 bottom: 800
[17:59:58:080] [95171:000173f6] [DEBUG][com.freerdp.channels.rdpgfx.client] - [rdpgfx_read_h264_metablock]: regionRects[9]: left: 192 top: 768 right: 256 bottom: 800
[17:59:58:080] [95171:000173f6] [DEBUG][com.freerdp.channels.rdpgfx.client] - [rdpgfx_read_h264_metablock]: quantQualityVals[0]: qp: 0 r: 0 p: 0 qualityVal: 100
[17:59:58:080] [95171:000173f6] [DEBUG][com.freerdp.channels.rdpgfx.client] - [rdpgfx_read_h264_metablock]: quantQualityVals[1]: qp: 0 r: 0 p: 0 qualityVal: 100
[17:59:58:080] [95171:000173f6] [DEBUG][com.freerdp.channels.rdpgfx.client] - [rdpgfx_read_h264_metablock]: quantQualityVals[2]: qp: 0 r: 0 p: 0 qualityVal: 100
[17:59:58:080] [95171:000173f6] [DEBUG][com.freerdp.channels.rdpgfx.client] - [rdpgfx_read_h264_metablock]: quantQualityVals[3]: qp: 0 r: 0 p: 0 qualityVal: 100
[17:59:58:080] [95171:000173f6] [DEBUG][com.freerdp.channels.rdpgfx.client] - [rdpgfx_read_h264_metablock]: quantQualityVals[4]: qp: 0 r: 0 p: 0 qualityVal: 100
[17:59:58:080] [95171:000173f6] [DEBUG][com.freerdp.channels.rdpgfx.client] - [rdpgfx_read_h264_metablock]: quantQualityVals[5]: qp: 0 r: 0 p: 0 qualityVal: 100
[17:59:58:080] [95171:000173f6] [DEBUG][com.freerdp.channels.rdpgfx.client] - [rdpgfx_read_h264_metablock]: quantQualityVals[6]: qp: 0 r: 0 p: 0 qualityVal: 100
[17:59:58:080] [95171:000173f6] [DEBUG][com.freerdp.channels.rdpgfx.client] - [rdpgfx_read_h264_metablock]: quantQualityVals[7]: qp: 0 r: 0 p: 0 qualityVal: 100
[17:59:58:080] [95171:000173f6] [DEBUG][com.freerdp.channels.rdpgfx.client] - [rdpgfx_read_h264_metablock]: quantQualityVals[8]: qp: 0 r: 0 p: 0 qualityVal: 100
[17:59:58:080] [95171:000173f6] [DEBUG][com.freerdp.channels.rdpgfx.client] - [rdpgfx_read_h264_metablock]: quantQualityVals[9]: qp: 0 r: 0 p: 0 qualityVal: 100
[17:59:58:142] [95171:000173f5] [DEBUG][com.freerdp.channels.rdpsnd.client] - [rdpsnd_recv_wave2_pdu]: [dynamic] Wave2PDU: cBlockNo: 90 wFormatNo: 1 [WAVE_FORMAT_PCM] , align=4 wTimeStamp=0xf5bc, dwAudioTimeStamp=0x0000f5bc
[17:59:58:142] [95171:000173f5] [DEBUG][com.freerdp.channels.rdpsnd.client] - [rdpsnd_treat_wave]: [dynamic] Wave: cBlockNo: 90 wTimeStamp: 62908, size: 12232
[17:59:58:142] [95171:000173f5] [DEBUG][com.freerdp.channels.rdpsnd.client] - [audio_format_print]: WAVE_FORMAT_PCM:	 wFormatTag: 0x0001 nChannels: 2 nSamplesPerSec: 44100 nAvgBytesPerSec: 176400 nBlockAlign: 4 wBitsPerSample: 16 cbSize: 0
[17:59:58:147] [95171:000173f6] [DEBUG][com.freerdp.channels.rdpgfx.client] - [rdpgfx_read_h264_metablock]: H264_METABLOCK: numRegionRects: 10
[17:59:58:147] [95171:000173f6] [DEBUG][com.freerdp.channels.rdpgfx.client] - [rdpgfx_read_h264_metablock]: regionRects[0]: left: 0 top: 320 right: 64 bottom: 384
[17:59:58:147] [95171:000173f6] [DEBUG][com.freerdp.channels.rdpgfx.client] - [rdpgfx_read_h264_metablock]: regionRects[1]: left: 192 top: 320 right: 256 bottom: 384
[17:59:58:147] [95171:000173f6] [DEBUG][com.freerdp.channels.rdpgfx.client] - [rdpgfx_read_h264_metablock]: regionRects[2]: left: 0 top: 384 right: 64 bottom: 448
[17:59:58:147] [95171:000173f6] [DEBUG][com.freerdp.channels.rdpgfx.client] - [rdpgfx_read_h264_metablock]: regionRects[3]: left: 192 top: 384 right: 256 bottom: 448
[17:59:58:147] [95171:000173f6] [DEBUG][com.freerdp.channels.rdpgfx.client] - [rdpgfx_read_h264_metablock]: regionRects[4]: left: 0 top: 704 right: 64 bottom: 768
[17:59:58:147] [95171:000173f6] [DEBUG][com.freerdp.channels.rdpgfx.client] - [rdpgfx_read_h264_metablock]: regionRects[5]: left: 192 top: 704 right: 256 bottom: 768
[17:59:58:147] [95171:000173f6] [DEBUG][com.freerdp.channels.rdpgfx.client] - [rdpgfx_read_h264_metablock]: regionRects[6]: left: 0 top: 768 right: 64 bottom: 800
[17:59:58:147] [95171:000173f6] [DEBUG][com.freerdp.channels.rdpgfx.client] - [rdpgfx_read_h264_metablock]: regionRects[7]: left: 64 top: 768 right: 128 bottom: 800
[17:59:58:147] [95171:000173f6] [DEBUG][com.freerdp.channels.rdpgfx.client] - [rdpgfx_read_h264_metablock]: regionRects[8]: left: 128 top: 768 right: 192 bottom: 800
[17:59:58:147] [95171:000173f6] [DEBUG][com.freerdp.channels.rdpgfx.client] - [rdpgfx_read_h264_metablock]: regionRects[9]: left: 192 top: 768 right: 256 bottom: 800
[17:59:58:147] [95171:000173f6] [DEBUG][com.freerdp.channels.rdpgfx.client] - [rdpgfx_read_h264_metablock]: quantQualityVals[0]: qp: 0 r: 0 p: 0 qualityVal: 100
[17:59:58:147] [95171:000173f6] [DEBUG][com.freerdp.channels.rdpgfx.client] - [rdpgfx_read_h264_metablock]: quantQualityVals[1]: qp: 0 r: 0 p: 0 qualityVal: 100
[17:59:58:147] [95171:000173f6] [DEBUG][com.freerdp.channels.rdpgfx.client] - [rdpgfx_read_h264_metablock]: quantQualityVals[2]: qp: 0 r: 0 p: 0 qualityVal: 100
[17:59:58:147] [95171:000173f6] [DEBUG][com.freerdp.channels.rdpgfx.client] - [rdpgfx_read_h264_metablock]: quantQualityVals[3]: qp: 0 r: 0 p: 0 qualityVal: 100
[17:59:58:147] [95171:000173f6] [DEBUG][com.freerdp.channels.rdpgfx.client] - [rdpgfx_read_h264_metablock]: quantQualityVals[4]: qp: 0 r: 0 p: 0 qualityVal: 100
[17:59:58:147] [95171:000173f6] [DEBUG][com.freerdp.channels.rdpgfx.client] - [rdpgfx_read_h264_metablock]: quantQualityVals[5]: qp: 0 r: 0 p: 0 qualityVal: 100
[17:59:58:147] [95171:000173f6] [DEBUG][com.freerdp.channels.rdpgfx.client] - [rdpgfx_read_h264_metablock]: quantQualityVals[6]: qp: 0 r: 0 p: 0 qualityVal: 100
[17:59:58:147] [95171:000173f6] [DEBUG][com.freerdp.channels.rdpgfx.client] - [rdpgfx_read_h264_metablock]: quantQualityVals[7]: qp: 0 r: 0 p: 0 qualityVal: 100
[17:59:58:147] [95171:000173f6] [DEBUG][com.freerdp.channels.rdpgfx.client] - [rdpgfx_read_h264_metablock]: quantQualityVals[8]: qp: 0 r: 0 p: 0 qualityVal: 100
[17:59:58:147] [95171:000173f6] [DEBUG][com.freerdp.channels.rdpgfx.client] - [rdpgfx_read_h264_metablock]: quantQualityVals[9]: qp: 0 r: 0 p: 0 qualityVal: 100
[17:59:58:208] [95171:000173f5] [DEBUG][com.freerdp.channels.rdpsnd.client] - [rdpsnd_recv_wave2_pdu]: [dynamic] Wave2PDU: cBlockNo: 91 wFormatNo: 1 [WAVE_FORMAT_PCM] , align=4 wTimeStamp=0xf5fe, dwAudioTimeStamp=0x0000f5fe
[17:59:58:208] [95171:000173f5] [DEBUG][com.freerdp.channels.rdpsnd.client] - [rdpsnd_treat_wave]: [dynamic] Wave: cBlockNo: 91 wTimeStamp: 62974, size: 12228
[17:59:58:208] [95171:000173f5] [DEBUG][com.freerdp.channels.rdpsnd.client] - [audio_format_print]: WAVE_FORMAT_PCM:	 wFormatTag: 0x0001 nChannels: 2 nSamplesPerSec: 44100 nAvgBytesPerSec: 176400 nBlockAlign: 4 wBitsPerSample: 16 cbSize: 0
[17:59:58:246] [95171:000173f6] [DEBUG][com.freerdp.channels.rdpgfx.client] - [rdpgfx_read_h264_metablock]: H264_METABLOCK: numRegionRects: 10
[17:59:58:246] [95171:000173f6] [DEBUG][com.freerdp.channels.rdpgfx.client] - [rdpgfx_read_h264_metablock]: regionRects[0]: left: 0 top: 320 right: 64 bottom: 384
[17:59:58:246] [95171:000173f6] [DEBUG][com.freerdp.channels.rdpgfx.client] - [rdpgfx_read_h264_metablock]: regionRects[1]: left: 192 top: 320 right: 256 bottom: 384
[17:59:58:246] [95171:000173f6] [DEBUG][com.freerdp.channels.rdpgfx.client] - [rdpgfx_read_h264_metablock]: regionRects[2]: left: 0 top: 384 right: 64 bottom: 448
[17:59:58:246] [95171:000173f6] [DEBUG][com.freerdp.channels.rdpgfx.client] - [rdpgfx_read_h264_metablock]: regionRects[3]: left: 192 top: 384 right: 256 bottom: 448
[17:59:58:246] [95171:000173f6] [DEBUG][com.freerdp.channels.rdpgfx.client] - [rdpgfx_read_h264_metablock]: regionRects[4]: left: 0 top: 704 right: 64 bottom: 768
[17:59:58:246] [95171:000173f6] [DEBUG][com.freerdp.channels.rdpgfx.client] - [rdpgfx_read_h264_metablock]: regionRects[5]: left: 192 top: 704 right: 256 bottom: 768
[17:59:58:246] [95171:000173f6] [DEBUG][com.freerdp.channels.rdpgfx.client] - [rdpgfx_read_h264_metablock]: regionRects[6]: left: 0 top: 768 right: 64 bottom: 800
[17:59:58:246] [95171:000173f6] [DEBUG][com.freerdp.channels.rdpgfx.client] - [rdpgfx_read_h264_metablock]: regionRects[7]: left: 64 top: 768 right: 128 bottom: 800
[17:59:58:246] [95171:000173f6] [DEBUG][com.freerdp.channels.rdpgfx.client] - [rdpgfx_read_h264_metablock]: regionRects[8]: left: 128 top: 768 right: 192 bottom: 800
[17:59:58:246] [95171:000173f6] [DEBUG][com.freerdp.channels.rdpgfx.client] - [rdpgfx_read_h264_metablock]: regionRects[9]: left: 192 top: 768 right: 256 bottom: 800
[17:59:58:246] [95171:000173f6] [DEBUG][com.freerdp.channels.rdpgfx.client] - [rdpgfx_read_h264_metablock]: quantQualityVals[0]: qp: 0 r: 0 p: 0 qualityVal: 100
[17:59:58:246] [95171:000173f6] [DEBUG][com.freerdp.channels.rdpgfx.client] - [rdpgfx_read_h264_metablock]: quantQualityVals[1]: qp: 0 r: 0 p: 0 qualityVal: 100
[17:59:58:246] [95171:000173f6] [DEBUG][com.freerdp.channels.rdpgfx.client] - [rdpgfx_read_h264_metablock]: quantQualityVals[2]: qp: 0 r: 0 p: 0 qualityVal: 100
[17:59:58:246] [95171:000173f6] [DEBUG][com.freerdp.channels.rdpgfx.client] - [rdpgfx_read_h264_metablock]: quantQualityVals[3]: qp: 0 r: 0 p: 0 qualityVal: 100
[17:59:58:246] [95171:000173f6] [DEBUG][com.freerdp.channels.rdpgfx.client] - [rdpgfx_read_h264_metablock]: quantQualityVals[4]: qp: 0 r: 0 p: 0 qualityVal: 100
[17:59:58:246] [95171:000173f6] [DEBUG][com.freerdp.channels.rdpgfx.client] - [rdpgfx_read_h264_metablock]: quantQualityVals[5]: qp: 0 r: 0 p: 0 qualityVal: 100
[17:59:58:246] [95171:000173f6] [DEBUG][com.freerdp.channels.rdpgfx.client] - [rdpgfx_read_h264_metablock]: quantQualityVals[6]: qp: 0 r: 0 p: 0 qualityVal: 100
[17:59:58:246] [95171:000173f6] [DEBUG][com.freerdp.channels.rdpgfx.client] - [rdpgfx_read_h264_metablock]: quantQualityVals[7]: qp: 0 r: 0 p: 0 qualityVal: 100
[17:59:58:246] [95171:000173f6] [DEBUG][com.freerdp.channels.rdpgfx.client] - [rdpgfx_read_h264_metablock]: quantQualityVals[8]: qp: 0 r: 0 p: 0 qualityVal: 100
[17:59:58:246] [95171:000173f6] [DEBUG][com.freerdp.channels.rdpgfx.client] - [rdpgfx_read_h264_metablock]: quantQualityVals[9]: qp: 0 r: 0 p: 0 qualityVal: 100
[17:59:58:276] [95171:000173f5] [DEBUG][com.freerdp.channels.rdpsnd.client] - [rdpsnd_recv_wave2_pdu]: [dynamic] Wave2PDU: cBlockNo: 92 wFormatNo: 1 [WAVE_FORMAT_PCM] , align=4 wTimeStamp=0xf642, dwAudioTimeStamp=0x0000f642
[17:59:58:276] [95171:000173f5] [DEBUG][com.freerdp.channels.rdpsnd.client] - [rdpsnd_treat_wave]: [dynamic] Wave: cBlockNo: 92 wTimeStamp: 63042, size: 11292
[17:59:58:276] [95171:000173f5] [DEBUG][com.freerdp.channels.rdpsnd.client] - [audio_format_print]: WAVE_FORMAT_PCM:	 wFormatTag: 0x0001 nChannels: 2 nSamplesPerSec: 44100 nAvgBytesPerSec: 176400 nBlockAlign: 4 wBitsPerSample: 16 cbSize: 0
[17:59:58:314] [95171:000173f6] [DEBUG][com.freerdp.channels.rdpgfx.client] - [rdpgfx_read_h264_metablock]: H264_METABLOCK: numRegionRects: 10
[17:59:58:314] [95171:000173f6] [DEBUG][com.freerdp.channels.rdpgfx.client] - [rdpgfx_read_h264_metablock]: regionRects[0]: left: 0 top: 320 right: 64 bottom: 384
[17:59:58:314] [95171:000173f6] [DEBUG][com.freerdp.channels.rdpgfx.client] - [rdpgfx_read_h264_metablock]: regionRects[1]: left: 192 top: 320 right: 256 bottom: 384
[17:59:58:314] [95171:000173f6] [DEBUG][com.freerdp.channels.rdpgfx.client] - [rdpgfx_read_h264_metablock]: regionRects[2]: left: 0 top: 384 right: 64 bottom: 448
[17:59:58:314] [95171:000173f6] [DEBUG][com.freerdp.channels.rdpgfx.client] - [rdpgfx_read_h264_metablock]: regionRects[3]: left: 192 top: 384 right: 256 bottom: 448
[17:59:58:314] [95171:000173f6] [DEBUG][com.freerdp.channels.rdpgfx.client] - [rdpgfx_read_h264_metablock]: regionRects[4]: left: 0 top: 704 right: 64 bottom: 768
[17:59:58:314] [95171:000173f6] [DEBUG][com.freerdp.channels.rdpgfx.client] - [rdpgfx_read_h264_metablock]: regionRects[5]: left: 192 top: 704 right: 256 bottom: 768
[17:59:58:314] [95171:000173f6] [DEBUG][com.freerdp.channels.rdpgfx.client] - [rdpgfx_read_h264_metablock]: regionRects[6]: left: 0 top: 768 right: 64 bottom: 800
[17:59:58:314] [95171:000173f6] [DEBUG][com.freerdp.channels.rdpgfx.client] - [rdpgfx_read_h264_metablock]: regionRects[7]: left: 64 top: 768 right: 128 bottom: 800
[17:59:58:314] [95171:000173f6] [DEBUG][com.freerdp.channels.rdpgfx.client] - [rdpgfx_read_h264_metablock]: regionRects[8]: left: 128 top: 768 right: 192 bottom: 800
[17:59:58:314] [95171:000173f6] [DEBUG][com.freerdp.channels.rdpgfx.client] - [rdpgfx_read_h264_metablock]: regionRects[9]: left: 192 top: 768 right: 256 bottom: 800
[17:59:58:314] [95171:000173f6] [DEBUG][com.freerdp.channels.rdpgfx.client] - [rdpgfx_read_h264_metablock]: quantQualityVals[0]: qp: 0 r: 0 p: 0 qualityVal: 100
[17:59:58:314] [95171:000173f6] [DEBUG][com.freerdp.channels.rdpgfx.client] - [rdpgfx_read_h264_metablock]: quantQualityVals[1]: qp: 0 r: 0 p: 0 qualityVal: 100
[17:59:58:314] [95171:000173f6] [DEBUG][com.freerdp.channels.rdpgfx.client] - [rdpgfx_read_h264_metablock]: quantQualityVals[2]: qp: 0 r: 0 p: 0 qualityVal: 100
[17:59:58:314] [95171:000173f6] [DEBUG][com.freerdp.channels.rdpgfx.client] - [rdpgfx_read_h264_metablock]: quantQualityVals[3]: qp: 0 r: 0 p: 0 qualityVal: 100
[17:59:58:314] [95171:000173f6] [DEBUG][com.freerdp.channels.rdpgfx.client] - [rdpgfx_read_h264_metablock]: quantQualityVals[4]: qp: 0 r: 0 p: 0 qualityVal: 100
[17:59:58:314] [95171:000173f6] [DEBUG][com.freerdp.channels.rdpgfx.client] - [rdpgfx_read_h264_metablock]: quantQualityVals[5]: qp: 0 r: 0 p: 0 qualityVal: 100
[17:59:58:314] [95171:000173f6] [DEBUG][com.freerdp.channels.rdpgfx.client] - [rdpgfx_read_h264_metablock]: quantQualityVals[6]: qp: 0 r: 0 p: 0 qualityVal: 100
[17:59:58:314] [95171:000173f6] [DEBUG][com.freerdp.channels.rdpgfx.client] - [rdpgfx_read_h264_metablock]: quantQualityVals[7]: qp: 0 r: 0 p: 0 qualityVal: 100
[17:59:58:314] [95171:000173f6] [DEBUG][com.freerdp.channels.rdpgfx.client] - [rdpgfx_read_h264_metablock]: quantQualityVals[8]: qp: 0 r: 0 p: 0 qualityVal: 100
[17:59:58:314] [95171:000173f6] [DEBUG][com.freerdp.channels.rdpgfx.client] - [rdpgfx_read_h264_metablock]: quantQualityVals[9]: qp: 0 r: 0 p: 0 qualityVal: 100
[17:59:58:346] [95171:000173f5] [DEBUG][com.freerdp.channels.rdpsnd.client] - [rdpsnd_recv_wave2_pdu]: [dynamic] Wave2PDU: cBlockNo: 93 wFormatNo: 1 [WAVE_FORMAT_PCM] , align=4 wTimeStamp=0xf687, dwAudioTimeStamp=0x0000f687
[17:59:58:346] [95171:000173f5] [DEBUG][com.freerdp.channels.rdpsnd.client] - [rdpsnd_treat_wave]: [dynamic] Wave: cBlockNo: 93 wTimeStamp: 63111, size: 12228
[17:59:58:346] [95171:000173f5] [DEBUG][com.freerdp.channels.rdpsnd.client] - [audio_format_print]: WAVE_FORMAT_PCM:	 wFormatTag: 0x0001 nChannels: 2 nSamplesPerSec: 44100 nAvgBytesPerSec: 176400 nBlockAlign: 4 wBitsPerSample: 16 cbSize: 0
[17:59:58:350] [95171:000173f6] [DEBUG][com.freerdp.channels.rdpgfx.client] - [rdpgfx_read_h264_metablock]: H264_METABLOCK: numRegionRects: 10
[17:59:58:350] [95171:000173f6] [DEBUG][com.freerdp.channels.rdpgfx.client] - [rdpgfx_read_h264_metablock]: regionRects[0]: left: 0 top: 320 right: 64 bottom: 384
[17:59:58:350] [95171:000173f6] [DEBUG][com.freerdp.channels.rdpgfx.client] - [rdpgfx_read_h264_metablock]: regionRects[1]: left: 192 top: 320 right: 256 bottom: 384
[17:59:58:350] [95171:000173f6] [DEBUG][com.freerdp.channels.rdpgfx.client] - [rdpgfx_read_h264_metablock]: regionRects[2]: left: 0 top: 384 right: 64 bottom: 448
[17:59:58:350] [95171:000173f6] [DEBUG][com.freerdp.channels.rdpgfx.client] - [rdpgfx_read_h264_metablock]: regionRects[3]: left: 192 top: 384 right: 256 bottom: 448
[17:59:58:350] [95171:000173f6] [DEBUG][com.freerdp.channels.rdpgfx.client] - [rdpgfx_read_h264_metablock]: regionRects[4]: left: 0 top: 704 right: 64 bottom: 768
[17:59:58:350] [95171:000173f6] [DEBUG][com.freerdp.channels.rdpgfx.client] - [rdpgfx_read_h264_metablock]: regionRects[5]: left: 192 top: 704 right: 256 bottom: 768
[17:59:58:350] [95171:000173f6] [DEBUG][com.freerdp.channels.rdpgfx.client] - [rdpgfx_read_h264_metablock]: regionRects[6]: left: 0 top: 768 right: 64 bottom: 800
[17:59:58:350] [95171:000173f6] [DEBUG][com.freerdp.channels.rdpgfx.client] - [rdpgfx_read_h264_metablock]: regionRects[7]: left: 64 top: 768 right: 128 bottom: 800
[17:59:58:350] [95171:000173f6] [DEBUG][com.freerdp.channels.rdpgfx.client] - [rdpgfx_read_h264_metablock]: regionRects[8]: left: 128 top: 768 right: 192 bottom: 800
[17:59:58:350] [95171:000173f6] [DEBUG][com.freerdp.channels.rdpgfx.client] - [rdpgfx_read_h264_metablock]: regionRects[9]: left: 192 top: 768 right: 256 bottom: 800
[17:59:58:350] [95171:000173f6] [DEBUG][com.freerdp.channels.rdpgfx.client] - [rdpgfx_read_h264_metablock]: quantQualityVals[0]: qp: 0 r: 0 p: 0 qualityVal: 100
[17:59:58:350] [95171:000173f6] [DEBUG][com.freerdp.channels.rdpgfx.client] - [rdpgfx_read_h264_metablock]: quantQualityVals[1]: qp: 0 r: 0 p: 0 qualityVal: 100
[17:59:58:350] [95171:000173f6] [DEBUG][com.freerdp.channels.rdpgfx.client] - [rdpgfx_read_h264_metablock]: quantQualityVals[2]: qp: 0 r: 0 p: 0 qualityVal: 100
[17:59:58:350] [95171:000173f6] [DEBUG][com.freerdp.channels.rdpgfx.client] - [rdpgfx_read_h264_metablock]: quantQualityVals[3]: qp: 0 r: 0 p: 0 qualityVal: 100
[17:59:58:350] [95171:000173f6] [DEBUG][com.freerdp.channels.rdpgfx.client] - [rdpgfx_read_h264_metablock]: quantQualityVals[4]: qp: 0 r: 0 p: 0 qualityVal: 100
[17:59:58:350] [95171:000173f6] [DEBUG][com.freerdp.channels.rdpgfx.client] - [rdpgfx_read_h264_metablock]: quantQualityVals[5]: qp: 0 r: 0 p: 0 qualityVal: 100
[17:59:58:350] [95171:000173f6] [DEBUG][com.freerdp.channels.rdpgfx.client] - [rdpgfx_read_h264_metablock]: quantQualityVals[6]: qp: 0 r: 0 p: 0 qualityVal: 100
[17:59:58:350] [95171:000173f6] [DEBUG][com.freerdp.channels.rdpgfx.client] - [rdpgfx_read_h264_metablock]: quantQualityVals[7]: qp: 0 r: 0 p: 0 qualityVal: 100
[17:59:58:350] [95171:000173f6] [DEBUG][com.freerdp.channels.rdpgfx.client] - [rdpgfx_read_h264_metablock]: quantQualityVals[8]: qp: 0 r: 0 p: 0 qualityVal: 100
[17:59:58:350] [95171:000173f6] [DEBUG][com.freerdp.channels.rdpgfx.client] - [rdpgfx_read_h264_metablock]: quantQualityVals[9]: qp: 0 r: 0 p: 0 qualityVal: 100
[17:59:58:384] [95171:000173f6] [DEBUG][com.freerdp.channels.rdpgfx.client] - [rdpgfx_read_h264_metablock]: H264_METABLOCK: numRegionRects: 10
[17:59:58:384] [95171:000173f6] [DEBUG][com.freerdp.channels.rdpgfx.client] - [rdpgfx_read_h264_metablock]: regionRects[0]: left: 0 top: 320 right: 64 bottom: 384
[17:59:58:384] [95171:000173f6] [DEBUG][com.freerdp.channels.rdpgfx.client] - [rdpgfx_read_h264_metablock]: regionRects[1]: left: 192 top: 320 right: 256 bottom: 384
[17:59:58:384] [95171:000173f6] [DEBUG][com.freerdp.channels.rdpgfx.client] - [rdpgfx_read_h264_metablock]: regionRects[2]: left: 0 top: 384 right: 64 bottom: 448
[17:59:58:384] [95171:000173f6] [DEBUG][com.freerdp.channels.rdpgfx.client] - [rdpgfx_read_h264_metablock]: regionRects[3]: left: 192 top: 384 right: 256 bottom: 448
[17:59:58:384] [95171:000173f6] [DEBUG][com.freerdp.channels.rdpgfx.client] - [rdpgfx_read_h264_metablock]: regionRects[4]: left: 0 top: 704 right: 64 bottom: 768
[17:59:58:384] [95171:000173f6] [DEBUG][com.freerdp.channels.rdpgfx.client] - [rdpgfx_read_h264_metablock]: regionRects[5]: left: 192 top: 704 right: 256 bottom: 768
[17:59:58:384] [95171:000173f6] [DEBUG][com.freerdp.channels.rdpgfx.client] - [rdpgfx_read_h264_metablock]: regionRects[6]: left: 0 top: 768 right: 64 bottom: 800
[17:59:58:384] [95171:000173f6] [DEBUG][com.freerdp.channels.rdpgfx.client] - [rdpgfx_read_h264_metablock]: regionRects[7]: left: 64 top: 768 right: 128 bottom: 800
[17:59:58:384] [95171:000173f6] [DEBUG][com.freerdp.channels.rdpgfx.client] - [rdpgfx_read_h264_metablock]: regionRects[8]: left: 128 top: 768 right: 192 bottom: 800
[17:59:58:384] [95171:000173f6] [DEBUG][com.freerdp.channels.rdpgfx.client] - [rdpgfx_read_h264_metablock]: regionRects[9]: left: 192 top: 768 right: 256 bottom: 800
[17:59:58:384] [95171:000173f6] [DEBUG][com.freerdp.channels.rdpgfx.client] - [rdpgfx_read_h264_metablock]: quantQualityVals[0]: qp: 0 r: 0 p: 0 qualityVal: 100
[17:59:58:384] [95171:000173f6] [DEBUG][com.freerdp.channels.rdpgfx.client] - [rdpgfx_read_h264_metablock]: quantQualityVals[1]: qp: 0 r: 0 p: 0 qualityVal: 100
[17:59:58:384] [95171:000173f6] [DEBUG][com.freerdp.channels.rdpgfx.client] - [rdpgfx_read_h264_metablock]: quantQualityVals[2]: qp: 0 r: 0 p: 0 qualityVal: 100
[17:59:58:384] [95171:000173f6] [DEBUG][com.freerdp.channels.rdpgfx.client] - [rdpgfx_read_h264_metablock]: quantQualityVals[3]: qp: 0 r: 0 p: 0 qualityVal: 100
[17:59:58:384] [95171:000173f6] [DEBUG][com.freerdp.channels.rdpgfx.client] - [rdpgfx_read_h264_metablock]: quantQualityVals[4]: qp: 0 r: 0 p: 0 qualityVal: 100
[17:59:58:384] [95171:000173f6] [DEBUG][com.freerdp.channels.rdpgfx.client] - [rdpgfx_read_h264_metablock]: quantQualityVals[5]: qp: 0 r: 0 p: 0 qualityVal: 100
[17:59:58:384] [95171:000173f6] [DEBUG][com.freerdp.channels.rdpgfx.client] - [rdpgfx_read_h264_metablock]: quantQualityVals[6]: qp: 0 r: 0 p: 0 qualityVal: 100
[17:59:58:384] [95171:000173f6] [DEBUG][com.freerdp.channels.rdpgfx.client] - [rdpgfx_read_h264_metablock]: quantQualityVals[7]: qp: 0 r: 0 p: 0 qualityVal: 100
[17:59:58:384] [95171:000173f6] [DEBUG][com.freerdp.channels.rdpgfx.client] - [rdpgfx_read_h264_metablock]: quantQualityVals[8]: qp: 0 r: 0 p: 0 qualityVal: 100
[17:59:58:384] [95171:000173f6] [DEBUG][com.freerdp.channels.rdpgfx.client] - [rdpgfx_read_h264_metablock]: quantQualityVals[9]: qp: 0 r: 0 p: 0 qualityVal: 100
[17:59:58:411] [95171:000173f5] [DEBUG][com.freerdp.channels.rdpsnd.client] - [rdpsnd_recv_wave2_pdu]: [dynamic] Wave2PDU: cBlockNo: 94 wFormatNo: 1 [WAVE_FORMAT_PCM] , align=4 wTimeStamp=0xf6c9, dwAudioTimeStamp=0x0000f6c9
[17:59:58:411] [95171:000173f5] [DEBUG][com.freerdp.channels.rdpsnd.client] - [rdpsnd_treat_wave]: [dynamic] Wave: cBlockNo: 94 wTimeStamp: 63177, size: 12232
[17:59:58:411] [95171:000173f5] [DEBUG][com.freerdp.channels.rdpsnd.client] - [audio_format_print]: WAVE_FORMAT_PCM:	 wFormatTag: 0x0001 nChannels: 2 nSamplesPerSec: 44100 nAvgBytesPerSec: 176400 nBlockAlign: 4 wBitsPerSample: 16 cbSize: 0
[17:59:58:477] [95171:000173f5] [DEBUG][com.freerdp.channels.rdpsnd.client] - [rdpsnd_recv_wave2_pdu]: [dynamic] Wave2PDU: cBlockNo: 95 wFormatNo: 1 [WAVE_FORMAT_PCM] , align=4 wTimeStamp=0xf70b, dwAudioTimeStamp=0x0000f70b
[17:59:58:477] [95171:000173f5] [DEBUG][com.freerdp.channels.rdpsnd.client] - [rdpsnd_treat_wave]: [dynamic] Wave: cBlockNo: 95 wTimeStamp: 63243, size: 10348
[17:59:58:477] [95171:000173f5] [DEBUG][com.freerdp.channels.rdpsnd.client] - [audio_format_print]: WAVE_FORMAT_PCM:	 wFormatTag: 0x0001 nChannels: 2 nSamplesPerSec: 44100 nAvgBytesPerSec: 176400 nBlockAlign: 4 wBitsPerSample: 16 cbSize: 0
[17:59:58:483] [95171:000173f6] [DEBUG][com.freerdp.channels.rdpgfx.client] - [rdpgfx_read_h264_metablock]: H264_METABLOCK: numRegionRects: 10
[17:59:58:483] [95171:000173f6] [DEBUG][com.freerdp.channels.rdpgfx.client] - [rdpgfx_read_h264_metablock]: regionRects[0]: left: 0 top: 320 right: 64 bottom: 384
[17:59:58:483] [95171:000173f6] [DEBUG][com.freerdp.channels.rdpgfx.client] - [rdpgfx_read_h264_metablock]: regionRects[1]: left: 192 top: 320 right: 256 bottom: 384
[17:59:58:483] [95171:000173f6] [DEBUG][com.freerdp.channels.rdpgfx.client] - [rdpgfx_read_h264_metablock]: regionRects[2]: left: 0 top: 384 right: 64 bottom: 448
[17:59:58:483] [95171:000173f6] [DEBUG][com.freerdp.channels.rdpgfx.client] - [rdpgfx_read_h264_metablock]: regionRects[3]: left: 192 top: 384 right: 256 bottom: 448
[17:59:58:483] [95171:000173f6] [DEBUG][com.freerdp.channels.rdpgfx.client] - [rdpgfx_read_h264_metablock]: regionRects[4]: left: 0 top: 704 right: 64 bottom: 768
[17:59:58:483] [95171:000173f6] [DEBUG][com.freerdp.channels.rdpgfx.client] - [rdpgfx_read_h264_metablock]: regionRects[5]: left: 192 top: 704 right: 256 bottom: 768
[17:59:58:483] [95171:000173f6] [DEBUG][com.freerdp.channels.rdpgfx.client] - [rdpgfx_read_h264_metablock]: regionRects[6]: left: 0 top: 768 right: 64 bottom: 800
[17:59:58:483] [95171:000173f6] [DEBUG][com.freerdp.channels.rdpgfx.client] - [rdpgfx_read_h264_metablock]: regionRects[7]: left: 64 top: 768 right: 128 bottom: 800
[17:59:58:483] [95171:000173f6] [DEBUG][com.freerdp.channels.rdpgfx.client] - [rdpgfx_read_h264_metablock]: regionRects[8]: left: 128 top: 768 right: 192 bottom: 800
[17:59:58:483] [95171:000173f6] [DEBUG][com.freerdp.channels.rdpgfx.client] - [rdpgfx_read_h264_metablock]: regionRects[9]: left: 192 top: 768 right: 256 bottom: 800
[17:59:58:483] [95171:000173f6] [DEBUG][com.freerdp.channels.rdpgfx.client] - [rdpgfx_read_h264_metablock]: quantQualityVals[0]: qp: 0 r: 0 p: 0 qualityVal: 100
[17:59:58:483] [95171:000173f6] [DEBUG][com.freerdp.channels.rdpgfx.client] - [rdpgfx_read_h264_metablock]: quantQualityVals[1]: qp: 0 r: 0 p: 0 qualityVal: 100
[17:59:58:483] [95171:000173f6] [DEBUG][com.freerdp.channels.rdpgfx.client] - [rdpgfx_read_h264_metablock]: quantQualityVals[2]: qp: 0 r: 0 p: 0 qualityVal: 100
[17:59:58:483] [95171:000173f6] [DEBUG][com.freerdp.channels.rdpgfx.client] - [rdpgfx_read_h264_metablock]: quantQualityVals[3]: qp: 0 r: 0 p: 0 qualityVal: 100
[17:59:58:483] [95171:000173f6] [DEBUG][com.freerdp.channels.rdpgfx.client] - [rdpgfx_read_h264_metablock]: quantQualityVals[4]: qp: 0 r: 0 p: 0 qualityVal: 100
[17:59:58:483] [95171:000173f6] [DEBUG][com.freerdp.channels.rdpgfx.client] - [rdpgfx_read_h264_metablock]: quantQualityVals[5]: qp: 0 r: 0 p: 0 qualityVal: 100
[17:59:58:483] [95171:000173f6] [DEBUG][com.freerdp.channels.rdpgfx.client] - [rdpgfx_read_h264_metablock]: quantQualityVals[6]: qp: 0 r: 0 p: 0 qualityVal: 100
[17:59:58:483] [95171:000173f6] [DEBUG][com.freerdp.channels.rdpgfx.client] - [rdpgfx_read_h264_metablock]: quantQualityVals[7]: qp: 0 r: 0 p: 0 qualityVal: 100
[17:59:58:483] [95171:000173f6] [DEBUG][com.freerdp.channels.rdpgfx.client] - [rdpgfx_read_h264_metablock]: quantQualityVals[8]: qp: 0 r: 0 p: 0 qualityVal: 100
[17:59:58:483] [95171:000173f6] [DEBUG][com.freerdp.channels.rdpgfx.client] - [rdpgfx_read_h264_metablock]: quantQualityVals[9]: qp: 0 r: 0 p: 0 qualityVal: 100
[17:59:58:515] [95171:000173f6] [DEBUG][com.freerdp.channels.rdpgfx.client] - [rdpgfx_read_h264_metablock]: H264_METABLOCK: numRegionRects: 10
[17:59:58:515] [95171:000173f6] [DEBUG][com.freerdp.channels.rdpgfx.client] - [rdpgfx_read_h264_metablock]: regionRects[0]: left: 0 top: 320 right: 64 bottom: 384
[17:59:58:515] [95171:000173f6] [DEBUG][com.freerdp.channels.rdpgfx.client] - [rdpgfx_read_h264_metablock]: regionRects[1]: left: 192 top: 320 right: 256 bottom: 384
[17:59:58:515] [95171:000173f6] [DEBUG][com.freerdp.channels.rdpgfx.client] - [rdpgfx_read_h264_metablock]: regionRects[2]: left: 0 top: 384 right: 64 bottom: 448
[17:59:58:515] [95171:000173f6] [DEBUG][com.freerdp.channels.rdpgfx.client] - [rdpgfx_read_h264_metablock]: regionRects[3]: left: 192 top: 384 right: 256 bottom: 448
[17:59:58:515] [95171:000173f6] [DEBUG][com.freerdp.channels.rdpgfx.client] - [rdpgfx_read_h264_metablock]: regionRects[4]: left: 0 top: 704 right: 64 bottom: 768
[17:59:58:515] [95171:000173f6] [DEBUG][com.freerdp.channels.rdpgfx.client] - [rdpgfx_read_h264_metablock]: regionRects[5]: left: 192 top: 704 right: 256 bottom: 768
[17:59:58:515] [95171:000173f6] [DEBUG][com.freerdp.channels.rdpgfx.client] - [rdpgfx_read_h264_metablock]: regionRects[6]: left: 0 top: 768 right: 64 bottom: 800
[17:59:58:515] [95171:000173f6] [DEBUG][com.freerdp.channels.rdpgfx.client] - [rdpgfx_read_h264_metablock]: regionRects[7]: left: 64 top: 768 right: 128 bottom: 800
[17:59:58:515] [95171:000173f6] [DEBUG][com.freerdp.channels.rdpgfx.client] - [rdpgfx_read_h264_metablock]: regionRects[8]: left: 128 top: 768 right: 192 bottom: 800
[17:59:58:515] [95171:000173f6] [DEBUG][com.freerdp.channels.rdpgfx.client] - [rdpgfx_read_h264_metablock]: regionRects[9]: left: 192 top: 768 right: 256 bottom: 800
[17:59:58:515] [95171:000173f6] [DEBUG][com.freerdp.channels.rdpgfx.client] - [rdpgfx_read_h264_metablock]: quantQualityVals[0]: qp: 0 r: 0 p: 0 qualityVal: 100
[17:59:58:515] [95171:000173f6] [DEBUG][com.freerdp.channels.rdpgfx.client] - [rdpgfx_read_h264_metablock]: quantQualityVals[1]: qp: 0 r: 0 p: 0 qualityVal: 100
[17:59:58:515] [95171:000173f6] [DEBUG][com.freerdp.channels.rdpgfx.client] - [rdpgfx_read_h264_metablock]: quantQualityVals[2]: qp: 0 r: 0 p: 0 qualityVal: 100
[17:59:58:515] [95171:000173f6] [DEBUG][com.freerdp.channels.rdpgfx.client] - [rdpgfx_read_h264_metablock]: quantQualityVals[3]: qp: 0 r: 0 p: 0 qualityVal: 100
[17:59:58:515] [95171:000173f6] [DEBUG][com.freerdp.channels.rdpgfx.client] - [rdpgfx_read_h264_metablock]: quantQualityVals[4]: qp: 0 r: 0 p: 0 qualityVal: 100
[17:59:58:515] [95171:000173f6] [DEBUG][com.freerdp.channels.rdpgfx.client] - [rdpgfx_read_h264_metablock]: quantQualityVals[5]: qp: 0 r: 0 p: 0 qualityVal: 100
[17:59:58:515] [95171:000173f6] [DEBUG][com.freerdp.channels.rdpgfx.client] - [rdpgfx_read_h264_metablock]: quantQualityVals[6]: qp: 0 r: 0 p: 0 qualityVal: 100
[17:59:58:515] [95171:000173f6] [DEBUG][com.freerdp.channels.rdpgfx.client] - [rdpgfx_read_h264_metablock]: quantQualityVals[7]: qp: 0 r: 0 p: 0 qualityVal: 100
[17:59:58:515] [95171:000173f6] [DEBUG][com.freerdp.channels.rdpgfx.client] - [rdpgfx_read_h264_metablock]: quantQualityVals[8]: qp: 0 r: 0 p: 0 qualityVal: 100
[17:59:58:515] [95171:000173f6] [DEBUG][com.freerdp.channels.rdpgfx.client] - [rdpgfx_read_h264_metablock]: quantQualityVals[9]: qp: 0 r: 0 p: 0 qualityVal: 100
[17:59:58:544] [95171:000173f5] [DEBUG][com.freerdp.channels.rdpsnd.client] - [rdpsnd_recv_wave2_pdu]: [dynamic] Wave2PDU: cBlockNo: 96 wFormatNo: 1 [WAVE_FORMAT_PCM] , align=4 wTimeStamp=0xf74e, dwAudioTimeStamp=0x0000f74e
[17:59:58:544] [95171:000173f5] [DEBUG][com.freerdp.channels.rdpsnd.client] - [rdpsnd_treat_wave]: [dynamic] Wave: cBlockNo: 96 wTimeStamp: 63310, size: 12232
[17:59:58:544] [95171:000173f5] [DEBUG][com.freerdp.channels.rdpsnd.client] - [audio_format_print]: WAVE_FORMAT_PCM:	 wFormatTag: 0x0001 nChannels: 2 nSamplesPerSec: 44100 nAvgBytesPerSec: 176400 nBlockAlign: 4 wBitsPerSample: 16 cbSize: 0
[17:59:58:549] [95171:000173f6] [DEBUG][com.freerdp.channels.rdpgfx.client] - [rdpgfx_read_h264_metablock]: H264_METABLOCK: numRegionRects: 10
[17:59:58:549] [95171:000173f6] [DEBUG][com.freerdp.channels.rdpgfx.client] - [rdpgfx_read_h264_metablock]: regionRects[0]: left: 0 top: 320 right: 64 bottom: 384
[17:59:58:549] [95171:000173f6] [DEBUG][com.freerdp.channels.rdpgfx.client] - [rdpgfx_read_h264_metablock]: regionRects[1]: left: 192 top: 320 right: 256 bottom: 384
[17:59:58:549] [95171:000173f6] [DEBUG][com.freerdp.channels.rdpgfx.client] - [rdpgfx_read_h264_metablock]: regionRects[2]: left: 0 top: 384 right: 64 bottom: 448
[17:59:58:549] [95171:000173f6] [DEBUG][com.freerdp.channels.rdpgfx.client] - [rdpgfx_read_h264_metablock]: regionRects[3]: left: 192 top: 384 right: 256 bottom: 448
[17:59:58:549] [95171:000173f6] [DEBUG][com.freerdp.channels.rdpgfx.client] - [rdpgfx_read_h264_metablock]: regionRects[4]: left: 0 top: 704 right: 64 bottom: 768
[17:59:58:549] [95171:000173f6] [DEBUG][com.freerdp.channels.rdpgfx.client] - [rdpgfx_read_h264_metablock]: regionRects[5]: left: 192 top: 704 right: 256 bottom: 768
[17:59:58:549] [95171:000173f6] [DEBUG][com.freerdp.channels.rdpgfx.client] - [rdpgfx_read_h264_metablock]: regionRects[6]: left: 0 top: 768 right: 64 bottom: 800
[17:59:58:549] [95171:000173f6] [DEBUG][com.freerdp.channels.rdpgfx.client] - [rdpgfx_read_h264_metablock]: regionRects[7]: left: 64 top: 768 right: 128 bottom: 800
[17:59:58:549] [95171:000173f6] [DEBUG][com.freerdp.channels.rdpgfx.client] - [rdpgfx_read_h264_metablock]: regionRects[8]: left: 128 top: 768 right: 192 bottom: 800
[17:59:58:549] [95171:000173f6] [DEBUG][com.freerdp.channels.rdpgfx.client] - [rdpgfx_read_h264_metablock]: regionRects[9]: left: 192 top: 768 right: 256 bottom: 800
[17:59:58:549] [95171:000173f6] [DEBUG][com.freerdp.channels.rdpgfx.client] - [rdpgfx_read_h264_metablock]: quantQualityVals[0]: qp: 0 r: 0 p: 0 qualityVal: 100
[17:59:58:549] [95171:000173f6] [DEBUG][com.freerdp.channels.rdpgfx.client] - [rdpgfx_read_h264_metablock]: quantQualityVals[1]: qp: 0 r: 0 p: 0 qualityVal: 100
[17:59:58:549] [95171:000173f6] [DEBUG][com.freerdp.channels.rdpgfx.client] - [rdpgfx_read_h264_metablock]: quantQualityVals[2]: qp: 0 r: 0 p: 0 qualityVal: 100
[17:59:58:549] [95171:000173f6] [DEBUG][com.freerdp.channels.rdpgfx.client] - [rdpgfx_read_h264_metablock]: quantQualityVals[3]: qp: 0 r: 0 p: 0 qualityVal: 100
[17:59:58:549] [95171:000173f6] [DEBUG][com.freerdp.channels.rdpgfx.client] - [rdpgfx_read_h264_metablock]: quantQualityVals[4]: qp: 0 r: 0 p: 0 qualityVal: 100
[17:59:58:549] [95171:000173f6] [DEBUG][com.freerdp.channels.rdpgfx.client] - [rdpgfx_read_h264_metablock]: quantQualityVals[5]: qp: 0 r: 0 p: 0 qualityVal: 100
[17:59:58:549] [95171:000173f6] [DEBUG][com.freerdp.channels.rdpgfx.client] - [rdpgfx_read_h264_metablock]: quantQualityVals[6]: qp: 0 r: 0 p: 0 qualityVal: 100
[17:59:58:549] [95171:000173f6] [DEBUG][com.freerdp.channels.rdpgfx.client] - [rdpgfx_read_h264_metablock]: quantQualityVals[7]: qp: 0 r: 0 p: 0 qualityVal: 100
[17:59:58:549] [95171:000173f6] [DEBUG][com.freerdp.channels.rdpgfx.client] - [rdpgfx_read_h264_metablock]: quantQualityVals[8]: qp: 0 r: 0 p: 0 qualityVal: 100
[17:59:58:549] [95171:000173f6] [DEBUG][com.freerdp.channels.rdpgfx.client] - [rdpgfx_read_h264_metablock]: quantQualityVals[9]: qp: 0 r: 0 p: 0 qualityVal: 100
[17:59:58:609] [95171:000173f5] [DEBUG][com.freerdp.channels.rdpsnd.client] - [rdpsnd_recv_wave2_pdu]: [dynamic] Wave2PDU: cBlockNo: 97 wFormatNo: 1 [WAVE_FORMAT_PCM] , align=4 wTimeStamp=0xf78f, dwAudioTimeStamp=0x0000f78f
[17:59:58:609] [95171:000173f5] [DEBUG][com.freerdp.channels.rdpsnd.client] - [rdpsnd_treat_wave]: [dynamic] Wave: cBlockNo: 97 wTimeStamp: 63375, size: 11288
[17:59:58:609] [95171:000173f5] [DEBUG][com.freerdp.channels.rdpsnd.client] - [audio_format_print]: WAVE_FORMAT_PCM:	 wFormatTag: 0x0001 nChannels: 2 nSamplesPerSec: 44100 nAvgBytesPerSec: 176400 nBlockAlign: 4 wBitsPerSample: 16 cbSize: 0
[17:59:58:615] [95171:000173f6] [DEBUG][com.freerdp.channels.rdpgfx.client] - [rdpgfx_read_h264_metablock]: H264_METABLOCK: numRegionRects: 4
[17:59:58:615] [95171:000173f6] [DEBUG][com.freerdp.channels.rdpgfx.client] - [rdpgfx_read_h264_metablock]: regionRects[0]: left: 192 top: 320 right: 256 bottom: 384
[17:59:58:615] [95171:000173f6] [DEBUG][com.freerdp.channels.rdpgfx.client] - [rdpgfx_read_h264_metablock]: regionRects[1]: left: 192 top: 384 right: 256 bottom: 448
[17:59:58:615] [95171:000173f6] [DEBUG][com.freerdp.channels.rdpgfx.client] - [rdpgfx_read_h264_metablock]: regionRects[2]: left: 192 top: 704 right: 256 bottom: 768
[17:59:58:615] [95171:000173f6] [DEBUG][com.freerdp.channels.rdpgfx.client] - [rdpgfx_read_h264_metablock]: regionRects[3]: left: 192 top: 768 right: 256 bottom: 800
[17:59:58:615] [95171:000173f6] [DEBUG][com.freerdp.channels.rdpgfx.client] - [rdpgfx_read_h264_metablock]: quantQualityVals[0]: qp: 0 r: 0 p: 0 qualityVal: 100
[17:59:58:615] [95171:000173f6] [DEBUG][com.freerdp.channels.rdpgfx.client] - [rdpgfx_read_h264_metablock]: quantQualityVals[1]: qp: 0 r: 0 p: 0 qualityVal: 100
[17:59:58:615] [95171:000173f6] [DEBUG][com.freerdp.channels.rdpgfx.client] - [rdpgfx_read_h264_metablock]: quantQualityVals[2]: qp: 0 r: 0 p: 0 qualityVal: 100
[17:59:58:615] [95171:000173f6] [DEBUG][com.freerdp.channels.rdpgfx.client] - [rdpgfx_read_h264_metablock]: quantQualityVals[3]: qp: 0 r: 0 p: 0 qualityVal: 100
[17:59:58:676] [95171:000173f5] [DEBUG][com.freerdp.channels.rdpsnd.client] - [rdpsnd_recv_wave2_pdu]: [dynamic] Wave2PDU: cBlockNo: 98 wFormatNo: 1 [WAVE_FORMAT_PCM] , align=4 wTimeStamp=0xf7d1, dwAudioTimeStamp=0x0000f7d1
[17:59:58:676] [95171:000173f5] [DEBUG][com.freerdp.channels.rdpsnd.client] - [rdpsnd_treat_wave]: [dynamic] Wave: cBlockNo: 98 wTimeStamp: 63441, size: 12232
[17:59:58:676] [95171:000173f5] [DEBUG][com.freerdp.channels.rdpsnd.client] - [audio_format_print]: WAVE_FORMAT_PCM:	 wFormatTag: 0x0001 nChannels: 2 nSamplesPerSec: 44100 nAvgBytesPerSec: 176400 nBlockAlign: 4 wBitsPerSample: 16 cbSize: 0
[17:59:58:742] [95171:000173f5] [DEBUG][com.freerdp.channels.rdpsnd.client] - [rdpsnd_recv_wave2_pdu]: [dynamic] Wave2PDU: cBlockNo: 99 wFormatNo: 1 [WAVE_FORMAT_PCM] , align=4 wTimeStamp=0xf813, dwAudioTimeStamp=0x0000f813
[17:59:58:742] [95171:000173f5] [DEBUG][com.freerdp.channels.rdpsnd.client] - [rdpsnd_treat_wave]: [dynamic] Wave: cBlockNo: 99 wTimeStamp: 63507, size: 12228
[17:59:58:742] [95171:000173f5] [DEBUG][com.freerdp.channels.rdpsnd.client] - [audio_format_print]: WAVE_FORMAT_PCM:	 wFormatTag: 0x0001 nChannels: 2 nSamplesPerSec: 44100 nAvgBytesPerSec: 176400 nBlockAlign: 4 wBitsPerSample: 16 cbSize: 0
[17:59:58:780] [95171:000173f6] [DEBUG][com.freerdp.channels.rdpgfx.client] - [rdpgfx_read_h264_metablock]: H264_METABLOCK: numRegionRects: 4
[17:59:58:780] [95171:000173f6] [DEBUG][com.freerdp.channels.rdpgfx.client] - [rdpgfx_read_h264_metablock]: regionRects[0]: left: 0 top: 768 right: 64 bottom: 800
[17:59:58:780] [95171:000173f6] [DEBUG][com.freerdp.channels.rdpgfx.client] - [rdpgfx_read_h264_metablock]: regionRects[1]: left: 64 top: 768 right: 128 bottom: 800
[17:59:58:780] [95171:000173f6] [DEBUG][com.freerdp.channels.rdpgfx.client] - [rdpgfx_read_h264_metablock]: regionRects[2]: left: 128 top: 768 right: 192 bottom: 800
[17:59:58:780] [95171:000173f6] [DEBUG][com.freerdp.channels.rdpgfx.client] - [rdpgfx_read_h264_metablock]: regionRects[3]: left: 192 top: 768 right: 256 bottom: 800
[17:59:58:780] [95171:000173f6] [DEBUG][com.freerdp.channels.rdpgfx.client] - [rdpgfx_read_h264_metablock]: quantQualityVals[0]: qp: 0 r: 0 p: 0 qualityVal: 100
[17:59:58:780] [95171:000173f6] [DEBUG][com.freerdp.channels.rdpgfx.client] - [rdpgfx_read_h264_metablock]: quantQualityVals[1]: qp: 0 r: 0 p: 0 qualityVal: 100
[17:59:58:780] [95171:000173f6] [DEBUG][com.freerdp.channels.rdpgfx.client] - [rdpgfx_read_h264_metablock]: quantQualityVals[2]: qp: 0 r: 0 p: 0 qualityVal: 100
[17:59:58:780] [95171:000173f6] [DEBUG][com.freerdp.channels.rdpgfx.client] - [rdpgfx_read_h264_metablock]: quantQualityVals[3]: qp: 0 r: 0 p: 0 qualityVal: 100
[17:59:58:808] [95171:000173f5] [DEBUG][com.freerdp.channels.rdpsnd.client] - [rdpsnd_recv_wave2_pdu]: [dynamic] Wave2PDU: cBlockNo: 100 wFormatNo: 1 [WAVE_FORMAT_PCM] , align=4 wTimeStamp=0xf855, dwAudioTimeStamp=0x0000f855
[17:59:58:808] [95171:000173f5] [DEBUG][com.freerdp.channels.rdpsnd.client] - [rdpsnd_treat_wave]: [dynamic] Wave: cBlockNo: 100 wTimeStamp: 63573, size: 11292
[17:59:58:808] [95171:000173f5] [DEBUG][com.freerdp.channels.rdpsnd.client] - [audio_format_print]: WAVE_FORMAT_PCM:	 wFormatTag: 0x0001 nChannels: 2 nSamplesPerSec: 44100 nAvgBytesPerSec: 176400 nBlockAlign: 4 wBitsPerSample: 16 cbSize: 0
[17:59:58:846] [95171:000173f6] [DEBUG][com.freerdp.channels.rdpgfx.client] - [rdpgfx_read_h264_metablock]: H264_METABLOCK: numRegionRects: 4
[17:59:58:846] [95171:000173f6] [DEBUG][com.freerdp.channels.rdpgfx.client] - [rdpgfx_read_h264_metablock]: regionRects[0]: left: 0 top: 768 right: 64 bottom: 800
[17:59:58:846] [95171:000173f6] [DEBUG][com.freerdp.channels.rdpgfx.client] - [rdpgfx_read_h264_metablock]: regionRects[1]: left: 64 top: 768 right: 128 bottom: 800
[17:59:58:846] [95171:000173f6] [DEBUG][com.freerdp.channels.rdpgfx.client] - [rdpgfx_read_h264_metablock]: regionRects[2]: left: 128 top: 768 right: 192 bottom: 800
[17:59:58:846] [95171:000173f6] [DEBUG][com.freerdp.channels.rdpgfx.client] - [rdpgfx_read_h264_metablock]: regionRects[3]: left: 192 top: 768 right: 256 bottom: 800
[17:59:58:846] [95171:000173f6] [DEBUG][com.freerdp.channels.rdpgfx.client] - [rdpgfx_read_h264_metablock]: quantQualityVals[0]: qp: 0 r: 0 p: 0 qualityVal: 100
[17:59:58:846] [95171:000173f6] [DEBUG][com.freerdp.channels.rdpgfx.client] - [rdpgfx_read_h264_metablock]: quantQualityVals[1]: qp: 0 r: 0 p: 0 qualityVal: 100
[17:59:58:846] [95171:000173f6] [DEBUG][com.freerdp.channels.rdpgfx.client] - [rdpgfx_read_h264_metablock]: quantQualityVals[2]: qp: 0 r: 0 p: 0 qualityVal: 100
[17:59:58:846] [95171:000173f6] [DEBUG][com.freerdp.channels.rdpgfx.client] - [rdpgfx_read_h264_metablock]: quantQualityVals[3]: qp: 0 r: 0 p: 0 qualityVal: 100
[17:59:58:874] [95171:000173f5] [DEBUG][com.freerdp.channels.rdpsnd.client] - [rdpsnd_recv_wave2_pdu]: [dynamic] Wave2PDU: cBlockNo: 101 wFormatNo: 1 [WAVE_FORMAT_PCM] , align=4 wTimeStamp=0xf898, dwAudioTimeStamp=0x0000f898
[17:59:58:874] [95171:000173f5] [DEBUG][com.freerdp.channels.rdpsnd.client] - [rdpsnd_treat_wave]: [dynamic] Wave: cBlockNo: 101 wTimeStamp: 63640, size: 11288
[17:59:58:874] [95171:000173f5] [DEBUG][com.freerdp.channels.rdpsnd.client] - [audio_format_print]: WAVE_FORMAT_PCM:	 wFormatTag: 0x0001 nChannels: 2 nSamplesPerSec: 44100 nAvgBytesPerSec: 176400 nBlockAlign: 4 wBitsPerSample: 16 cbSize: 0
[17:59:58:912] [95171:000173f6] [DEBUG][com.freerdp.channels.rdpgfx.client] - [rdpgfx_read_h264_metablock]: H264_METABLOCK: numRegionRects: 4
[17:59:58:912] [95171:000173f6] [DEBUG][com.freerdp.channels.rdpgfx.client] - [rdpgfx_read_h264_metablock]: regionRects[0]: left: 0 top: 768 right: 64 bottom: 800
[17:59:58:912] [95171:000173f6] [DEBUG][com.freerdp.channels.rdpgfx.client] - [rdpgfx_read_h264_metablock]: regionRects[1]: left: 64 top: 768 right: 128 bottom: 800
[17:59:58:912] [95171:000173f6] [DEBUG][com.freerdp.channels.rdpgfx.client] - [rdpgfx_read_h264_metablock]: regionRects[2]: left: 128 top: 768 right: 192 bottom: 800
[17:59:58:912] [95171:000173f6] [DEBUG][com.freerdp.channels.rdpgfx.client] - [rdpgfx_read_h264_metablock]: regionRects[3]: left: 192 top: 768 right: 256 bottom: 800
[17:59:58:912] [95171:000173f6] [DEBUG][com.freerdp.channels.rdpgfx.client] - [rdpgfx_read_h264_metablock]: quantQualityVals[0]: qp: 0 r: 0 p: 0 qualityVal: 100
[17:59:58:912] [95171:000173f6] [DEBUG][com.freerdp.channels.rdpgfx.client] - [rdpgfx_read_h264_metablock]: quantQualityVals[1]: qp: 0 r: 0 p: 0 qualityVal: 100
[17:59:58:912] [95171:000173f6] [DEBUG][com.freerdp.channels.rdpgfx.client] - [rdpgfx_read_h264_metablock]: quantQualityVals[2]: qp: 0 r: 0 p: 0 qualityVal: 100
[17:59:58:912] [95171:000173f6] [DEBUG][com.freerdp.channels.rdpgfx.client] - [rdpgfx_read_h264_metablock]: quantQualityVals[3]: qp: 0 r: 0 p: 0 qualityVal: 100
[17:59:58:941] [95171:000173f5] [DEBUG][com.freerdp.channels.rdpsnd.client] - [rdpsnd_recv_wave2_pdu]: [dynamic] Wave2PDU: cBlockNo: 102 wFormatNo: 1 [WAVE_FORMAT_PCM] , align=4 wTimeStamp=0xf8db, dwAudioTimeStamp=0x0000f8db
[17:59:58:941] [95171:000173f5] [DEBUG][com.freerdp.channels.rdpsnd.client] - [rdpsnd_treat_wave]: [dynamic] Wave: cBlockNo: 102 wTimeStamp: 63707, size: 12232
[17:59:58:941] [95171:000173f5] [DEBUG][com.freerdp.channels.rdpsnd.client] - [audio_format_print]: WAVE_FORMAT_PCM:	 wFormatTag: 0x0001 nChannels: 2 nSamplesPerSec: 44100 nAvgBytesPerSec: 176400 nBlockAlign: 4 wBitsPerSample: 16 cbSize: 0
[17:59:59:007] [95171:000173f5] [DEBUG][com.freerdp.channels.rdpsnd.client] - [rdpsnd_recv_wave2_pdu]: [dynamic] Wave2PDU: cBlockNo: 103 wFormatNo: 1 [WAVE_FORMAT_PCM] , align=4 wTimeStamp=0xf91c, dwAudioTimeStamp=0x0000f91c
[17:59:59:007] [95171:000173f5] [DEBUG][com.freerdp.channels.rdpsnd.client] - [rdpsnd_treat_wave]: [dynamic] Wave: cBlockNo: 103 wTimeStamp: 63772, size: 11288
[17:59:59:007] [95171:000173f5] [DEBUG][com.freerdp.channels.rdpsnd.client] - [audio_format_print]: WAVE_FORMAT_PCM:	 wFormatTag: 0x0001 nChannels: 2 nSamplesPerSec: 44100 nAvgBytesPerSec: 176400 nBlockAlign: 4 wBitsPerSample: 16 cbSize: 0
[17:59:59:072] [95171:000173f5] [DEBUG][com.freerdp.channels.rdpsnd.client] - [rdpsnd_recv_wave2_pdu]: [dynamic] Wave2PDU: cBlockNo: 104 wFormatNo: 1 [WAVE_FORMAT_PCM] , align=4 wTimeStamp=0xf95e, dwAudioTimeStamp=0x0000f95e
[17:59:59:072] [95171:000173f5] [DEBUG][com.freerdp.channels.rdpsnd.client] - [rdpsnd_treat_wave]: [dynamic] Wave: cBlockNo: 104 wTimeStamp: 63838, size: 11288
[17:59:59:072] [95171:000173f5] [DEBUG][com.freerdp.channels.rdpsnd.client] - [audio_format_print]: WAVE_FORMAT_PCM:	 wFormatTag: 0x0001 nChannels: 2 nSamplesPerSec: 44100 nAvgBytesPerSec: 176400 nBlockAlign: 4 wBitsPerSample: 16 cbSize: 0
[17:59:59:084] [95171:000173f6] [DEBUG][com.freerdp.channels.rdpgfx.client] - [rdpgfx_read_h264_metablock]: H264_METABLOCK: numRegionRects: 4
[17:59:59:084] [95171:000173f6] [DEBUG][com.freerdp.channels.rdpgfx.client] - [rdpgfx_read_h264_metablock]: regionRects[0]: left: 0 top: 768 right: 64 bottom: 800
[17:59:59:084] [95171:000173f6] [DEBUG][com.freerdp.channels.rdpgfx.client] - [rdpgfx_read_h264_metablock]: regionRects[1]: left: 64 top: 768 right: 128 bottom: 800
[17:59:59:084] [95171:000173f6] [DEBUG][com.freerdp.channels.rdpgfx.client] - [rdpgfx_read_h264_metablock]: regionRects[2]: left: 128 top: 768 right: 192 bottom: 800
[17:59:59:084] [95171:000173f6] [DEBUG][com.freerdp.channels.rdpgfx.client] - [rdpgfx_read_h264_metablock]: regionRects[3]: left: 192 top: 768 right: 256 bottom: 800
[17:59:59:084] [95171:000173f6] [DEBUG][com.freerdp.channels.rdpgfx.client] - [rdpgfx_read_h264_metablock]: quantQualityVals[0]: qp: 0 r: 0 p: 0 qualityVal: 100
[17:59:59:084] [95171:000173f6] [DEBUG][com.freerdp.channels.rdpgfx.client] - [rdpgfx_read_h264_metablock]: quantQualityVals[1]: qp: 0 r: 0 p: 0 qualityVal: 100
[17:59:59:084] [95171:000173f6] [DEBUG][com.freerdp.channels.rdpgfx.client] - [rdpgfx_read_h264_metablock]: quantQualityVals[2]: qp: 0 r: 0 p: 0 qualityVal: 100
[17:59:59:084] [95171:000173f6] [DEBUG][com.freerdp.channels.rdpgfx.client] - [rdpgfx_read_h264_metablock]: quantQualityVals[3]: qp: 0 r: 0 p: 0 qualityVal: 100
[17:59:59:110] [95171:000173f6] [DEBUG][com.freerdp.channels.rdpgfx.client] - [rdpgfx_read_h264_metablock]: H264_METABLOCK: numRegionRects: 4
[17:59:59:110] [95171:000173f6] [DEBUG][com.freerdp.channels.rdpgfx.client] - [rdpgfx_read_h264_metablock]: regionRects[0]: left: 0 top: 768 right: 64 bottom: 800
[17:59:59:110] [95171:000173f6] [DEBUG][com.freerdp.channels.rdpgfx.client] - [rdpgfx_read_h264_metablock]: regionRects[1]: left: 64 top: 768 right: 128 bottom: 800
[17:59:59:110] [95171:000173f6] [DEBUG][com.freerdp.channels.rdpgfx.client] - [rdpgfx_read_h264_metablock]: regionRects[2]: left: 128 top: 768 right: 192 bottom: 800
[17:59:59:110] [95171:000173f6] [DEBUG][com.freerdp.channels.rdpgfx.client] - [rdpgfx_read_h264_metablock]: regionRects[3]: left: 192 top: 768 right: 256 bottom: 800
[17:59:59:110] [95171:000173f6] [DEBUG][com.freerdp.channels.rdpgfx.client] - [rdpgfx_read_h264_metablock]: quantQualityVals[0]: qp: 0 r: 0 p: 0 qualityVal: 100
[17:59:59:110] [95171:000173f6] [DEBUG][com.freerdp.channels.rdpgfx.client] - [rdpgfx_read_h264_metablock]: quantQualityVals[1]: qp: 0 r: 0 p: 0 qualityVal: 100
[17:59:59:110] [95171:000173f6] [DEBUG][com.freerdp.channels.rdpgfx.client] - [rdpgfx_read_h264_metablock]: quantQualityVals[2]: qp: 0 r: 0 p: 0 qualityVal: 100
[17:59:59:110] [95171:000173f6] [DEBUG][com.freerdp.channels.rdpgfx.client] - [rdpgfx_read_h264_metablock]: quantQualityVals[3]: qp: 0 r: 0 p: 0 qualityVal: 100
[17:59:59:139] [95171:000173f5] [DEBUG][com.freerdp.channels.rdpsnd.client] - [rdpsnd_recv_wave2_pdu]: [dynamic] Wave2PDU: cBlockNo: 105 wFormatNo: 1 [WAVE_FORMAT_PCM] , align=4 wTimeStamp=0xf9a0, dwAudioTimeStamp=0x0000f9a0
[17:59:59:139] [95171:000173f5] [DEBUG][com.freerdp.channels.rdpsnd.client] - [rdpsnd_treat_wave]: [dynamic] Wave: cBlockNo: 105 wTimeStamp: 63904, size: 12232
[17:59:59:139] [95171:000173f5] [DEBUG][com.freerdp.channels.rdpsnd.client] - [audio_format_print]: WAVE_FORMAT_PCM:	 wFormatTag: 0x0001 nChannels: 2 nSamplesPerSec: 44100 nAvgBytesPerSec: 176400 nBlockAlign: 4 wBitsPerSample: 16 cbSize: 0
[17:59:59:146] [95171:000173f6] [DEBUG][com.freerdp.channels.rdpgfx.client] - [rdpgfx_read_h264_metablock]: H264_METABLOCK: numRegionRects: 4
[17:59:59:146] [95171:000173f6] [DEBUG][com.freerdp.channels.rdpgfx.client] - [rdpgfx_read_h264_metablock]: regionRects[0]: left: 0 top: 768 right: 64 bottom: 800
[17:59:59:146] [95171:000173f6] [DEBUG][com.freerdp.channels.rdpgfx.client] - [rdpgfx_read_h264_metablock]: regionRects[1]: left: 64 top: 768 right: 128 bottom: 800
[17:59:59:146] [95171:000173f6] [DEBUG][com.freerdp.channels.rdpgfx.client] - [rdpgfx_read_h264_metablock]: regionRects[2]: left: 128 top: 768 right: 192 bottom: 800
[17:59:59:146] [95171:000173f6] [DEBUG][com.freerdp.channels.rdpgfx.client] - [rdpgfx_read_h264_metablock]: regionRects[3]: left: 192 top: 768 right: 256 bottom: 800
[17:59:59:146] [95171:000173f6] [DEBUG][com.freerdp.channels.rdpgfx.client] - [rdpgfx_read_h264_metablock]: quantQualityVals[0]: qp: 0 r: 0 p: 0 qualityVal: 100
[17:59:59:146] [95171:000173f6] [DEBUG][com.freerdp.channels.rdpgfx.client] - [rdpgfx_read_h264_metablock]: quantQualityVals[1]: qp: 0 r: 0 p: 0 qualityVal: 100
[17:59:59:146] [95171:000173f6] [DEBUG][com.freerdp.channels.rdpgfx.client] - [rdpgfx_read_h264_metablock]: quantQualityVals[2]: qp: 0 r: 0 p: 0 qualityVal: 100
[17:59:59:146] [95171:000173f6] [DEBUG][com.freerdp.channels.rdpgfx.client] - [rdpgfx_read_h264_metablock]: quantQualityVals[3]: qp: 0 r: 0 p: 0 qualityVal: 100
[17:59:59:204] [95171:000173f5] [DEBUG][com.freerdp.channels.rdpsnd.client] - [rdpsnd_recv_wave2_pdu]: [dynamic] Wave2PDU: cBlockNo: 106 wFormatNo: 1 [WAVE_FORMAT_PCM] , align=4 wTimeStamp=0xf9e2, dwAudioTimeStamp=0x0000f9e2
[17:59:59:204] [95171:000173f5] [DEBUG][com.freerdp.channels.rdpsnd.client] - [rdpsnd_treat_wave]: [dynamic] Wave: cBlockNo: 106 wTimeStamp: 63970, size: 11288
[17:59:59:204] [95171:000173f5] [DEBUG][com.freerdp.channels.rdpsnd.client] - [audio_format_print]: WAVE_FORMAT_PCM:	 wFormatTag: 0x0001 nChannels: 2 nSamplesPerSec: 44100 nAvgBytesPerSec: 176400 nBlockAlign: 4 wBitsPerSample: 16 cbSize: 0
[17:59:59:211] [95171:000173f6] [DEBUG][com.freerdp.channels.rdpgfx.client] - [rdpgfx_read_h264_metablock]: H264_METABLOCK: numRegionRects: 4
[17:59:59:211] [95171:000173f6] [DEBUG][com.freerdp.channels.rdpgfx.client] - [rdpgfx_read_h264_metablock]: regionRects[0]: left: 0 top: 768 right: 64 bottom: 800
[17:59:59:211] [95171:000173f6] [DEBUG][com.freerdp.channels.rdpgfx.client] - [rdpgfx_read_h264_metablock]: regionRects[1]: left: 64 top: 768 right: 128 bottom: 800
[17:59:59:211] [95171:000173f6] [DEBUG][com.freerdp.channels.rdpgfx.client] - [rdpgfx_read_h264_metablock]: regionRects[2]: left: 128 top: 768 right: 192 bottom: 800
[17:59:59:211] [95171:000173f6] [DEBUG][com.freerdp.channels.rdpgfx.client] - [rdpgfx_read_h264_metablock]: regionRects[3]: left: 192 top: 768 right: 256 bottom: 800
[17:59:59:211] [95171:000173f6] [DEBUG][com.freerdp.channels.rdpgfx.client] - [rdpgfx_read_h264_metablock]: quantQualityVals[0]: qp: 0 r: 0 p: 0 qualityVal: 100
[17:59:59:211] [95171:000173f6] [DEBUG][com.freerdp.channels.rdpgfx.client] - [rdpgfx_read_h264_metablock]: quantQualityVals[1]: qp: 0 r: 0 p: 0 qualityVal: 100
[17:59:59:211] [95171:000173f6] [DEBUG][com.freerdp.channels.rdpgfx.client] - [rdpgfx_read_h264_metablock]: quantQualityVals[2]: qp: 0 r: 0 p: 0 qualityVal: 100
[17:59:59:211] [95171:000173f6] [DEBUG][com.freerdp.channels.rdpgfx.client] - [rdpgfx_read_h264_metablock]: quantQualityVals[3]: qp: 0 r: 0 p: 0 qualityVal: 100
[17:59:59:270] [95171:000173f5] [DEBUG][com.freerdp.channels.rdpsnd.client] - [rdpsnd_recv_wave2_pdu]: [dynamic] Wave2PDU: cBlockNo: 107 wFormatNo: 1 [WAVE_FORMAT_PCM] , align=4 wTimeStamp=0xfa24, dwAudioTimeStamp=0x0000fa24
[17:59:59:270] [95171:000173f5] [DEBUG][com.freerdp.channels.rdpsnd.client] - [rdpsnd_treat_wave]: [dynamic] Wave: cBlockNo: 107 wTimeStamp: 64036, size: 12232
[17:59:59:270] [95171:000173f5] [DEBUG][com.freerdp.channels.rdpsnd.client] - [audio_format_print]: WAVE_FORMAT_PCM:	 wFormatTag: 0x0001 nChannels: 2 nSamplesPerSec: 44100 nAvgBytesPerSec: 176400 nBlockAlign: 4 wBitsPerSample: 16 cbSize: 0
[17:59:59:275] [95171:000173f6] [DEBUG][com.freerdp.channels.rdpgfx.client] - [rdpgfx_read_h264_metablock]: H264_METABLOCK: numRegionRects: 4
[17:59:59:275] [95171:000173f6] [DEBUG][com.freerdp.channels.rdpgfx.client] - [rdpgfx_read_h264_metablock]: regionRects[0]: left: 0 top: 320 right: 64 bottom: 384
[17:59:59:275] [95171:000173f6] [DEBUG][com.freerdp.channels.rdpgfx.client] - [rdpgfx_read_h264_metablock]: regionRects[1]: left: 0 top: 384 right: 64 bottom: 448
[17:59:59:275] [95171:000173f6] [DEBUG][com.freerdp.channels.rdpgfx.client] - [rdpgfx_read_h264_metablock]: regionRects[2]: left: 0 top: 704 right: 64 bottom: 768
[17:59:59:275] [95171:000173f6] [DEBUG][com.freerdp.channels.rdpgfx.client] - [rdpgfx_read_h264_metablock]: regionRects[3]: left: 0 top: 768 right: 64 bottom: 800
[17:59:59:275] [95171:000173f6] [DEBUG][com.freerdp.channels.rdpgfx.client] - [rdpgfx_read_h264_metablock]: quantQualityVals[0]: qp: 0 r: 0 p: 0 qualityVal: 100
[17:59:59:275] [95171:000173f6] [DEBUG][com.freerdp.channels.rdpgfx.client] - [rdpgfx_read_h264_metablock]: quantQualityVals[1]: qp: 0 r: 0 p: 0 qualityVal: 100
[17:59:59:275] [95171:000173f6] [DEBUG][com.freerdp.channels.rdpgfx.client] - [rdpgfx_read_h264_metablock]: quantQualityVals[2]: qp: 0 r: 0 p: 0 qualityVal: 100
[17:59:59:275] [95171:000173f6] [DEBUG][com.freerdp.channels.rdpgfx.client] - [rdpgfx_read_h264_metablock]: quantQualityVals[3]: qp: 0 r: 0 p: 0 qualityVal: 100
[17:59:59:310] [95171:000173f6] [DEBUG][com.freerdp.channels.rdpgfx.client] - [rdpgfx_read_h264_metablock]: H264_METABLOCK: numRegionRects: 10
[17:59:59:310] [95171:000173f6] [DEBUG][com.freerdp.channels.rdpgfx.client] - [rdpgfx_read_h264_metablock]: regionRects[0]: left: 0 top: 320 right: 64 bottom: 384
[17:59:59:310] [95171:000173f6] [DEBUG][com.freerdp.channels.rdpgfx.client] - [rdpgfx_read_h264_metablock]: regionRects[1]: left: 192 top: 320 right: 256 bottom: 384
[17:59:59:310] [95171:000173f6] [DEBUG][com.freerdp.channels.rdpgfx.client] - [rdpgfx_read_h264_metablock]: regionRects[2]: left: 0 top: 384 right: 64 bottom: 448
[17:59:59:310] [95171:000173f6] [DEBUG][com.freerdp.channels.rdpgfx.client] - [rdpgfx_read_h264_metablock]: regionRects[3]: left: 192 top: 384 right: 256 bottom: 448
[17:59:59:310] [95171:000173f6] [DEBUG][com.freerdp.channels.rdpgfx.client] - [rdpgfx_read_h264_metablock]: regionRects[4]: left: 0 top: 704 right: 64 bottom: 768
[17:59:59:310] [95171:000173f6] [DEBUG][com.freerdp.channels.rdpgfx.client] - [rdpgfx_read_h264_metablock]: regionRects[5]: left: 192 top: 704 right: 256 bottom: 768
[17:59:59:310] [95171:000173f6] [DEBUG][com.freerdp.channels.rdpgfx.client] - [rdpgfx_read_h264_metablock]: regionRects[6]: left: 0 top: 768 right: 64 bottom: 800
[17:59:59:310] [95171:000173f6] [DEBUG][com.freerdp.channels.rdpgfx.client] - [rdpgfx_read_h264_metablock]: regionRects[7]: left: 64 top: 768 right: 128 bottom: 800
[17:59:59:310] [95171:000173f6] [DEBUG][com.freerdp.channels.rdpgfx.client] - [rdpgfx_read_h264_metablock]: regionRects[8]: left: 128 top: 768 right: 192 bottom: 800
[17:59:59:310] [95171:000173f6] [DEBUG][com.freerdp.channels.rdpgfx.client] - [rdpgfx_read_h264_metablock]: regionRects[9]: left: 192 top: 768 right: 256 bottom: 800
[17:59:59:310] [95171:000173f6] [DEBUG][com.freerdp.channels.rdpgfx.client] - [rdpgfx_read_h264_metablock]: quantQualityVals[0]: qp: 0 r: 0 p: 0 qualityVal: 100
[17:59:59:310] [95171:000173f6] [DEBUG][com.freerdp.channels.rdpgfx.client] - [rdpgfx_read_h264_metablock]: quantQualityVals[1]: qp: 0 r: 0 p: 0 qualityVal: 100
[17:59:59:310] [95171:000173f6] [DEBUG][com.freerdp.channels.rdpgfx.client] - [rdpgfx_read_h264_metablock]: quantQualityVals[2]: qp: 0 r: 0 p: 0 qualityVal: 100
[17:59:59:310] [95171:000173f6] [DEBUG][com.freerdp.channels.rdpgfx.client] - [rdpgfx_read_h264_metablock]: quantQualityVals[3]: qp: 0 r: 0 p: 0 qualityVal: 100
[17:59:59:310] [95171:000173f6] [DEBUG][com.freerdp.channels.rdpgfx.client] - [rdpgfx_read_h264_metablock]: quantQualityVals[4]: qp: 0 r: 0 p: 0 qualityVal: 100
[17:59:59:310] [95171:000173f6] [DEBUG][com.freerdp.channels.rdpgfx.client] - [rdpgfx_read_h264_metablock]: quantQualityVals[5]: qp: 0 r: 0 p: 0 qualityVal: 100
[17:59:59:310] [95171:000173f6] [DEBUG][com.freerdp.channels.rdpgfx.client] - [rdpgfx_read_h264_metablock]: quantQualityVals[6]: qp: 0 r: 0 p: 0 qualityVal: 100
[17:59:59:310] [95171:000173f6] [DEBUG][com.freerdp.channels.rdpgfx.client] - [rdpgfx_read_h264_metablock]: quantQualityVals[7]: qp: 0 r: 0 p: 0 qualityVal: 100
[17:59:59:310] [95171:000173f6] [DEBUG][com.freerdp.channels.rdpgfx.client] - [rdpgfx_read_h264_metablock]: quantQualityVals[8]: qp: 0 r: 0 p: 0 qualityVal: 100
[17:59:59:310] [95171:000173f6] [DEBUG][com.freerdp.channels.rdpgfx.client] - [rdpgfx_read_h264_metablock]: quantQualityVals[9]: qp: 0 r: 0 p: 0 qualityVal: 100
[17:59:59:507] [95171:000173f6] [DEBUG][com.freerdp.channels.rdpgfx.client] - [rdpgfx_read_h264_metablock]: H264_METABLOCK: numRegionRects: 10
[17:59:59:507] [95171:000173f6] [DEBUG][com.freerdp.channels.rdpgfx.client] - [rdpgfx_read_h264_metablock]: regionRects[0]: left: 0 top: 320 right: 64 bottom: 384
[17:59:59:507] [95171:000173f6] [DEBUG][com.freerdp.channels.rdpgfx.client] - [rdpgfx_read_h264_metablock]: regionRects[1]: left: 192 top: 320 right: 256 bottom: 384
[17:59:59:507] [95171:000173f6] [DEBUG][com.freerdp.channels.rdpgfx.client] - [rdpgfx_read_h264_metablock]: regionRects[2]: left: 0 top: 384 right: 64 bottom: 448
[17:59:59:507] [95171:000173f6] [DEBUG][com.freerdp.channels.rdpgfx.client] - [rdpgfx_read_h264_metablock]: regionRects[3]: left: 192 top: 384 right: 256 bottom: 448
[17:59:59:507] [95171:000173f6] [DEBUG][com.freerdp.channels.rdpgfx.client] - [rdpgfx_read_h264_metablock]: regionRects[4]: left: 0 top: 704 right: 64 bottom: 768
[17:59:59:507] [95171:000173f6] [DEBUG][com.freerdp.channels.rdpgfx.client] - [rdpgfx_read_h264_metablock]: regionRects[5]: left: 192 top: 704 right: 256 bottom: 768
[17:59:59:507] [95171:000173f6] [DEBUG][com.freerdp.channels.rdpgfx.client] - [rdpgfx_read_h264_metablock]: regionRects[6]: left: 0 top: 768 right: 64 bottom: 800
[17:59:59:507] [95171:000173f6] [DEBUG][com.freerdp.channels.rdpgfx.client] - [rdpgfx_read_h264_metablock]: regionRects[7]: left: 64 top: 768 right: 128 bottom: 800
[17:59:59:507] [95171:000173f6] [DEBUG][com.freerdp.channels.rdpgfx.client] - [rdpgfx_read_h264_metablock]: regionRects[8]: left: 128 top: 768 right: 192 bottom: 800
[17:59:59:507] [95171:000173f6] [DEBUG][com.freerdp.channels.rdpgfx.client] - [rdpgfx_read_h264_metablock]: regionRects[9]: left: 192 top: 768 right: 256 bottom: 800
[17:59:59:507] [95171:000173f6] [DEBUG][com.freerdp.channels.rdpgfx.client] - [rdpgfx_read_h264_metablock]: quantQualityVals[0]: qp: 0 r: 0 p: 0 qualityVal: 100
[17:59:59:507] [95171:000173f6] [DEBUG][com.freerdp.channels.rdpgfx.client] - [rdpgfx_read_h264_metablock]: quantQualityVals[1]: qp: 0 r: 0 p: 0 qualityVal: 100
[17:59:59:507] [95171:000173f6] [DEBUG][com.freerdp.channels.rdpgfx.client] - [rdpgfx_read_h264_metablock]: quantQualityVals[2]: qp: 0 r: 0 p: 0 qualityVal: 100
[17:59:59:507] [95171:000173f6] [DEBUG][com.freerdp.channels.rdpgfx.client] - [rdpgfx_read_h264_metablock]: quantQualityVals[3]: qp: 0 r: 0 p: 0 qualityVal: 100
[17:59:59:507] [95171:000173f6] [DEBUG][com.freerdp.channels.rdpgfx.client] - [rdpgfx_read_h264_metablock]: quantQualityVals[4]: qp: 0 r: 0 p: 0 qualityVal: 100
[17:59:59:507] [95171:000173f6] [DEBUG][com.freerdp.channels.rdpgfx.client] - [rdpgfx_read_h264_metablock]: quantQualityVals[5]: qp: 0 r: 0 p: 0 qualityVal: 100
[17:59:59:507] [95171:000173f6] [DEBUG][com.freerdp.channels.rdpgfx.client] - [rdpgfx_read_h264_metablock]: quantQualityVals[6]: qp: 0 r: 0 p: 0 qualityVal: 100
[17:59:59:507] [95171:000173f6] [DEBUG][com.freerdp.channels.rdpgfx.client] - [rdpgfx_read_h264_metablock]: quantQualityVals[7]: qp: 0 r: 0 p: 0 qualityVal: 100
[17:59:59:507] [95171:000173f6] [DEBUG][com.freerdp.channels.rdpgfx.client] - [rdpgfx_read_h264_metablock]: quantQualityVals[8]: qp: 0 r: 0 p: 0 qualityVal: 100
[17:59:59:507] [95171:000173f6] [DEBUG][com.freerdp.channels.rdpgfx.client] - [rdpgfx_read_h264_metablock]: quantQualityVals[9]: qp: 0 r: 0 p: 0 qualityVal: 100
[17:59:59:706] [95171:000173f6] [DEBUG][com.freerdp.channels.rdpgfx.client] - [rdpgfx_read_h264_metablock]: H264_METABLOCK: numRegionRects: 10
[17:59:59:706] [95171:000173f6] [DEBUG][com.freerdp.channels.rdpgfx.client] - [rdpgfx_read_h264_metablock]: regionRects[0]: left: 0 top: 320 right: 64 bottom: 384
[17:59:59:706] [95171:000173f6] [DEBUG][com.freerdp.channels.rdpgfx.client] - [rdpgfx_read_h264_metablock]: regionRects[1]: left: 192 top: 320 right: 256 bottom: 384
[17:59:59:706] [95171:000173f6] [DEBUG][com.freerdp.channels.rdpgfx.client] - [rdpgfx_read_h264_metablock]: regionRects[2]: left: 0 top: 384 right: 64 bottom: 448
[17:59:59:706] [95171:000173f6] [DEBUG][com.freerdp.channels.rdpgfx.client] - [rdpgfx_read_h264_metablock]: regionRects[3]: left: 192 top: 384 right: 256 bottom: 448
[17:59:59:706] [95171:000173f6] [DEBUG][com.freerdp.channels.rdpgfx.client] - [rdpgfx_read_h264_metablock]: regionRects[4]: left: 0 top: 704 right: 64 bottom: 768
[17:59:59:706] [95171:000173f6] [DEBUG][com.freerdp.channels.rdpgfx.client] - [rdpgfx_read_h264_metablock]: regionRects[5]: left: 192 top: 704 right: 256 bottom: 768
[17:59:59:706] [95171:000173f6] [DEBUG][com.freerdp.channels.rdpgfx.client] - [rdpgfx_read_h264_metablock]: regionRects[6]: left: 0 top: 768 right: 64 bottom: 800
[17:59:59:706] [95171:000173f6] [DEBUG][com.freerdp.channels.rdpgfx.client] - [rdpgfx_read_h264_metablock]: regionRects[7]: left: 64 top: 768 right: 128 bottom: 800
[17:59:59:706] [95171:000173f6] [DEBUG][com.freerdp.channels.rdpgfx.client] - [rdpgfx_read_h264_metablock]: regionRects[8]: left: 128 top: 768 right: 192 bottom: 800
[17:59:59:706] [95171:000173f6] [DEBUG][com.freerdp.channels.rdpgfx.client] - [rdpgfx_read_h264_metablock]: regionRects[9]: left: 192 top: 768 right: 256 bottom: 800
[17:59:59:706] [95171:000173f6] [DEBUG][com.freerdp.channels.rdpgfx.client] - [rdpgfx_read_h264_metablock]: quantQualityVals[0]: qp: 0 r: 0 p: 0 qualityVal: 100
[17:59:59:706] [95171:000173f6] [DEBUG][com.freerdp.channels.rdpgfx.client] - [rdpgfx_read_h264_metablock]: quantQualityVals[1]: qp: 0 r: 0 p: 0 qualityVal: 100
[17:59:59:706] [95171:000173f6] [DEBUG][com.freerdp.channels.rdpgfx.client] - [rdpgfx_read_h264_metablock]: quantQualityVals[2]: qp: 0 r: 0 p: 0 qualityVal: 100
[17:59:59:706] [95171:000173f6] [DEBUG][com.freerdp.channels.rdpgfx.client] - [rdpgfx_read_h264_metablock]: quantQualityVals[3]: qp: 0 r: 0 p: 0 qualityVal: 100
[17:59:59:706] [95171:000173f6] [DEBUG][com.freerdp.channels.rdpgfx.client] - [rdpgfx_read_h264_metablock]: quantQualityVals[4]: qp: 0 r: 0 p: 0 qualityVal: 100
[17:59:59:706] [95171:000173f6] [DEBUG][com.freerdp.channels.rdpgfx.client] - [rdpgfx_read_h264_metablock]: quantQualityVals[5]: qp: 0 r: 0 p: 0 qualityVal: 100
[17:59:59:706] [95171:000173f6] [DEBUG][com.freerdp.channels.rdpgfx.client] - [rdpgfx_read_h264_metablock]: quantQualityVals[6]: qp: 0 r: 0 p: 0 qualityVal: 100
[17:59:59:706] [95171:000173f6] [DEBUG][com.freerdp.channels.rdpgfx.client] - [rdpgfx_read_h264_metablock]: quantQualityVals[7]: qp: 0 r: 0 p: 0 qualityVal: 100
[17:59:59:706] [95171:000173f6] [DEBUG][com.freerdp.channels.rdpgfx.client] - [rdpgfx_read_h264_metablock]: quantQualityVals[8]: qp: 0 r: 0 p: 0 qualityVal: 100
[17:59:59:706] [95171:000173f6] [DEBUG][com.freerdp.channels.rdpgfx.client] - [rdpgfx_read_h264_metablock]: quantQualityVals[9]: qp: 0 r: 0 p: 0 qualityVal: 100
[17:59:59:742] [95171:000173f6] [DEBUG][com.freerdp.channels.rdpgfx.client] - [rdpgfx_read_h264_metablock]: H264_METABLOCK: numRegionRects: 10
[17:59:59:742] [95171:000173f6] [DEBUG][com.freerdp.channels.rdpgfx.client] - [rdpgfx_read_h264_metablock]: regionRects[0]: left: 0 top: 320 right: 64 bottom: 384
[17:59:59:742] [95171:000173f6] [DEBUG][com.freerdp.channels.rdpgfx.client] - [rdpgfx_read_h264_metablock]: regionRects[1]: left: 192 top: 320 right: 256 bottom: 384
[17:59:59:742] [95171:000173f6] [DEBUG][com.freerdp.channels.rdpgfx.client] - [rdpgfx_read_h264_metablock]: regionRects[2]: left: 0 top: 384 right: 64 bottom: 448
[17:59:59:742] [95171:000173f6] [DEBUG][com.freerdp.channels.rdpgfx.client] - [rdpgfx_read_h264_metablock]: regionRects[3]: left: 192 top: 384 right: 256 bottom: 448
[17:59:59:742] [95171:000173f6] [DEBUG][com.freerdp.channels.rdpgfx.client] - [rdpgfx_read_h264_metablock]: regionRects[4]: left: 0 top: 704 right: 64 bottom: 768
[17:59:59:742] [95171:000173f6] [DEBUG][com.freerdp.channels.rdpgfx.client] - [rdpgfx_read_h264_metablock]: regionRects[5]: left: 192 top: 704 right: 256 bottom: 768
[17:59:59:742] [95171:000173f6] [DEBUG][com.freerdp.channels.rdpgfx.client] - [rdpgfx_read_h264_metablock]: regionRects[6]: left: 0 top: 768 right: 64 bottom: 800
[17:59:59:742] [95171:000173f6] [DEBUG][com.freerdp.channels.rdpgfx.client] - [rdpgfx_read_h264_metablock]: regionRects[7]: left: 64 top: 768 right: 128 bottom: 800
[17:59:59:742] [95171:000173f6] [DEBUG][com.freerdp.channels.rdpgfx.client] - [rdpgfx_read_h264_metablock]: regionRects[8]: left: 128 top: 768 right: 192 bottom: 800
[17:59:59:742] [95171:000173f6] [DEBUG][com.freerdp.channels.rdpgfx.client] - [rdpgfx_read_h264_metablock]: regionRects[9]: left: 192 top: 768 right: 256 bottom: 800
[17:59:59:742] [95171:000173f6] [DEBUG][com.freerdp.channels.rdpgfx.client] - [rdpgfx_read_h264_metablock]: quantQualityVals[0]: qp: 0 r: 0 p: 0 qualityVal: 100
[17:59:59:742] [95171:000173f6] [DEBUG][com.freerdp.channels.rdpgfx.client] - [rdpgfx_read_h264_metablock]: quantQualityVals[1]: qp: 0 r: 0 p: 0 qualityVal: 100
[17:59:59:742] [95171:000173f6] [DEBUG][com.freerdp.channels.rdpgfx.client] - [rdpgfx_read_h264_metablock]: quantQualityVals[2]: qp: 0 r: 0 p: 0 qualityVal: 100
[17:59:59:742] [95171:000173f6] [DEBUG][com.freerdp.channels.rdpgfx.client] - [rdpgfx_read_h264_metablock]: quantQualityVals[3]: qp: 0 r: 0 p: 0 qualityVal: 100
[17:59:59:742] [95171:000173f6] [DEBUG][com.freerdp.channels.rdpgfx.client] - [rdpgfx_read_h264_metablock]: quantQualityVals[4]: qp: 0 r: 0 p: 0 qualityVal: 100
[17:59:59:742] [95171:000173f6] [DEBUG][com.freerdp.channels.rdpgfx.client] - [rdpgfx_read_h264_metablock]: quantQualityVals[5]: qp: 0 r: 0 p: 0 qualityVal: 100
[17:59:59:742] [95171:000173f6] [DEBUG][com.freerdp.channels.rdpgfx.client] - [rdpgfx_read_h264_metablock]: quantQualityVals[6]: qp: 0 r: 0 p: 0 qualityVal: 100
[17:59:59:742] [95171:000173f6] [DEBUG][com.freerdp.channels.rdpgfx.client] - [rdpgfx_read_h264_metablock]: quantQualityVals[7]: qp: 0 r: 0 p: 0 qualityVal: 100
[17:59:59:742] [95171:000173f6] [DEBUG][com.freerdp.channels.rdpgfx.client] - [rdpgfx_read_h264_metablock]: quantQualityVals[8]: qp: 0 r: 0 p: 0 qualityVal: 100
[17:59:59:742] [95171:000173f6] [DEBUG][com.freerdp.channels.rdpgfx.client] - [rdpgfx_read_h264_metablock]: quantQualityVals[9]: qp: 0 r: 0 p: 0 qualityVal: 100
[17:59:59:811] [95171:000173f6] [DEBUG][com.freerdp.channels.rdpgfx.client] - [rdpgfx_read_h264_metablock]: H264_METABLOCK: numRegionRects: 10
[17:59:59:811] [95171:000173f6] [DEBUG][com.freerdp.channels.rdpgfx.client] - [rdpgfx_read_h264_metablock]: regionRects[0]: left: 0 top: 320 right: 64 bottom: 384
[17:59:59:811] [95171:000173f6] [DEBUG][com.freerdp.channels.rdpgfx.client] - [rdpgfx_read_h264_metablock]: regionRects[1]: left: 192 top: 320 right: 256 bottom: 384
[17:59:59:811] [95171:000173f6] [DEBUG][com.freerdp.channels.rdpgfx.client] - [rdpgfx_read_h264_metablock]: regionRects[2]: left: 0 top: 384 right: 64 bottom: 448
[17:59:59:811] [95171:000173f6] [DEBUG][com.freerdp.channels.rdpgfx.client] - [rdpgfx_read_h264_metablock]: regionRects[3]: left: 192 top: 384 right: 256 bottom: 448
[17:59:59:811] [95171:000173f6] [DEBUG][com.freerdp.channels.rdpgfx.client] - [rdpgfx_read_h264_metablock]: regionRects[4]: left: 0 top: 704 right: 64 bottom: 768
[17:59:59:811] [95171:000173f6] [DEBUG][com.freerdp.channels.rdpgfx.client] - [rdpgfx_read_h264_metablock]: regionRects[5]: left: 192 top: 704 right: 256 bottom: 768
[17:59:59:811] [95171:000173f6] [DEBUG][com.freerdp.channels.rdpgfx.client] - [rdpgfx_read_h264_metablock]: regionRects[6]: left: 0 top: 768 right: 64 bottom: 800
[17:59:59:811] [95171:000173f6] [DEBUG][com.freerdp.channels.rdpgfx.client] - [rdpgfx_read_h264_metablock]: regionRects[7]: left: 64 top: 768 right: 128 bottom: 800
[17:59:59:811] [95171:000173f6] [DEBUG][com.freerdp.channels.rdpgfx.client] - [rdpgfx_read_h264_metablock]: regionRects[8]: left: 128 top: 768 right: 192 bottom: 800
[17:59:59:811] [95171:000173f6] [DEBUG][com.freerdp.channels.rdpgfx.client] - [rdpgfx_read_h264_metablock]: regionRects[9]: left: 192 top: 768 right: 256 bottom: 800
[17:59:59:811] [95171:000173f6] [DEBUG][com.freerdp.channels.rdpgfx.client] - [rdpgfx_read_h264_metablock]: quantQualityVals[0]: qp: 0 r: 0 p: 0 qualityVal: 100
[17:59:59:811] [95171:000173f6] [DEBUG][com.freerdp.channels.rdpgfx.client] - [rdpgfx_read_h264_metablock]: quantQualityVals[1]: qp: 0 r: 0 p: 0 qualityVal: 100
[17:59:59:811] [95171:000173f6] [DEBUG][com.freerdp.channels.rdpgfx.client] - [rdpgfx_read_h264_metablock]: quantQualityVals[2]: qp: 0 r: 0 p: 0 qualityVal: 100
[17:59:59:811] [95171:000173f6] [DEBUG][com.freerdp.channels.rdpgfx.client] - [rdpgfx_read_h264_metablock]: quantQualityVals[3]: qp: 0 r: 0 p: 0 qualityVal: 100
[17:59:59:811] [95171:000173f6] [DEBUG][com.freerdp.channels.rdpgfx.client] - [rdpgfx_read_h264_metablock]: quantQualityVals[4]: qp: 0 r: 0 p: 0 qualityVal: 100
[17:59:59:811] [95171:000173f6] [DEBUG][com.freerdp.channels.rdpgfx.client] - [rdpgfx_read_h264_metablock]: quantQualityVals[5]: qp: 0 r: 0 p: 0 qualityVal: 100
[17:59:59:811] [95171:000173f6] [DEBUG][com.freerdp.channels.rdpgfx.client] - [rdpgfx_read_h264_metablock]: quantQualityVals[6]: qp: 0 r: 0 p: 0 qualityVal: 100
[17:59:59:811] [95171:000173f6] [DEBUG][com.freerdp.channels.rdpgfx.client] - [rdpgfx_read_h264_metablock]: quantQualityVals[7]: qp: 0 r: 0 p: 0 qualityVal: 100
[17:59:59:811] [95171:000173f6] [DEBUG][com.freerdp.channels.rdpgfx.client] - [rdpgfx_read_h264_metablock]: quantQualityVals[8]: qp: 0 r: 0 p: 0 qualityVal: 100
[17:59:59:811] [95171:000173f6] [DEBUG][com.freerdp.channels.rdpgfx.client] - [rdpgfx_read_h264_metablock]: quantQualityVals[9]: qp: 0 r: 0 p: 0 qualityVal: 100
[17:59:59:846] [95171:000173f6] [DEBUG][com.freerdp.channels.rdpgfx.client] - [rdpgfx_read_h264_metablock]: H264_METABLOCK: numRegionRects: 4
[17:59:59:846] [95171:000173f6] [DEBUG][com.freerdp.channels.rdpgfx.client] - [rdpgfx_read_h264_metablock]: regionRects[0]: left: 192 top: 320 right: 256 bottom: 384
[17:59:59:846] [95171:000173f6] [DEBUG][com.freerdp.channels.rdpgfx.client] - [rdpgfx_read_h264_metablock]: regionRects[1]: left: 192 top: 384 right: 256 bottom: 448
[17:59:59:846] [95171:000173f6] [DEBUG][com.freerdp.channels.rdpgfx.client] - [rdpgfx_read_h264_metablock]: regionRects[2]: left: 192 top: 704 right: 256 bottom: 768
[17:59:59:846] [95171:000173f6] [DEBUG][com.freerdp.channels.rdpgfx.client] - [rdpgfx_read_h264_metablock]: regionRects[3]: left: 192 top: 768 right: 256 bottom: 800
[17:59:59:846] [95171:000173f6] [DEBUG][com.freerdp.channels.rdpgfx.client] - [rdpgfx_read_h264_metablock]: quantQualityVals[0]: qp: 0 r: 0 p: 0 qualityVal: 100
[17:59:59:846] [95171:000173f6] [DEBUG][com.freerdp.channels.rdpgfx.client] - [rdpgfx_read_h264_metablock]: quantQualityVals[1]: qp: 0 r: 0 p: 0 qualityVal: 100
[17:59:59:846] [95171:000173f6] [DEBUG][com.freerdp.channels.rdpgfx.client] - [rdpgfx_read_h264_metablock]: quantQualityVals[2]: qp: 0 r: 0 p: 0 qualityVal: 100
[17:59:59:846] [95171:000173f6] [DEBUG][com.freerdp.channels.rdpgfx.client] - [rdpgfx_read_h264_metablock]: quantQualityVals[3]: qp: 0 r: 0 p: 0 qualityVal: 100
[17:59:59:911] [95171:000173f6] [DEBUG][com.freerdp.channels.rdpgfx.client] - [rdpgfx_read_h264_metablock]: H264_METABLOCK: numRegionRects: 4
[17:59:59:912] [95171:000173f6] [DEBUG][com.freerdp.channels.rdpgfx.client] - [rdpgfx_read_h264_metablock]: regionRects[0]: left: 0 top: 768 right: 64 bottom: 800
[17:59:59:912] [95171:000173f6] [DEBUG][com.freerdp.channels.rdpgfx.client] - [rdpgfx_read_h264_metablock]: regionRects[1]: left: 64 top: 768 right: 128 bottom: 800
[17:59:59:912] [95171:000173f6] [DEBUG][com.freerdp.channels.rdpgfx.client] - [rdpgfx_read_h264_metablock]: regionRects[2]: left: 128 top: 768 right: 192 bottom: 800
[17:59:59:912] [95171:000173f6] [DEBUG][com.freerdp.channels.rdpgfx.client] - [rdpgfx_read_h264_metablock]: regionRects[3]: left: 192 top: 768 right: 256 bottom: 800
[17:59:59:912] [95171:000173f6] [DEBUG][com.freerdp.channels.rdpgfx.client] - [rdpgfx_read_h264_metablock]: quantQualityVals[0]: qp: 0 r: 0 p: 0 qualityVal: 100
[17:59:59:912] [95171:000173f6] [DEBUG][com.freerdp.channels.rdpgfx.client] - [rdpgfx_read_h264_metablock]: quantQualityVals[1]: qp: 0 r: 0 p: 0 qualityVal: 100
[17:59:59:912] [95171:000173f6] [DEBUG][com.freerdp.channels.rdpgfx.client] - [rdpgfx_read_h264_metablock]: quantQualityVals[2]: qp: 0 r: 0 p: 0 qualityVal: 100
[17:59:59:912] [95171:000173f6] [DEBUG][com.freerdp.channels.rdpgfx.client] - [rdpgfx_read_h264_metablock]: quantQualityVals[3]: qp: 0 r: 0 p: 0 qualityVal: 100
[18:00:00:040] [95171:000173f6] [DEBUG][com.freerdp.channels.rdpgfx.client] - [rdpgfx_read_h264_metablock]: H264_METABLOCK: numRegionRects: 1
[18:00:00:040] [95171:000173f6] [DEBUG][com.freerdp.channels.rdpgfx.client] - [rdpgfx_read_h264_metablock]: regionRects[0]: left: 640 top: 0 right: 704 bottom: 64
[18:00:00:040] [95171:000173f6] [DEBUG][com.freerdp.channels.rdpgfx.client] - [rdpgfx_read_h264_metablock]: quantQualityVals[0]: qp: 0 r: 0 p: 0 qualityVal: 100
[18:00:00:106] [95171:000173f6] [DEBUG][com.freerdp.channels.rdpgfx.client] - [rdpgfx_read_h264_metablock]: H264_METABLOCK: numRegionRects: 4
[18:00:00:106] [95171:000173f6] [DEBUG][com.freerdp.channels.rdpgfx.client] - [rdpgfx_read_h264_metablock]: regionRects[0]: left: 0 top: 768 right: 64 bottom: 800
[18:00:00:106] [95171:000173f6] [DEBUG][com.freerdp.channels.rdpgfx.client] - [rdpgfx_read_h264_metablock]: regionRects[1]: left: 64 top: 768 right: 128 bottom: 800
[18:00:00:107] [95171:000173f6] [DEBUG][com.freerdp.channels.rdpgfx.client] - [rdpgfx_read_h264_metablock]: regionRects[2]: left: 128 top: 768 right: 192 bottom: 800
[18:00:00:107] [95171:000173f6] [DEBUG][com.freerdp.channels.rdpgfx.client] - [rdpgfx_read_h264_metablock]: regionRects[3]: left: 192 top: 768 right: 256 bottom: 800
[18:00:00:107] [95171:000173f6] [DEBUG][com.freerdp.channels.rdpgfx.client] - [rdpgfx_read_h264_metablock]: quantQualityVals[0]: qp: 0 r: 0 p: 0 qualityVal: 100
[18:00:00:107] [95171:000173f6] [DEBUG][com.freerdp.channels.rdpgfx.client] - [rdpgfx_read_h264_metablock]: quantQualityVals[1]: qp: 0 r: 0 p: 0 qualityVal: 100
[18:00:00:107] [95171:000173f6] [DEBUG][com.freerdp.channels.rdpgfx.client] - [rdpgfx_read_h264_metablock]: quantQualityVals[2]: qp: 0 r: 0 p: 0 qualityVal: 100
[18:00:00:107] [95171:000173f6] [DEBUG][com.freerdp.channels.rdpgfx.client] - [rdpgfx_read_h264_metablock]: quantQualityVals[3]: qp: 0 r: 0 p: 0 qualityVal: 100
[18:00:00:206] [95171:000173f6] [DEBUG][com.freerdp.channels.rdpgfx.client] - [rdpgfx_read_h264_metablock]: H264_METABLOCK: numRegionRects: 4
[18:00:00:206] [95171:000173f6] [DEBUG][com.freerdp.channels.rdpgfx.client] - [rdpgfx_read_h264_metablock]: regionRects[0]: left: 0 top: 768 right: 64 bottom: 800
[18:00:00:206] [95171:000173f6] [DEBUG][com.freerdp.channels.rdpgfx.client] - [rdpgfx_read_h264_metablock]: regionRects[1]: left: 64 top: 768 right: 128 bottom: 800
[18:00:00:206] [95171:000173f6] [DEBUG][com.freerdp.channels.rdpgfx.client] - [rdpgfx_read_h264_metablock]: regionRects[2]: left: 128 top: 768 right: 192 bottom: 800
[18:00:00:206] [95171:000173f6] [DEBUG][com.freerdp.channels.rdpgfx.client] - [rdpgfx_read_h264_metablock]: regionRects[3]: left: 192 top: 768 right: 256 bottom: 800
[18:00:00:206] [95171:000173f6] [DEBUG][com.freerdp.channels.rdpgfx.client] - [rdpgfx_read_h264_metablock]: quantQualityVals[0]: qp: 0 r: 0 p: 0 qualityVal: 100
[18:00:00:206] [95171:000173f6] [DEBUG][com.freerdp.channels.rdpgfx.client] - [rdpgfx_read_h264_metablock]: quantQualityVals[1]: qp: 0 r: 0 p: 0 qualityVal: 100
[18:00:00:206] [95171:000173f6] [DEBUG][com.freerdp.channels.rdpgfx.client] - [rdpgfx_read_h264_metablock]: quantQualityVals[2]: qp: 0 r: 0 p: 0 qualityVal: 100
[18:00:00:206] [95171:000173f6] [DEBUG][com.freerdp.channels.rdpgfx.client] - [rdpgfx_read_h264_metablock]: quantQualityVals[3]: qp: 0 r: 0 p: 0 qualityVal: 100
[18:00:00:506] [95171:000173f6] [DEBUG][com.freerdp.channels.rdpgfx.client] - [rdpgfx_read_h264_metablock]: H264_METABLOCK: numRegionRects: 7
[18:00:00:506] [95171:000173f6] [DEBUG][com.freerdp.channels.rdpgfx.client] - [rdpgfx_read_h264_metablock]: regionRects[0]: left: 192 top: 320 right: 256 bottom: 384
[18:00:00:506] [95171:000173f6] [DEBUG][com.freerdp.channels.rdpgfx.client] - [rdpgfx_read_h264_metablock]: regionRects[1]: left: 192 top: 384 right: 256 bottom: 448
[18:00:00:506] [95171:000173f6] [DEBUG][com.freerdp.channels.rdpgfx.client] - [rdpgfx_read_h264_metablock]: regionRects[2]: left: 192 top: 704 right: 256 bottom: 768
[18:00:00:506] [95171:000173f6] [DEBUG][com.freerdp.channels.rdpgfx.client] - [rdpgfx_read_h264_metablock]: regionRects[3]: left: 0 top: 768 right: 64 bottom: 800
[18:00:00:506] [95171:000173f6] [DEBUG][com.freerdp.channels.rdpgfx.client] - [rdpgfx_read_h264_metablock]: regionRects[4]: left: 64 top: 768 right: 128 bottom: 800
[18:00:00:506] [95171:000173f6] [DEBUG][com.freerdp.channels.rdpgfx.client] - [rdpgfx_read_h264_metablock]: regionRects[5]: left: 128 top: 768 right: 192 bottom: 800
[18:00:00:506] [95171:000173f6] [DEBUG][com.freerdp.channels.rdpgfx.client] - [rdpgfx_read_h264_metablock]: regionRects[6]: left: 192 top: 768 right: 256 bottom: 800
[18:00:00:506] [95171:000173f6] [DEBUG][com.freerdp.channels.rdpgfx.client] - [rdpgfx_read_h264_metablock]: quantQualityVals[0]: qp: 0 r: 0 p: 0 qualityVal: 100
[18:00:00:506] [95171:000173f6] [DEBUG][com.freerdp.channels.rdpgfx.client] - [rdpgfx_read_h264_metablock]: quantQualityVals[1]: qp: 0 r: 0 p: 0 qualityVal: 100
[18:00:00:506] [95171:000173f6] [DEBUG][com.freerdp.channels.rdpgfx.client] - [rdpgfx_read_h264_metablock]: quantQualityVals[2]: qp: 0 r: 0 p: 0 qualityVal: 100
[18:00:00:506] [95171:000173f6] [DEBUG][com.freerdp.channels.rdpgfx.client] - [rdpgfx_read_h264_metablock]: quantQualityVals[3]: qp: 0 r: 0 p: 0 qualityVal: 100
[18:00:00:506] [95171:000173f6] [DEBUG][com.freerdp.channels.rdpgfx.client] - [rdpgfx_read_h264_metablock]: quantQualityVals[4]: qp: 0 r: 0 p: 0 qualityVal: 100
[18:00:00:506] [95171:000173f6] [DEBUG][com.freerdp.channels.rdpgfx.client] - [rdpgfx_read_h264_metablock]: quantQualityVals[5]: qp: 0 r: 0 p: 0 qualityVal: 100
[18:00:00:506] [95171:000173f6] [DEBUG][com.freerdp.channels.rdpgfx.client] - [rdpgfx_read_h264_metablock]: quantQualityVals[6]: qp: 0 r: 0 p: 0 qualityVal: 100
[18:00:00:542] [95171:000173f6] [DEBUG][com.freerdp.channels.rdpgfx.client] - [rdpgfx_read_h264_metablock]: H264_METABLOCK: numRegionRects: 10
[18:00:00:542] [95171:000173f6] [DEBUG][com.freerdp.channels.rdpgfx.client] - [rdpgfx_read_h264_metablock]: regionRects[0]: left: 0 top: 320 right: 64 bottom: 384
[18:00:00:542] [95171:000173f6] [DEBUG][com.freerdp.channels.rdpgfx.client] - [rdpgfx_read_h264_metablock]: regionRects[1]: left: 192 top: 320 right: 256 bottom: 384
[18:00:00:542] [95171:000173f6] [DEBUG][com.freerdp.channels.rdpgfx.client] - [rdpgfx_read_h264_metablock]: regionRects[2]: left: 0 top: 384 right: 64 bottom: 448
[18:00:00:542] [95171:000173f6] [DEBUG][com.freerdp.channels.rdpgfx.client] - [rdpgfx_read_h264_metablock]: regionRects[3]: left: 192 top: 384 right: 256 bottom: 448
[18:00:00:542] [95171:000173f6] [DEBUG][com.freerdp.channels.rdpgfx.client] - [rdpgfx_read_h264_metablock]: regionRects[4]: left: 0 top: 704 right: 64 bottom: 768
[18:00:00:542] [95171:000173f6] [DEBUG][com.freerdp.channels.rdpgfx.client] - [rdpgfx_read_h264_metablock]: regionRects[5]: left: 192 top: 704 right: 256 bottom: 768
[18:00:00:542] [95171:000173f6] [DEBUG][com.freerdp.channels.rdpgfx.client] - [rdpgfx_read_h264_metablock]: regionRects[6]: left: 0 top: 768 right: 64 bottom: 800
[18:00:00:542] [95171:000173f6] [DEBUG][com.freerdp.channels.rdpgfx.client] - [rdpgfx_read_h264_metablock]: regionRects[7]: left: 64 top: 768 right: 128 bottom: 800
[18:00:00:542] [95171:000173f6] [DEBUG][com.freerdp.channels.rdpgfx.client] - [rdpgfx_read_h264_metablock]: regionRects[8]: left: 128 top: 768 right: 192 bottom: 800
[18:00:00:542] [95171:000173f6] [DEBUG][com.freerdp.channels.rdpgfx.client] - [rdpgfx_read_h264_metablock]: regionRects[9]: left: 192 top: 768 right: 256 bottom: 800
[18:00:00:542] [95171:000173f6] [DEBUG][com.freerdp.channels.rdpgfx.client] - [rdpgfx_read_h264_metablock]: quantQualityVals[0]: qp: 0 r: 0 p: 0 qualityVal: 100
[18:00:00:542] [95171:000173f6] [DEBUG][com.freerdp.channels.rdpgfx.client] - [rdpgfx_read_h264_metablock]: quantQualityVals[1]: qp: 0 r: 0 p: 0 qualityVal: 100
[18:00:00:542] [95171:000173f6] [DEBUG][com.freerdp.channels.rdpgfx.client] - [rdpgfx_read_h264_metablock]: quantQualityVals[2]: qp: 0 r: 0 p: 0 qualityVal: 100
[18:00:00:542] [95171:000173f6] [DEBUG][com.freerdp.channels.rdpgfx.client] - [rdpgfx_read_h264_metablock]: quantQualityVals[3]: qp: 0 r: 0 p: 0 qualityVal: 100
[18:00:00:542] [95171:000173f6] [DEBUG][com.freerdp.channels.rdpgfx.client] - [rdpgfx_read_h264_metablock]: quantQualityVals[4]: qp: 0 r: 0 p: 0 qualityVal: 100
[18:00:00:542] [95171:000173f6] [DEBUG][com.freerdp.channels.rdpgfx.client] - [rdpgfx_read_h264_metablock]: quantQualityVals[5]: qp: 0 r: 0 p: 0 qualityVal: 100
[18:00:00:542] [95171:000173f6] [DEBUG][com.freerdp.channels.rdpgfx.client] - [rdpgfx_read_h264_metablock]: quantQualityVals[6]: qp: 0 r: 0 p: 0 qualityVal: 100
[18:00:00:542] [95171:000173f6] [DEBUG][com.freerdp.channels.rdpgfx.client] - [rdpgfx_read_h264_metablock]: quantQualityVals[7]: qp: 0 r: 0 p: 0 qualityVal: 100
[18:00:00:542] [95171:000173f6] [DEBUG][com.freerdp.channels.rdpgfx.client] - [rdpgfx_read_h264_metablock]: quantQualityVals[8]: qp: 0 r: 0 p: 0 qualityVal: 100
[18:00:00:542] [95171:000173f6] [DEBUG][com.freerdp.channels.rdpgfx.client] - [rdpgfx_read_h264_metablock]: quantQualityVals[9]: qp: 0 r: 0 p: 0 qualityVal: 100
[18:00:00:601] [95171:000173f6] [DEBUG][com.freerdp.channels.rdpgfx.client] - [rdpgfx_read_h264_metablock]: H264_METABLOCK: numRegionRects: 10
[18:00:00:601] [95171:000173f6] [DEBUG][com.freerdp.channels.rdpgfx.client] - [rdpgfx_read_h264_metablock]: regionRects[0]: left: 0 top: 320 right: 64 bottom: 384
[18:00:00:601] [95171:000173f6] [DEBUG][com.freerdp.channels.rdpgfx.client] - [rdpgfx_read_h264_metablock]: regionRects[1]: left: 192 top: 320 right: 256 bottom: 384
[18:00:00:601] [95171:000173f6] [DEBUG][com.freerdp.channels.rdpgfx.client] - [rdpgfx_read_h264_metablock]: regionRects[2]: left: 0 top: 384 right: 64 bottom: 448
[18:00:00:601] [95171:000173f6] [DEBUG][com.freerdp.channels.rdpgfx.client] - [rdpgfx_read_h264_metablock]: regionRects[3]: left: 192 top: 384 right: 256 bottom: 448
[18:00:00:601] [95171:000173f6] [DEBUG][com.freerdp.channels.rdpgfx.client] - [rdpgfx_read_h264_metablock]: regionRects[4]: left: 0 top: 704 right: 64 bottom: 768
[18:00:00:601] [95171:000173f6] [DEBUG][com.freerdp.channels.rdpgfx.client] - [rdpgfx_read_h264_metablock]: regionRects[5]: left: 192 top: 704 right: 256 bottom: 768
[18:00:00:601] [95171:000173f6] [DEBUG][com.freerdp.channels.rdpgfx.client] - [rdpgfx_read_h264_metablock]: regionRects[6]: left: 0 top: 768 right: 64 bottom: 800
[18:00:00:601] [95171:000173f6] [DEBUG][com.freerdp.channels.rdpgfx.client] - [rdpgfx_read_h264_metablock]: regionRects[7]: left: 64 top: 768 right: 128 bottom: 800
[18:00:00:601] [95171:000173f6] [DEBUG][com.freerdp.channels.rdpgfx.client] - [rdpgfx_read_h264_metablock]: regionRects[8]: left: 128 top: 768 right: 192 bottom: 800
[18:00:00:601] [95171:000173f6] [DEBUG][com.freerdp.channels.rdpgfx.client] - [rdpgfx_read_h264_metablock]: regionRects[9]: left: 192 top: 768 right: 256 bottom: 800
[18:00:00:601] [95171:000173f6] [DEBUG][com.freerdp.channels.rdpgfx.client] - [rdpgfx_read_h264_metablock]: quantQualityVals[0]: qp: 0 r: 0 p: 0 qualityVal: 100
[18:00:00:601] [95171:000173f6] [DEBUG][com.freerdp.channels.rdpgfx.client] - [rdpgfx_read_h264_metablock]: quantQualityVals[1]: qp: 0 r: 0 p: 0 qualityVal: 100
[18:00:00:601] [95171:000173f6] [DEBUG][com.freerdp.channels.rdpgfx.client] - [rdpgfx_read_h264_metablock]: quantQualityVals[2]: qp: 0 r: 0 p: 0 qualityVal: 100
[18:00:00:601] [95171:000173f6] [DEBUG][com.freerdp.channels.rdpgfx.client] - [rdpgfx_read_h264_metablock]: quantQualityVals[3]: qp: 0 r: 0 p: 0 qualityVal: 100
[18:00:00:601] [95171:000173f6] [DEBUG][com.freerdp.channels.rdpgfx.client] - [rdpgfx_read_h264_metablock]: quantQualityVals[4]: qp: 0 r: 0 p: 0 qualityVal: 100
[18:00:00:601] [95171:000173f6] [DEBUG][com.freerdp.channels.rdpgfx.client] - [rdpgfx_read_h264_metablock]: quantQualityVals[5]: qp: 0 r: 0 p: 0 qualityVal: 100
[18:00:00:601] [95171:000173f6] [DEBUG][com.freerdp.channels.rdpgfx.client] - [rdpgfx_read_h264_metablock]: quantQualityVals[6]: qp: 0 r: 0 p: 0 qualityVal: 100
[18:00:00:601] [95171:000173f6] [DEBUG][com.freerdp.channels.rdpgfx.client] - [rdpgfx_read_h264_metablock]: quantQualityVals[7]: qp: 0 r: 0 p: 0 qualityVal: 100
[18:00:00:601] [95171:000173f6] [DEBUG][com.freerdp.channels.rdpgfx.client] - [rdpgfx_read_h264_metablock]: quantQualityVals[8]: qp: 0 r: 0 p: 0 qualityVal: 100
[18:00:00:601] [95171:000173f6] [DEBUG][com.freerdp.channels.rdpgfx.client] - [rdpgfx_read_h264_metablock]: quantQualityVals[9]: qp: 0 r: 0 p: 0 qualityVal: 100
[18:00:00:636] [95171:000173f6] [DEBUG][com.freerdp.channels.rdpgfx.client] - [rdpgfx_read_h264_metablock]: H264_METABLOCK: numRegionRects: 10
[18:00:00:636] [95171:000173f6] [DEBUG][com.freerdp.channels.rdpgfx.client] - [rdpgfx_read_h264_metablock]: regionRects[0]: left: 0 top: 320 right: 64 bottom: 384
[18:00:00:636] [95171:000173f6] [DEBUG][com.freerdp.channels.rdpgfx.client] - [rdpgfx_read_h264_metablock]: regionRects[1]: left: 192 top: 320 right: 256 bottom: 384
[18:00:00:636] [95171:000173f6] [DEBUG][com.freerdp.channels.rdpgfx.client] - [rdpgfx_read_h264_metablock]: regionRects[2]: left: 0 top: 384 right: 64 bottom: 448
[18:00:00:636] [95171:000173f6] [DEBUG][com.freerdp.channels.rdpgfx.client] - [rdpgfx_read_h264_metablock]: regionRects[3]: left: 192 top: 384 right: 256 bottom: 448
[18:00:00:636] [95171:000173f6] [DEBUG][com.freerdp.channels.rdpgfx.client] - [rdpgfx_read_h264_metablock]: regionRects[4]: left: 0 top: 704 right: 64 bottom: 768
[18:00:00:636] [95171:000173f6] [DEBUG][com.freerdp.channels.rdpgfx.client] - [rdpgfx_read_h264_metablock]: regionRects[5]: left: 192 top: 704 right: 256 bottom: 768
[18:00:00:636] [95171:000173f6] [DEBUG][com.freerdp.channels.rdpgfx.client] - [rdpgfx_read_h264_metablock]: regionRects[6]: left: 0 top: 768 right: 64 bottom: 800
[18:00:00:636] [95171:000173f6] [DEBUG][com.freerdp.channels.rdpgfx.client] - [rdpgfx_read_h264_metablock]: regionRects[7]: left: 64 top: 768 right: 128 bottom: 800
[18:00:00:636] [95171:000173f6] [DEBUG][com.freerdp.channels.rdpgfx.client] - [rdpgfx_read_h264_metablock]: regionRects[8]: left: 128 top: 768 right: 192 bottom: 800
[18:00:00:636] [95171:000173f6] [DEBUG][com.freerdp.channels.rdpgfx.client] - [rdpgfx_read_h264_metablock]: regionRects[9]: left: 192 top: 768 right: 256 bottom: 800
[18:00:00:636] [95171:000173f6] [DEBUG][com.freerdp.channels.rdpgfx.client] - [rdpgfx_read_h264_metablock]: quantQualityVals[0]: qp: 0 r: 0 p: 0 qualityVal: 100
[18:00:00:636] [95171:000173f6] [DEBUG][com.freerdp.channels.rdpgfx.client] - [rdpgfx_read_h264_metablock]: quantQualityVals[1]: qp: 0 r: 0 p: 0 qualityVal: 100
[18:00:00:636] [95171:000173f6] [DEBUG][com.freerdp.channels.rdpgfx.client] - [rdpgfx_read_h264_metablock]: quantQualityVals[2]: qp: 0 r: 0 p: 0 qualityVal: 100
[18:00:00:636] [95171:000173f6] [DEBUG][com.freerdp.channels.rdpgfx.client] - [rdpgfx_read_h264_metablock]: quantQualityVals[3]: qp: 0 r: 0 p: 0 qualityVal: 100
[18:00:00:636] [95171:000173f6] [DEBUG][com.freerdp.channels.rdpgfx.client] - [rdpgfx_read_h264_metablock]: quantQualityVals[4]: qp: 0 r: 0 p: 0 qualityVal: 100
[18:00:00:636] [95171:000173f6] [DEBUG][com.freerdp.channels.rdpgfx.client] - [rdpgfx_read_h264_metablock]: quantQualityVals[5]: qp: 0 r: 0 p: 0 qualityVal: 100
[18:00:00:636] [95171:000173f6] [DEBUG][com.freerdp.channels.rdpgfx.client] - [rdpgfx_read_h264_metablock]: quantQualityVals[6]: qp: 0 r: 0 p: 0 qualityVal: 100
[18:00:00:636] [95171:000173f6] [DEBUG][com.freerdp.channels.rdpgfx.client] - [rdpgfx_read_h264_metablock]: quantQualityVals[7]: qp: 0 r: 0 p: 0 qualityVal: 100
[18:00:00:636] [95171:000173f6] [DEBUG][com.freerdp.channels.rdpgfx.client] - [rdpgfx_read_h264_metablock]: quantQualityVals[8]: qp: 0 r: 0 p: 0 qualityVal: 100
[18:00:00:636] [95171:000173f6] [DEBUG][com.freerdp.channels.rdpgfx.client] - [rdpgfx_read_h264_metablock]: quantQualityVals[9]: qp: 0 r: 0 p: 0 qualityVal: 100
[18:00:00:772] [95171:000173f6] [DEBUG][com.freerdp.channels.rdpgfx.client] - [rdpgfx_read_h264_metablock]: H264_METABLOCK: numRegionRects: 10
[18:00:00:772] [95171:000173f6] [DEBUG][com.freerdp.channels.rdpgfx.client] - [rdpgfx_read_h264_metablock]: regionRects[0]: left: 0 top: 320 right: 64 bottom: 384
[18:00:00:772] [95171:000173f6] [DEBUG][com.freerdp.channels.rdpgfx.client] - [rdpgfx_read_h264_metablock]: regionRects[1]: left: 192 top: 320 right: 256 bottom: 384
[18:00:00:772] [95171:000173f6] [DEBUG][com.freerdp.channels.rdpgfx.client] - [rdpgfx_read_h264_metablock]: regionRects[2]: left: 0 top: 384 right: 64 bottom: 448
[18:00:00:772] [95171:000173f6] [DEBUG][com.freerdp.channels.rdpgfx.client] - [rdpgfx_read_h264_metablock]: regionRects[3]: left: 192 top: 384 right: 256 bottom: 448
[18:00:00:772] [95171:000173f6] [DEBUG][com.freerdp.channels.rdpgfx.client] - [rdpgfx_read_h264_metablock]: regionRects[4]: left: 0 top: 704 right: 64 bottom: 768
[18:00:00:772] [95171:000173f6] [DEBUG][com.freerdp.channels.rdpgfx.client] - [rdpgfx_read_h264_metablock]: regionRects[5]: left: 192 top: 704 right: 256 bottom: 768
[18:00:00:772] [95171:000173f6] [DEBUG][com.freerdp.channels.rdpgfx.client] - [rdpgfx_read_h264_metablock]: regionRects[6]: left: 0 top: 768 right: 64 bottom: 800
[18:00:00:772] [95171:000173f6] [DEBUG][com.freerdp.channels.rdpgfx.client] - [rdpgfx_read_h264_metablock]: regionRects[7]: left: 64 top: 768 right: 128 bottom: 800
[18:00:00:772] [95171:000173f6] [DEBUG][com.freerdp.channels.rdpgfx.client] - [rdpgfx_read_h264_metablock]: regionRects[8]: left: 128 top: 768 right: 192 bottom: 800
[18:00:00:772] [95171:000173f6] [DEBUG][com.freerdp.channels.rdpgfx.client] - [rdpgfx_read_h264_metablock]: regionRects[9]: left: 192 top: 768 right: 256 bottom: 800
[18:00:00:772] [95171:000173f6] [DEBUG][com.freerdp.channels.rdpgfx.client] - [rdpgfx_read_h264_metablock]: quantQualityVals[0]: qp: 0 r: 0 p: 0 qualityVal: 100
[18:00:00:772] [95171:000173f6] [DEBUG][com.freerdp.channels.rdpgfx.client] - [rdpgfx_read_h264_metablock]: quantQualityVals[1]: qp: 0 r: 0 p: 0 qualityVal: 100
[18:00:00:772] [95171:000173f6] [DEBUG][com.freerdp.channels.rdpgfx.client] - [rdpgfx_read_h264_metablock]: quantQualityVals[2]: qp: 0 r: 0 p: 0 qualityVal: 100
[18:00:00:772] [95171:000173f6] [DEBUG][com.freerdp.channels.rdpgfx.client] - [rdpgfx_read_h264_metablock]: quantQualityVals[3]: qp: 0 r: 0 p: 0 qualityVal: 100
[18:00:00:772] [95171:000173f6] [DEBUG][com.freerdp.channels.rdpgfx.client] - [rdpgfx_read_h264_metablock]: quantQualityVals[4]: qp: 0 r: 0 p: 0 qualityVal: 100
[18:00:00:772] [95171:000173f6] [DEBUG][com.freerdp.channels.rdpgfx.client] - [rdpgfx_read_h264_metablock]: quantQualityVals[5]: qp: 0 r: 0 p: 0 qualityVal: 100
[18:00:00:772] [95171:000173f6] [DEBUG][com.freerdp.channels.rdpgfx.client] - [rdpgfx_read_h264_metablock]: quantQualityVals[6]: qp: 0 r: 0 p: 0 qualityVal: 100
[18:00:00:772] [95171:000173f6] [DEBUG][com.freerdp.channels.rdpgfx.client] - [rdpgfx_read_h264_metablock]: quantQualityVals[7]: qp: 0 r: 0 p: 0 qualityVal: 100
[18:00:00:772] [95171:000173f6] [DEBUG][com.freerdp.channels.rdpgfx.client] - [rdpgfx_read_h264_metablock]: quantQualityVals[8]: qp: 0 r: 0 p: 0 qualityVal: 100
[18:00:00:772] [95171:000173f6] [DEBUG][com.freerdp.channels.rdpgfx.client] - [rdpgfx_read_h264_metablock]: quantQualityVals[9]: qp: 0 r: 0 p: 0 qualityVal: 100
[18:00:00:800] [95171:000173f6] [DEBUG][com.freerdp.channels.rdpgfx.client] - [rdpgfx_read_h264_metablock]: H264_METABLOCK: numRegionRects: 10
[18:00:00:800] [95171:000173f6] [DEBUG][com.freerdp.channels.rdpgfx.client] - [rdpgfx_read_h264_metablock]: regionRects[0]: left: 0 top: 320 right: 64 bottom: 384
[18:00:00:800] [95171:000173f6] [DEBUG][com.freerdp.channels.rdpgfx.client] - [rdpgfx_read_h264_metablock]: regionRects[1]: left: 192 top: 320 right: 256 bottom: 384
[18:00:00:800] [95171:000173f6] [DEBUG][com.freerdp.channels.rdpgfx.client] - [rdpgfx_read_h264_metablock]: regionRects[2]: left: 0 top: 384 right: 64 bottom: 448
[18:00:00:800] [95171:000173f6] [DEBUG][com.freerdp.channels.rdpgfx.client] - [rdpgfx_read_h264_metablock]: regionRects[3]: left: 192 top: 384 right: 256 bottom: 448
[18:00:00:800] [95171:000173f6] [DEBUG][com.freerdp.channels.rdpgfx.client] - [rdpgfx_read_h264_metablock]: regionRects[4]: left: 0 top: 704 right: 64 bottom: 768
[18:00:00:800] [95171:000173f6] [DEBUG][com.freerdp.channels.rdpgfx.client] - [rdpgfx_read_h264_metablock]: regionRects[5]: left: 192 top: 704 right: 256 bottom: 768
[18:00:00:800] [95171:000173f6] [DEBUG][com.freerdp.channels.rdpgfx.client] - [rdpgfx_read_h264_metablock]: regionRects[6]: left: 0 top: 768 right: 64 bottom: 800
[18:00:00:800] [95171:000173f6] [DEBUG][com.freerdp.channels.rdpgfx.client] - [rdpgfx_read_h264_metablock]: regionRects[7]: left: 64 top: 768 right: 128 bottom: 800
[18:00:00:800] [95171:000173f6] [DEBUG][com.freerdp.channels.rdpgfx.client] - [rdpgfx_read_h264_metablock]: regionRects[8]: left: 128 top: 768 right: 192 bottom: 800
[18:00:00:800] [95171:000173f6] [DEBUG][com.freerdp.channels.rdpgfx.client] - [rdpgfx_read_h264_metablock]: regionRects[9]: left: 192 top: 768 right: 256 bottom: 800
[18:00:00:800] [95171:000173f6] [DEBUG][com.freerdp.channels.rdpgfx.client] - [rdpgfx_read_h264_metablock]: quantQualityVals[0]: qp: 0 r: 0 p: 0 qualityVal: 100
[18:00:00:800] [95171:000173f6] [DEBUG][com.freerdp.channels.rdpgfx.client] - [rdpgfx_read_h264_metablock]: quantQualityVals[1]: qp: 0 r: 0 p: 0 qualityVal: 100
[18:00:00:800] [95171:000173f6] [DEBUG][com.freerdp.channels.rdpgfx.client] - [rdpgfx_read_h264_metablock]: quantQualityVals[2]: qp: 0 r: 0 p: 0 qualityVal: 100
[18:00:00:800] [95171:000173f6] [DEBUG][com.freerdp.channels.rdpgfx.client] - [rdpgfx_read_h264_metablock]: quantQualityVals[3]: qp: 0 r: 0 p: 0 qualityVal: 100
[18:00:00:800] [95171:000173f6] [DEBUG][com.freerdp.channels.rdpgfx.client] - [rdpgfx_read_h264_metablock]: quantQualityVals[4]: qp: 0 r: 0 p: 0 qualityVal: 100
[18:00:00:800] [95171:000173f6] [DEBUG][com.freerdp.channels.rdpgfx.client] - [rdpgfx_read_h264_metablock]: quantQualityVals[5]: qp: 0 r: 0 p: 0 qualityVal: 100
[18:00:00:800] [95171:000173f6] [DEBUG][com.freerdp.channels.rdpgfx.client] - [rdpgfx_read_h264_metablock]: quantQualityVals[6]: qp: 0 r: 0 p: 0 qualityVal: 100
[18:00:00:800] [95171:000173f6] [DEBUG][com.freerdp.channels.rdpgfx.client] - [rdpgfx_read_h264_metablock]: quantQualityVals[7]: qp: 0 r: 0 p: 0 qualityVal: 100
[18:00:00:800] [95171:000173f6] [DEBUG][com.freerdp.channels.rdpgfx.client] - [rdpgfx_read_h264_metablock]: quantQualityVals[8]: qp: 0 r: 0 p: 0 qualityVal: 100
[18:00:00:800] [95171:000173f6] [DEBUG][com.freerdp.channels.rdpgfx.client] - [rdpgfx_read_h264_metablock]: quantQualityVals[9]: qp: 0 r: 0 p: 0 qualityVal: 100
[18:00:00:869] [95171:000173f6] [DEBUG][com.freerdp.channels.rdpgfx.client] - [rdpgfx_read_h264_metablock]: H264_METABLOCK: numRegionRects: 10
[18:00:00:869] [95171:000173f6] [DEBUG][com.freerdp.channels.rdpgfx.client] - [rdpgfx_read_h264_metablock]: regionRects[0]: left: 0 top: 320 right: 64 bottom: 384
[18:00:00:869] [95171:000173f6] [DEBUG][com.freerdp.channels.rdpgfx.client] - [rdpgfx_read_h264_metablock]: regionRects[1]: left: 192 top: 320 right: 256 bottom: 384
[18:00:00:869] [95171:000173f6] [DEBUG][com.freerdp.channels.rdpgfx.client] - [rdpgfx_read_h264_metablock]: regionRects[2]: left: 0 top: 384 right: 64 bottom: 448
[18:00:00:869] [95171:000173f6] [DEBUG][com.freerdp.channels.rdpgfx.client] - [rdpgfx_read_h264_metablock]: regionRects[3]: left: 192 top: 384 right: 256 bottom: 448
[18:00:00:869] [95171:000173f6] [DEBUG][com.freerdp.channels.rdpgfx.client] - [rdpgfx_read_h264_metablock]: regionRects[4]: left: 0 top: 704 right: 64 bottom: 768
[18:00:00:869] [95171:000173f6] [DEBUG][com.freerdp.channels.rdpgfx.client] - [rdpgfx_read_h264_metablock]: regionRects[5]: left: 192 top: 704 right: 256 bottom: 768
[18:00:00:869] [95171:000173f6] [DEBUG][com.freerdp.channels.rdpgfx.client] - [rdpgfx_read_h264_metablock]: regionRects[6]: left: 0 top: 768 right: 64 bottom: 800
[18:00:00:870] [95171:000173f6] [DEBUG][com.freerdp.channels.rdpgfx.client] - [rdpgfx_read_h264_metablock]: regionRects[7]: left: 64 top: 768 right: 128 bottom: 800
[18:00:00:870] [95171:000173f6] [DEBUG][com.freerdp.channels.rdpgfx.client] - [rdpgfx_read_h264_metablock]: regionRects[8]: left: 128 top: 768 right: 192 bottom: 800
[18:00:00:870] [95171:000173f6] [DEBUG][com.freerdp.channels.rdpgfx.client] - [rdpgfx_read_h264_metablock]: regionRects[9]: left: 192 top: 768 right: 256 bottom: 800
[18:00:00:870] [95171:000173f6] [DEBUG][com.freerdp.channels.rdpgfx.client] - [rdpgfx_read_h264_metablock]: quantQualityVals[0]: qp: 0 r: 0 p: 0 qualityVal: 100
[18:00:00:870] [95171:000173f6] [DEBUG][com.freerdp.channels.rdpgfx.client] - [rdpgfx_read_h264_metablock]: quantQualityVals[1]: qp: 0 r: 0 p: 0 qualityVal: 100
[18:00:00:870] [95171:000173f6] [DEBUG][com.freerdp.channels.rdpgfx.client] - [rdpgfx_read_h264_metablock]: quantQualityVals[2]: qp: 0 r: 0 p: 0 qualityVal: 100
[18:00:00:870] [95171:000173f6] [DEBUG][com.freerdp.channels.rdpgfx.client] - [rdpgfx_read_h264_metablock]: quantQualityVals[3]: qp: 0 r: 0 p: 0 qualityVal: 100
[18:00:00:870] [95171:000173f6] [DEBUG][com.freerdp.channels.rdpgfx.client] - [rdpgfx_read_h264_metablock]: quantQualityVals[4]: qp: 0 r: 0 p: 0 qualityVal: 100
[18:00:00:870] [95171:000173f6] [DEBUG][com.freerdp.channels.rdpgfx.client] - [rdpgfx_read_h264_metablock]: quantQualityVals[5]: qp: 0 r: 0 p: 0 qualityVal: 100
[18:00:00:870] [95171:000173f6] [DEBUG][com.freerdp.channels.rdpgfx.client] - [rdpgfx_read_h264_metablock]: quantQualityVals[6]: qp: 0 r: 0 p: 0 qualityVal: 100
[18:00:00:870] [95171:000173f6] [DEBUG][com.freerdp.channels.rdpgfx.client] - [rdpgfx_read_h264_metablock]: quantQualityVals[7]: qp: 0 r: 0 p: 0 qualityVal: 100
[18:00:00:870] [95171:000173f6] [DEBUG][com.freerdp.channels.rdpgfx.client] - [rdpgfx_read_h264_metablock]: quantQualityVals[8]: qp: 0 r: 0 p: 0 qualityVal: 100
[18:00:00:870] [95171:000173f6] [DEBUG][com.freerdp.channels.rdpgfx.client] - [rdpgfx_read_h264_metablock]: quantQualityVals[9]: qp: 0 r: 0 p: 0 qualityVal: 100
[18:00:00:898] [95171:000173f6] [DEBUG][com.freerdp.channels.rdpgfx.client] - [rdpgfx_read_h264_metablock]: H264_METABLOCK: numRegionRects: 10
[18:00:00:898] [95171:000173f6] [DEBUG][com.freerdp.channels.rdpgfx.client] - [rdpgfx_read_h264_metablock]: regionRects[0]: left: 0 top: 320 right: 64 bottom: 384
[18:00:00:898] [95171:000173f6] [DEBUG][com.freerdp.channels.rdpgfx.client] - [rdpgfx_read_h264_metablock]: regionRects[1]: left: 192 top: 320 right: 256 bottom: 384
[18:00:00:898] [95171:000173f6] [DEBUG][com.freerdp.channels.rdpgfx.client] - [rdpgfx_read_h264_metablock]: regionRects[2]: left: 0 top: 384 right: 64 bottom: 448
[18:00:00:898] [95171:000173f6] [DEBUG][com.freerdp.channels.rdpgfx.client] - [rdpgfx_read_h264_metablock]: regionRects[3]: left: 192 top: 384 right: 256 bottom: 448
[18:00:00:898] [95171:000173f6] [DEBUG][com.freerdp.channels.rdpgfx.client] - [rdpgfx_read_h264_metablock]: regionRects[4]: left: 0 top: 704 right: 64 bottom: 768
[18:00:00:898] [95171:000173f6] [DEBUG][com.freerdp.channels.rdpgfx.client] - [rdpgfx_read_h264_metablock]: regionRects[5]: left: 192 top: 704 right: 256 bottom: 768
[18:00:00:898] [95171:000173f6] [DEBUG][com.freerdp.channels.rdpgfx.client] - [rdpgfx_read_h264_metablock]: regionRects[6]: left: 0 top: 768 right: 64 bottom: 800
[18:00:00:898] [95171:000173f6] [DEBUG][com.freerdp.channels.rdpgfx.client] - [rdpgfx_read_h264_metablock]: regionRects[7]: left: 64 top: 768 right: 128 bottom: 800
[18:00:00:898] [95171:000173f6] [DEBUG][com.freerdp.channels.rdpgfx.client] - [rdpgfx_read_h264_metablock]: regionRects[8]: left: 128 top: 768 right: 192 bottom: 800
[18:00:00:898] [95171:000173f6] [DEBUG][com.freerdp.channels.rdpgfx.client] - [rdpgfx_read_h264_metablock]: regionRects[9]: left: 192 top: 768 right: 256 bottom: 800
[18:00:00:898] [95171:000173f6] [DEBUG][com.freerdp.channels.rdpgfx.client] - [rdpgfx_read_h264_metablock]: quantQualityVals[0]: qp: 0 r: 0 p: 0 qualityVal: 100
[18:00:00:898] [95171:000173f6] [DEBUG][com.freerdp.channels.rdpgfx.client] - [rdpgfx_read_h264_metablock]: quantQualityVals[1]: qp: 0 r: 0 p: 0 qualityVal: 100
[18:00:00:898] [95171:000173f6] [DEBUG][com.freerdp.channels.rdpgfx.client] - [rdpgfx_read_h264_metablock]: quantQualityVals[2]: qp: 0 r: 0 p: 0 qualityVal: 100
[18:00:00:898] [95171:000173f6] [DEBUG][com.freerdp.channels.rdpgfx.client] - [rdpgfx_read_h264_metablock]: quantQualityVals[3]: qp: 0 r: 0 p: 0 qualityVal: 100
[18:00:00:898] [95171:000173f6] [DEBUG][com.freerdp.channels.rdpgfx.client] - [rdpgfx_read_h264_metablock]: quantQualityVals[4]: qp: 0 r: 0 p: 0 qualityVal: 100
[18:00:00:898] [95171:000173f6] [DEBUG][com.freerdp.channels.rdpgfx.client] - [rdpgfx_read_h264_metablock]: quantQualityVals[5]: qp: 0 r: 0 p: 0 qualityVal: 100
[18:00:00:898] [95171:000173f6] [DEBUG][com.freerdp.channels.rdpgfx.client] - [rdpgfx_read_h264_metablock]: quantQualityVals[6]: qp: 0 r: 0 p: 0 qualityVal: 100
[18:00:00:898] [95171:000173f6] [DEBUG][com.freerdp.channels.rdpgfx.client] - [rdpgfx_read_h264_metablock]: quantQualityVals[7]: qp: 0 r: 0 p: 0 qualityVal: 100
[18:00:00:898] [95171:000173f6] [DEBUG][com.freerdp.channels.rdpgfx.client] - [rdpgfx_read_h264_metablock]: quantQualityVals[8]: qp: 0 r: 0 p: 0 qualityVal: 100
[18:00:00:898] [95171:000173f6] [DEBUG][com.freerdp.channels.rdpgfx.client] - [rdpgfx_read_h264_metablock]: quantQualityVals[9]: qp: 0 r: 0 p: 0 qualityVal: 100
[18:00:00:965] [95171:000173f6] [DEBUG][com.freerdp.channels.rdpgfx.client] - [rdpgfx_read_h264_metablock]: H264_METABLOCK: numRegionRects: 10
[18:00:00:965] [95171:000173f6] [DEBUG][com.freerdp.channels.rdpgfx.client] - [rdpgfx_read_h264_metablock]: regionRects[0]: left: 0 top: 320 right: 64 bottom: 384
[18:00:00:965] [95171:000173f6] [DEBUG][com.freerdp.channels.rdpgfx.client] - [rdpgfx_read_h264_metablock]: regionRects[1]: left: 192 top: 320 right: 256 bottom: 384
[18:00:00:965] [95171:000173f6] [DEBUG][com.freerdp.channels.rdpgfx.client] - [rdpgfx_read_h264_metablock]: regionRects[2]: left: 0 top: 384 right: 64 bottom: 448
[18:00:00:965] [95171:000173f6] [DEBUG][com.freerdp.channels.rdpgfx.client] - [rdpgfx_read_h264_metablock]: regionRects[3]: left: 192 top: 384 right: 256 bottom: 448
[18:00:00:965] [95171:000173f6] [DEBUG][com.freerdp.channels.rdpgfx.client] - [rdpgfx_read_h264_metablock]: regionRects[4]: left: 0 top: 704 right: 64 bottom: 768
[18:00:00:965] [95171:000173f6] [DEBUG][com.freerdp.channels.rdpgfx.client] - [rdpgfx_read_h264_metablock]: regionRects[5]: left: 192 top: 704 right: 256 bottom: 768
[18:00:00:965] [95171:000173f6] [DEBUG][com.freerdp.channels.rdpgfx.client] - [rdpgfx_read_h264_metablock]: regionRects[6]: left: 0 top: 768 right: 64 bottom: 800
[18:00:00:965] [95171:000173f6] [DEBUG][com.freerdp.channels.rdpgfx.client] - [rdpgfx_read_h264_metablock]: regionRects[7]: left: 64 top: 768 right: 128 bottom: 800
[18:00:00:965] [95171:000173f6] [DEBUG][com.freerdp.channels.rdpgfx.client] - [rdpgfx_read_h264_metablock]: regionRects[8]: left: 128 top: 768 right: 192 bottom: 800
[18:00:00:965] [95171:000173f6] [DEBUG][com.freerdp.channels.rdpgfx.client] - [rdpgfx_read_h264_metablock]: regionRects[9]: left: 192 top: 768 right: 256 bottom: 800
[18:00:00:965] [95171:000173f6] [DEBUG][com.freerdp.channels.rdpgfx.client] - [rdpgfx_read_h264_metablock]: quantQualityVals[0]: qp: 0 r: 0 p: 0 qualityVal: 100
[18:00:00:965] [95171:000173f6] [DEBUG][com.freerdp.channels.rdpgfx.client] - [rdpgfx_read_h264_metablock]: quantQualityVals[1]: qp: 0 r: 0 p: 0 qualityVal: 100
[18:00:00:965] [95171:000173f6] [DEBUG][com.freerdp.channels.rdpgfx.client] - [rdpgfx_read_h264_metablock]: quantQualityVals[2]: qp: 0 r: 0 p: 0 qualityVal: 100
[18:00:00:965] [95171:000173f6] [DEBUG][com.freerdp.channels.rdpgfx.client] - [rdpgfx_read_h264_metablock]: quantQualityVals[3]: qp: 0 r: 0 p: 0 qualityVal: 100
[18:00:00:965] [95171:000173f6] [DEBUG][com.freerdp.channels.rdpgfx.client] - [rdpgfx_read_h264_metablock]: quantQualityVals[4]: qp: 0 r: 0 p: 0 qualityVal: 100
[18:00:00:965] [95171:000173f6] [DEBUG][com.freerdp.channels.rdpgfx.client] - [rdpgfx_read_h264_metablock]: quantQualityVals[5]: qp: 0 r: 0 p: 0 qualityVal: 100
[18:00:00:965] [95171:000173f6] [DEBUG][com.freerdp.channels.rdpgfx.client] - [rdpgfx_read_h264_metablock]: quantQualityVals[6]: qp: 0 r: 0 p: 0 qualityVal: 100
[18:00:00:965] [95171:000173f6] [DEBUG][com.freerdp.channels.rdpgfx.client] - [rdpgfx_read_h264_metablock]: quantQualityVals[7]: qp: 0 r: 0 p: 0 qualityVal: 100
[18:00:00:965] [95171:000173f6] [DEBUG][com.freerdp.channels.rdpgfx.client] - [rdpgfx_read_h264_metablock]: quantQualityVals[8]: qp: 0 r: 0 p: 0 qualityVal: 100
[18:00:00:965] [95171:000173f6] [DEBUG][com.freerdp.channels.rdpgfx.client] - [rdpgfx_read_h264_metablock]: quantQualityVals[9]: qp: 0 r: 0 p: 0 qualityVal: 100
[18:00:00:998] [95171:000173f6] [DEBUG][com.freerdp.channels.rdpgfx.client] - [rdpgfx_read_h264_metablock]: H264_METABLOCK: numRegionRects: 10
[18:00:00:998] [95171:000173f6] [DEBUG][com.freerdp.channels.rdpgfx.client] - [rdpgfx_read_h264_metablock]: regionRects[0]: left: 0 top: 320 right: 64 bottom: 384
[18:00:00:998] [95171:000173f6] [DEBUG][com.freerdp.channels.rdpgfx.client] - [rdpgfx_read_h264_metablock]: regionRects[1]: left: 192 top: 320 right: 256 bottom: 384
[18:00:00:998] [95171:000173f6] [DEBUG][com.freerdp.channels.rdpgfx.client] - [rdpgfx_read_h264_metablock]: regionRects[2]: left: 0 top: 384 right: 64 bottom: 448
[18:00:00:998] [95171:000173f6] [DEBUG][com.freerdp.channels.rdpgfx.client] - [rdpgfx_read_h264_metablock]: regionRects[3]: left: 192 top: 384 right: 256 bottom: 448
[18:00:00:998] [95171:000173f6] [DEBUG][com.freerdp.channels.rdpgfx.client] - [rdpgfx_read_h264_metablock]: regionRects[4]: left: 0 top: 704 right: 64 bottom: 768
[18:00:00:998] [95171:000173f6] [DEBUG][com.freerdp.channels.rdpgfx.client] - [rdpgfx_read_h264_metablock]: regionRects[5]: left: 192 top: 704 right: 256 bottom: 768
[18:00:00:998] [95171:000173f6] [DEBUG][com.freerdp.channels.rdpgfx.client] - [rdpgfx_read_h264_metablock]: regionRects[6]: left: 0 top: 768 right: 64 bottom: 800
[18:00:00:998] [95171:000173f6] [DEBUG][com.freerdp.channels.rdpgfx.client] - [rdpgfx_read_h264_metablock]: regionRects[7]: left: 64 top: 768 right: 128 bottom: 800
[18:00:00:998] [95171:000173f6] [DEBUG][com.freerdp.channels.rdpgfx.client] - [rdpgfx_read_h264_metablock]: regionRects[8]: left: 128 top: 768 right: 192 bottom: 800
[18:00:00:998] [95171:000173f6] [DEBUG][com.freerdp.channels.rdpgfx.client] - [rdpgfx_read_h264_metablock]: regionRects[9]: left: 192 top: 768 right: 256 bottom: 800
[18:00:00:998] [95171:000173f6] [DEBUG][com.freerdp.channels.rdpgfx.client] - [rdpgfx_read_h264_metablock]: quantQualityVals[0]: qp: 0 r: 0 p: 0 qualityVal: 100
[18:00:00:998] [95171:000173f6] [DEBUG][com.freerdp.channels.rdpgfx.client] - [rdpgfx_read_h264_metablock]: quantQualityVals[1]: qp: 0 r: 0 p: 0 qualityVal: 100
[18:00:00:998] [95171:000173f6] [DEBUG][com.freerdp.channels.rdpgfx.client] - [rdpgfx_read_h264_metablock]: quantQualityVals[2]: qp: 0 r: 0 p: 0 qualityVal: 100
[18:00:00:998] [95171:000173f6] [DEBUG][com.freerdp.channels.rdpgfx.client] - [rdpgfx_read_h264_metablock]: quantQualityVals[3]: qp: 0 r: 0 p: 0 qualityVal: 100
[18:00:00:998] [95171:000173f6] [DEBUG][com.freerdp.channels.rdpgfx.client] - [rdpgfx_read_h264_metablock]: quantQualityVals[4]: qp: 0 r: 0 p: 0 qualityVal: 100
[18:00:00:998] [95171:000173f6] [DEBUG][com.freerdp.channels.rdpgfx.client] - [rdpgfx_read_h264_metablock]: quantQualityVals[5]: qp: 0 r: 0 p: 0 qualityVal: 100
[18:00:00:998] [95171:000173f6] [DEBUG][com.freerdp.channels.rdpgfx.client] - [rdpgfx_read_h264_metablock]: quantQualityVals[6]: qp: 0 r: 0 p: 0 qualityVal: 100
[18:00:00:998] [95171:000173f6] [DEBUG][com.freerdp.channels.rdpgfx.client] - [rdpgfx_read_h264_metablock]: quantQualityVals[7]: qp: 0 r: 0 p: 0 qualityVal: 100
[18:00:00:998] [95171:000173f6] [DEBUG][com.freerdp.channels.rdpgfx.client] - [rdpgfx_read_h264_metablock]: quantQualityVals[8]: qp: 0 r: 0 p: 0 qualityVal: 100
[18:00:00:998] [95171:000173f6] [DEBUG][com.freerdp.channels.rdpgfx.client] - [rdpgfx_read_h264_metablock]: quantQualityVals[9]: qp: 0 r: 0 p: 0 qualityVal: 100
[18:00:01:097] [95171:000173f6] [DEBUG][com.freerdp.channels.rdpgfx.client] - [rdpgfx_read_h264_metablock]: H264_METABLOCK: numRegionRects: 4
[18:00:01:097] [95171:000173f6] [DEBUG][com.freerdp.channels.rdpgfx.client] - [rdpgfx_read_h264_metablock]: regionRects[0]: left: 0 top: 320 right: 64 bottom: 384
[18:00:01:097] [95171:000173f6] [DEBUG][com.freerdp.channels.rdpgfx.client] - [rdpgfx_read_h264_metablock]: regionRects[1]: left: 0 top: 384 right: 64 bottom: 448
[18:00:01:097] [95171:000173f6] [DEBUG][com.freerdp.channels.rdpgfx.client] - [rdpgfx_read_h264_metablock]: regionRects[2]: left: 0 top: 704 right: 64 bottom: 768
[18:00:01:097] [95171:000173f6] [DEBUG][com.freerdp.channels.rdpgfx.client] - [rdpgfx_read_h264_metablock]: regionRects[3]: left: 0 top: 768 right: 64 bottom: 800
[18:00:01:097] [95171:000173f6] [DEBUG][com.freerdp.channels.rdpgfx.client] - [rdpgfx_read_h264_metablock]: quantQualityVals[0]: qp: 0 r: 0 p: 0 qualityVal: 100
[18:00:01:097] [95171:000173f6] [DEBUG][com.freerdp.channels.rdpgfx.client] - [rdpgfx_read_h264_metablock]: quantQualityVals[1]: qp: 0 r: 0 p: 0 qualityVal: 100
[18:00:01:097] [95171:000173f6] [DEBUG][com.freerdp.channels.rdpgfx.client] - [rdpgfx_read_h264_metablock]: quantQualityVals[2]: qp: 0 r: 0 p: 0 qualityVal: 100
[18:00:01:097] [95171:000173f6] [DEBUG][com.freerdp.channels.rdpgfx.client] - [rdpgfx_read_h264_metablock]: quantQualityVals[3]: qp: 0 r: 0 p: 0 qualityVal: 100
[18:00:01:131] [95171:000173f6] [DEBUG][com.freerdp.channels.rdpgfx.client] - [rdpgfx_read_h264_metablock]: H264_METABLOCK: numRegionRects: 4
[18:00:01:131] [95171:000173f6] [DEBUG][com.freerdp.channels.rdpgfx.client] - [rdpgfx_read_h264_metablock]: regionRects[0]: left: 0 top: 768 right: 64 bottom: 800
[18:00:01:131] [95171:000173f6] [DEBUG][com.freerdp.channels.rdpgfx.client] - [rdpgfx_read_h264_metablock]: regionRects[1]: left: 64 top: 768 right: 128 bottom: 800
[18:00:01:131] [95171:000173f6] [DEBUG][com.freerdp.channels.rdpgfx.client] - [rdpgfx_read_h264_metablock]: regionRects[2]: left: 128 top: 768 right: 192 bottom: 800
[18:00:01:131] [95171:000173f6] [DEBUG][com.freerdp.channels.rdpgfx.client] - [rdpgfx_read_h264_metablock]: regionRects[3]: left: 192 top: 768 right: 256 bottom: 800
[18:00:01:131] [95171:000173f6] [DEBUG][com.freerdp.channels.rdpgfx.client] - [rdpgfx_read_h264_metablock]: quantQualityVals[0]: qp: 0 r: 0 p: 0 qualityVal: 100
[18:00:01:131] [95171:000173f6] [DEBUG][com.freerdp.channels.rdpgfx.client] - [rdpgfx_read_h264_metablock]: quantQualityVals[1]: qp: 0 r: 0 p: 0 qualityVal: 100
[18:00:01:131] [95171:000173f6] [DEBUG][com.freerdp.channels.rdpgfx.client] - [rdpgfx_read_h264_metablock]: quantQualityVals[2]: qp: 0 r: 0 p: 0 qualityVal: 100
[18:00:01:131] [95171:000173f6] [DEBUG][com.freerdp.channels.rdpgfx.client] - [rdpgfx_read_h264_metablock]: quantQualityVals[3]: qp: 0 r: 0 p: 0 qualityVal: 100
[18:00:01:162] [95171:000173f6] [DEBUG][com.freerdp.channels.rdpgfx.client] - [rdpgfx_read_h264_metablock]: H264_METABLOCK: numRegionRects: 4
[18:00:01:162] [95171:000173f6] [DEBUG][com.freerdp.channels.rdpgfx.client] - [rdpgfx_read_h264_metablock]: regionRects[0]: left: 0 top: 768 right: 64 bottom: 800
[18:00:01:162] [95171:000173f6] [DEBUG][com.freerdp.channels.rdpgfx.client] - [rdpgfx_read_h264_metablock]: regionRects[1]: left: 64 top: 768 right: 128 bottom: 800
[18:00:01:162] [95171:000173f6] [DEBUG][com.freerdp.channels.rdpgfx.client] - [rdpgfx_read_h264_metablock]: regionRects[2]: left: 128 top: 768 right: 192 bottom: 800
[18:00:01:162] [95171:000173f6] [DEBUG][com.freerdp.channels.rdpgfx.client] - [rdpgfx_read_h264_metablock]: regionRects[3]: left: 192 top: 768 right: 256 bottom: 800
[18:00:01:162] [95171:000173f6] [DEBUG][com.freerdp.channels.rdpgfx.client] - [rdpgfx_read_h264_metablock]: quantQualityVals[0]: qp: 0 r: 0 p: 0 qualityVal: 100
[18:00:01:162] [95171:000173f6] [DEBUG][com.freerdp.channels.rdpgfx.client] - [rdpgfx_read_h264_metablock]: quantQualityVals[1]: qp: 0 r: 0 p: 0 qualityVal: 100
[18:00:01:162] [95171:000173f6] [DEBUG][com.freerdp.channels.rdpgfx.client] - [rdpgfx_read_h264_metablock]: quantQualityVals[2]: qp: 0 r: 0 p: 0 qualityVal: 100
[18:00:01:162] [95171:000173f6] [DEBUG][com.freerdp.channels.rdpgfx.client] - [rdpgfx_read_h264_metablock]: quantQualityVals[3]: qp: 0 r: 0 p: 0 qualityVal: 100
[18:00:01:228] [95171:000173f6] [DEBUG][com.freerdp.channels.rdpgfx.client] - [rdpgfx_read_h264_metablock]: H264_METABLOCK: numRegionRects: 1
[18:00:01:228] [95171:000173f6] [DEBUG][com.freerdp.channels.rdpgfx.client] - [rdpgfx_read_h264_metablock]: regionRects[0]: left: 0 top: 768 right: 64 bottom: 800
[18:00:01:228] [95171:000173f6] [DEBUG][com.freerdp.channels.rdpgfx.client] - [rdpgfx_read_h264_metablock]: quantQualityVals[0]: qp: 0 r: 0 p: 0 qualityVal: 100
[18:00:01:262] [95171:000173f6] [DEBUG][com.freerdp.channels.rdpgfx.client] - [rdpgfx_read_h264_metablock]: H264_METABLOCK: numRegionRects: 4
[18:00:01:262] [95171:000173f6] [DEBUG][com.freerdp.channels.rdpgfx.client] - [rdpgfx_read_h264_metablock]: regionRects[0]: left: 0 top: 768 right: 64 bottom: 800
[18:00:01:262] [95171:000173f6] [DEBUG][com.freerdp.channels.rdpgfx.client] - [rdpgfx_read_h264_metablock]: regionRects[1]: left: 64 top: 768 right: 128 bottom: 800
[18:00:01:262] [95171:000173f6] [DEBUG][com.freerdp.channels.rdpgfx.client] - [rdpgfx_read_h264_metablock]: regionRects[2]: left: 128 top: 768 right: 192 bottom: 800
[18:00:01:262] [95171:000173f6] [DEBUG][com.freerdp.channels.rdpgfx.client] - [rdpgfx_read_h264_metablock]: regionRects[3]: left: 192 top: 768 right: 256 bottom: 800
[18:00:01:262] [95171:000173f6] [DEBUG][com.freerdp.channels.rdpgfx.client] - [rdpgfx_read_h264_metablock]: quantQualityVals[0]: qp: 0 r: 0 p: 0 qualityVal: 100
[18:00:01:262] [95171:000173f6] [DEBUG][com.freerdp.channels.rdpgfx.client] - [rdpgfx_read_h264_metablock]: quantQualityVals[1]: qp: 0 r: 0 p: 0 qualityVal: 100
[18:00:01:262] [95171:000173f6] [DEBUG][com.freerdp.channels.rdpgfx.client] - [rdpgfx_read_h264_metablock]: quantQualityVals[2]: qp: 0 r: 0 p: 0 qualityVal: 100
[18:00:01:262] [95171:000173f6] [DEBUG][com.freerdp.channels.rdpgfx.client] - [rdpgfx_read_h264_metablock]: quantQualityVals[3]: qp: 0 r: 0 p: 0 qualityVal: 100
[18:00:01:295] [95171:000173f6] [DEBUG][com.freerdp.channels.rdpgfx.client] - [rdpgfx_read_h264_metablock]: H264_METABLOCK: numRegionRects: 4
[18:00:01:295] [95171:000173f6] [DEBUG][com.freerdp.channels.rdpgfx.client] - [rdpgfx_read_h264_metablock]: regionRects[0]: left: 0 top: 768 right: 64 bottom: 800
[18:00:01:295] [95171:000173f6] [DEBUG][com.freerdp.channels.rdpgfx.client] - [rdpgfx_read_h264_metablock]: regionRects[1]: left: 64 top: 768 right: 128 bottom: 800
[18:00:01:295] [95171:000173f6] [DEBUG][com.freerdp.channels.rdpgfx.client] - [rdpgfx_read_h264_metablock]: regionRects[2]: left: 128 top: 768 right: 192 bottom: 800
[18:00:01:295] [95171:000173f6] [DEBUG][com.freerdp.channels.rdpgfx.client] - [rdpgfx_read_h264_metablock]: regionRects[3]: left: 192 top: 768 right: 256 bottom: 800
[18:00:01:295] [95171:000173f6] [DEBUG][com.freerdp.channels.rdpgfx.client] - [rdpgfx_read_h264_metablock]: quantQualityVals[0]: qp: 0 r: 0 p: 0 qualityVal: 100
[18:00:01:295] [95171:000173f6] [DEBUG][com.freerdp.channels.rdpgfx.client] - [rdpgfx_read_h264_metablock]: quantQualityVals[1]: qp: 0 r: 0 p: 0 qualityVal: 100
[18:00:01:295] [95171:000173f6] [DEBUG][com.freerdp.channels.rdpgfx.client] - [rdpgfx_read_h264_metablock]: quantQualityVals[2]: qp: 0 r: 0 p: 0 qualityVal: 100
[18:00:01:295] [95171:000173f6] [DEBUG][com.freerdp.channels.rdpgfx.client] - [rdpgfx_read_h264_metablock]: quantQualityVals[3]: qp: 0 r: 0 p: 0 qualityVal: 100
[18:00:01:432] [95171:000173f6] [DEBUG][com.freerdp.channels.rdpgfx.client] - [rdpgfx_read_h264_metablock]: H264_METABLOCK: numRegionRects: 4
[18:00:01:432] [95171:000173f6] [DEBUG][com.freerdp.channels.rdpgfx.client] - [rdpgfx_read_h264_metablock]: regionRects[0]: left: 0 top: 768 right: 64 bottom: 800
[18:00:01:432] [95171:000173f6] [DEBUG][com.freerdp.channels.rdpgfx.client] - [rdpgfx_read_h264_metablock]: regionRects[1]: left: 64 top: 768 right: 128 bottom: 800
[18:00:01:432] [95171:000173f6] [DEBUG][com.freerdp.channels.rdpgfx.client] - [rdpgfx_read_h264_metablock]: regionRects[2]: left: 128 top: 768 right: 192 bottom: 800
[18:00:01:432] [95171:000173f6] [DEBUG][com.freerdp.channels.rdpgfx.client] - [rdpgfx_read_h264_metablock]: regionRects[3]: left: 192 top: 768 right: 256 bottom: 800
[18:00:01:432] [95171:000173f6] [DEBUG][com.freerdp.channels.rdpgfx.client] - [rdpgfx_read_h264_metablock]: quantQualityVals[0]: qp: 0 r: 0 p: 0 qualityVal: 100
[18:00:01:432] [95171:000173f6] [DEBUG][com.freerdp.channels.rdpgfx.client] - [rdpgfx_read_h264_metablock]: quantQualityVals[1]: qp: 0 r: 0 p: 0 qualityVal: 100
[18:00:01:432] [95171:000173f6] [DEBUG][com.freerdp.channels.rdpgfx.client] - [rdpgfx_read_h264_metablock]: quantQualityVals[2]: qp: 0 r: 0 p: 0 qualityVal: 100
[18:00:01:432] [95171:000173f6] [DEBUG][com.freerdp.channels.rdpgfx.client] - [rdpgfx_read_h264_metablock]: quantQualityVals[3]: qp: 0 r: 0 p: 0 qualityVal: 100
[18:00:01:462] [95171:000173f6] [DEBUG][com.freerdp.channels.rdpgfx.client] - [rdpgfx_read_h264_metablock]: H264_METABLOCK: numRegionRects: 4
[18:00:01:462] [95171:000173f6] [DEBUG][com.freerdp.channels.rdpgfx.client] - [rdpgfx_read_h264_metablock]: regionRects[0]: left: 0 top: 768 right: 64 bottom: 800
[18:00:01:462] [95171:000173f6] [DEBUG][com.freerdp.channels.rdpgfx.client] - [rdpgfx_read_h264_metablock]: regionRects[1]: left: 64 top: 768 right: 128 bottom: 800
[18:00:01:462] [95171:000173f6] [DEBUG][com.freerdp.channels.rdpgfx.client] - [rdpgfx_read_h264_metablock]: regionRects[2]: left: 128 top: 768 right: 192 bottom: 800
[18:00:01:462] [95171:000173f6] [DEBUG][com.freerdp.channels.rdpgfx.client] - [rdpgfx_read_h264_metablock]: regionRects[3]: left: 192 top: 768 right: 256 bottom: 800
[18:00:01:462] [95171:000173f6] [DEBUG][com.freerdp.channels.rdpgfx.client] - [rdpgfx_read_h264_metablock]: quantQualityVals[0]: qp: 0 r: 0 p: 0 qualityVal: 100
[18:00:01:462] [95171:000173f6] [DEBUG][com.freerdp.channels.rdpgfx.client] - [rdpgfx_read_h264_metablock]: quantQualityVals[1]: qp: 0 r: 0 p: 0 qualityVal: 100
[18:00:01:462] [95171:000173f6] [DEBUG][com.freerdp.channels.rdpgfx.client] - [rdpgfx_read_h264_metablock]: quantQualityVals[2]: qp: 0 r: 0 p: 0 qualityVal: 100
[18:00:01:462] [95171:000173f6] [DEBUG][com.freerdp.channels.rdpgfx.client] - [rdpgfx_read_h264_metablock]: quantQualityVals[3]: qp: 0 r: 0 p: 0 qualityVal: 100
[18:00:01:593] [95171:000173f6] [DEBUG][com.freerdp.channels.rdpgfx.client] - [rdpgfx_read_h264_metablock]: H264_METABLOCK: numRegionRects: 4
[18:00:01:593] [95171:000173f6] [DEBUG][com.freerdp.channels.rdpgfx.client] - [rdpgfx_read_h264_metablock]: regionRects[0]: left: 0 top: 768 right: 64 bottom: 800
[18:00:01:593] [95171:000173f6] [DEBUG][com.freerdp.channels.rdpgfx.client] - [rdpgfx_read_h264_metablock]: regionRects[1]: left: 64 top: 768 right: 128 bottom: 800
[18:00:01:593] [95171:000173f6] [DEBUG][com.freerdp.channels.rdpgfx.client] - [rdpgfx_read_h264_metablock]: regionRects[2]: left: 128 top: 768 right: 192 bottom: 800
[18:00:01:593] [95171:000173f6] [DEBUG][com.freerdp.channels.rdpgfx.client] - [rdpgfx_read_h264_metablock]: regionRects[3]: left: 192 top: 768 right: 256 bottom: 800
[18:00:01:593] [95171:000173f6] [DEBUG][com.freerdp.channels.rdpgfx.client] - [rdpgfx_read_h264_metablock]: quantQualityVals[0]: qp: 0 r: 0 p: 0 qualityVal: 100
[18:00:01:593] [95171:000173f6] [DEBUG][com.freerdp.channels.rdpgfx.client] - [rdpgfx_read_h264_metablock]: quantQualityVals[1]: qp: 0 r: 0 p: 0 qualityVal: 100
[18:00:01:593] [95171:000173f6] [DEBUG][com.freerdp.channels.rdpgfx.client] - [rdpgfx_read_h264_metablock]: quantQualityVals[2]: qp: 0 r: 0 p: 0 qualityVal: 100
[18:00:01:593] [95171:000173f6] [DEBUG][com.freerdp.channels.rdpgfx.client] - [rdpgfx_read_h264_metablock]: quantQualityVals[3]: qp: 0 r: 0 p: 0 qualityVal: 100
[18:00:01:661] [95171:000173f6] [DEBUG][com.freerdp.channels.rdpgfx.client] - [rdpgfx_read_h264_metablock]: H264_METABLOCK: numRegionRects: 4
[18:00:01:661] [95171:000173f6] [DEBUG][com.freerdp.channels.rdpgfx.client] - [rdpgfx_read_h264_metablock]: regionRects[0]: left: 0 top: 768 right: 64 bottom: 800
[18:00:01:661] [95171:000173f6] [DEBUG][com.freerdp.channels.rdpgfx.client] - [rdpgfx_read_h264_metablock]: regionRects[1]: left: 64 top: 768 right: 128 bottom: 800
[18:00:01:661] [95171:000173f6] [DEBUG][com.freerdp.channels.rdpgfx.client] - [rdpgfx_read_h264_metablock]: regionRects[2]: left: 128 top: 768 right: 192 bottom: 800
[18:00:01:661] [95171:000173f6] [DEBUG][com.freerdp.channels.rdpgfx.client] - [rdpgfx_read_h264_metablock]: regionRects[3]: left: 192 top: 768 right: 256 bottom: 800
[18:00:01:661] [95171:000173f6] [DEBUG][com.freerdp.channels.rdpgfx.client] - [rdpgfx_read_h264_metablock]: quantQualityVals[0]: qp: 0 r: 0 p: 0 qualityVal: 100
[18:00:01:661] [95171:000173f6] [DEBUG][com.freerdp.channels.rdpgfx.client] - [rdpgfx_read_h264_metablock]: quantQualityVals[1]: qp: 0 r: 0 p: 0 qualityVal: 100
[18:00:01:661] [95171:000173f6] [DEBUG][com.freerdp.channels.rdpgfx.client] - [rdpgfx_read_h264_metablock]: quantQualityVals[2]: qp: 0 r: 0 p: 0 qualityVal: 100
[18:00:01:661] [95171:000173f6] [DEBUG][com.freerdp.channels.rdpgfx.client] - [rdpgfx_read_h264_metablock]: quantQualityVals[3]: qp: 0 r: 0 p: 0 qualityVal: 100
[18:00:01:692] [95171:000173f6] [DEBUG][com.freerdp.channels.rdpgfx.client] - [rdpgfx_read_h264_metablock]: H264_METABLOCK: numRegionRects: 7
[18:00:01:692] [95171:000173f6] [DEBUG][com.freerdp.channels.rdpgfx.client] - [rdpgfx_read_h264_metablock]: regionRects[0]: left: 192 top: 320 right: 256 bottom: 384
[18:00:01:692] [95171:000173f6] [DEBUG][com.freerdp.channels.rdpgfx.client] - [rdpgfx_read_h264_metablock]: regionRects[1]: left: 192 top: 384 right: 256 bottom: 448
[18:00:01:692] [95171:000173f6] [DEBUG][com.freerdp.channels.rdpgfx.client] - [rdpgfx_read_h264_metablock]: regionRects[2]: left: 192 top: 704 right: 256 bottom: 768
[18:00:01:692] [95171:000173f6] [DEBUG][com.freerdp.channels.rdpgfx.client] - [rdpgfx_read_h264_metablock]: regionRects[3]: left: 0 top: 768 right: 64 bottom: 800
[18:00:01:693] [95171:000173f6] [DEBUG][com.freerdp.channels.rdpgfx.client] - [rdpgfx_read_h264_metablock]: regionRects[4]: left: 64 top: 768 right: 128 bottom: 800
[18:00:01:693] [95171:000173f6] [DEBUG][com.freerdp.channels.rdpgfx.client] - [rdpgfx_read_h264_metablock]: regionRects[5]: left: 128 top: 768 right: 192 bottom: 800
[18:00:01:693] [95171:000173f6] [DEBUG][com.freerdp.channels.rdpgfx.client] - [rdpgfx_read_h264_metablock]: regionRects[6]: left: 192 top: 768 right: 256 bottom: 800
[18:00:01:693] [95171:000173f6] [DEBUG][com.freerdp.channels.rdpgfx.client] - [rdpgfx_read_h264_metablock]: quantQualityVals[0]: qp: 0 r: 0 p: 0 qualityVal: 100
[18:00:01:693] [95171:000173f6] [DEBUG][com.freerdp.channels.rdpgfx.client] - [rdpgfx_read_h264_metablock]: quantQualityVals[1]: qp: 0 r: 0 p: 0 qualityVal: 100
[18:00:01:693] [95171:000173f6] [DEBUG][com.freerdp.channels.rdpgfx.client] - [rdpgfx_read_h264_metablock]: quantQualityVals[2]: qp: 0 r: 0 p: 0 qualityVal: 100
[18:00:01:693] [95171:000173f6] [DEBUG][com.freerdp.channels.rdpgfx.client] - [rdpgfx_read_h264_metablock]: quantQualityVals[3]: qp: 0 r: 0 p: 0 qualityVal: 100
[18:00:01:693] [95171:000173f6] [DEBUG][com.freerdp.channels.rdpgfx.client] - [rdpgfx_read_h264_metablock]: quantQualityVals[4]: qp: 0 r: 0 p: 0 qualityVal: 100
[18:00:01:693] [95171:000173f6] [DEBUG][com.freerdp.channels.rdpgfx.client] - [rdpgfx_read_h264_metablock]: quantQualityVals[5]: qp: 0 r: 0 p: 0 qualityVal: 100
[18:00:01:693] [95171:000173f6] [DEBUG][com.freerdp.channels.rdpgfx.client] - [rdpgfx_read_h264_metablock]: quantQualityVals[6]: qp: 0 r: 0 p: 0 qualityVal: 100
[18:00:01:829] [95171:000173f6] [DEBUG][com.freerdp.channels.rdpgfx.client] - [rdpgfx_read_h264_metablock]: H264_METABLOCK: numRegionRects: 10
[18:00:01:829] [95171:000173f6] [DEBUG][com.freerdp.channels.rdpgfx.client] - [rdpgfx_read_h264_metablock]: regionRects[0]: left: 0 top: 320 right: 64 bottom: 384
[18:00:01:829] [95171:000173f6] [DEBUG][com.freerdp.channels.rdpgfx.client] - [rdpgfx_read_h264_metablock]: regionRects[1]: left: 192 top: 320 right: 256 bottom: 384
[18:00:01:829] [95171:000173f6] [DEBUG][com.freerdp.channels.rdpgfx.client] - [rdpgfx_read_h264_metablock]: regionRects[2]: left: 0 top: 384 right: 64 bottom: 448
[18:00:01:829] [95171:000173f6] [DEBUG][com.freerdp.channels.rdpgfx.client] - [rdpgfx_read_h264_metablock]: regionRects[3]: left: 192 top: 384 right: 256 bottom: 448
[18:00:01:829] [95171:000173f6] [DEBUG][com.freerdp.channels.rdpgfx.client] - [rdpgfx_read_h264_metablock]: regionRects[4]: left: 0 top: 704 right: 64 bottom: 768
[18:00:01:829] [95171:000173f6] [DEBUG][com.freerdp.channels.rdpgfx.client] - [rdpgfx_read_h264_metablock]: regionRects[5]: left: 192 top: 704 right: 256 bottom: 768
[18:00:01:829] [95171:000173f6] [DEBUG][com.freerdp.channels.rdpgfx.client] - [rdpgfx_read_h264_metablock]: regionRects[6]: left: 0 top: 768 right: 64 bottom: 800
[18:00:01:829] [95171:000173f6] [DEBUG][com.freerdp.channels.rdpgfx.client] - [rdpgfx_read_h264_metablock]: regionRects[7]: left: 64 top: 768 right: 128 bottom: 800
[18:00:01:829] [95171:000173f6] [DEBUG][com.freerdp.channels.rdpgfx.client] - [rdpgfx_read_h264_metablock]: regionRects[8]: left: 128 top: 768 right: 192 bottom: 800
[18:00:01:829] [95171:000173f6] [DEBUG][com.freerdp.channels.rdpgfx.client] - [rdpgfx_read_h264_metablock]: regionRects[9]: left: 192 top: 768 right: 256 bottom: 800
[18:00:01:829] [95171:000173f6] [DEBUG][com.freerdp.channels.rdpgfx.client] - [rdpgfx_read_h264_metablock]: quantQualityVals[0]: qp: 0 r: 0 p: 0 qualityVal: 100
[18:00:01:829] [95171:000173f6] [DEBUG][com.freerdp.channels.rdpgfx.client] - [rdpgfx_read_h264_metablock]: quantQualityVals[1]: qp: 0 r: 0 p: 0 qualityVal: 100
[18:00:01:829] [95171:000173f6] [DEBUG][com.freerdp.channels.rdpgfx.client] - [rdpgfx_read_h264_metablock]: quantQualityVals[2]: qp: 0 r: 0 p: 0 qualityVal: 100
[18:00:01:829] [95171:000173f6] [DEBUG][com.freerdp.channels.rdpgfx.client] - [rdpgfx_read_h264_metablock]: quantQualityVals[3]: qp: 0 r: 0 p: 0 qualityVal: 100
[18:00:01:829] [95171:000173f6] [DEBUG][com.freerdp.channels.rdpgfx.client] - [rdpgfx_read_h264_metablock]: quantQualityVals[4]: qp: 0 r: 0 p: 0 qualityVal: 100
[18:00:01:829] [95171:000173f6] [DEBUG][com.freerdp.channels.rdpgfx.client] - [rdpgfx_read_h264_metablock]: quantQualityVals[5]: qp: 0 r: 0 p: 0 qualityVal: 100
[18:00:01:829] [95171:000173f6] [DEBUG][com.freerdp.channels.rdpgfx.client] - [rdpgfx_read_h264_metablock]: quantQualityVals[6]: qp: 0 r: 0 p: 0 qualityVal: 100
[18:00:01:829] [95171:000173f6] [DEBUG][com.freerdp.channels.rdpgfx.client] - [rdpgfx_read_h264_metablock]: quantQualityVals[7]: qp: 0 r: 0 p: 0 qualityVal: 100
[18:00:01:829] [95171:000173f6] [DEBUG][com.freerdp.channels.rdpgfx.client] - [rdpgfx_read_h264_metablock]: quantQualityVals[8]: qp: 0 r: 0 p: 0 qualityVal: 100
[18:00:01:829] [95171:000173f6] [DEBUG][com.freerdp.channels.rdpgfx.client] - [rdpgfx_read_h264_metablock]: quantQualityVals[9]: qp: 0 r: 0 p: 0 qualityVal: 100
[18:00:01:859] [95171:000173f6] [DEBUG][com.freerdp.channels.rdpgfx.client] - [rdpgfx_read_h264_metablock]: H264_METABLOCK: numRegionRects: 10
[18:00:01:859] [95171:000173f6] [DEBUG][com.freerdp.channels.rdpgfx.client] - [rdpgfx_read_h264_metablock]: regionRects[0]: left: 0 top: 320 right: 64 bottom: 384
[18:00:01:859] [95171:000173f6] [DEBUG][com.freerdp.channels.rdpgfx.client] - [rdpgfx_read_h264_metablock]: regionRects[1]: left: 192 top: 320 right: 256 bottom: 384
[18:00:01:859] [95171:000173f6] [DEBUG][com.freerdp.channels.rdpgfx.client] - [rdpgfx_read_h264_metablock]: regionRects[2]: left: 0 top: 384 right: 64 bottom: 448
[18:00:01:859] [95171:000173f6] [DEBUG][com.freerdp.channels.rdpgfx.client] - [rdpgfx_read_h264_metablock]: regionRects[3]: left: 192 top: 384 right: 256 bottom: 448
[18:00:01:859] [95171:000173f6] [DEBUG][com.freerdp.channels.rdpgfx.client] - [rdpgfx_read_h264_metablock]: regionRects[4]: left: 0 top: 704 right: 64 bottom: 768
[18:00:01:859] [95171:000173f6] [DEBUG][com.freerdp.channels.rdpgfx.client] - [rdpgfx_read_h264_metablock]: regionRects[5]: left: 192 top: 704 right: 256 bottom: 768
[18:00:01:859] [95171:000173f6] [DEBUG][com.freerdp.channels.rdpgfx.client] - [rdpgfx_read_h264_metablock]: regionRects[6]: left: 0 top: 768 right: 64 bottom: 800
[18:00:01:859] [95171:000173f6] [DEBUG][com.freerdp.channels.rdpgfx.client] - [rdpgfx_read_h264_metablock]: regionRects[7]: left: 64 top: 768 right: 128 bottom: 800
[18:00:01:859] [95171:000173f6] [DEBUG][com.freerdp.channels.rdpgfx.client] - [rdpgfx_read_h264_metablock]: regionRects[8]: left: 128 top: 768 right: 192 bottom: 800
[18:00:01:859] [95171:000173f6] [DEBUG][com.freerdp.channels.rdpgfx.client] - [rdpgfx_read_h264_metablock]: regionRects[9]: left: 192 top: 768 right: 256 bottom: 800
[18:00:01:859] [95171:000173f6] [DEBUG][com.freerdp.channels.rdpgfx.client] - [rdpgfx_read_h264_metablock]: quantQualityVals[0]: qp: 0 r: 0 p: 0 qualityVal: 100
[18:00:01:859] [95171:000173f6] [DEBUG][com.freerdp.channels.rdpgfx.client] - [rdpgfx_read_h264_metablock]: quantQualityVals[1]: qp: 0 r: 0 p: 0 qualityVal: 100
[18:00:01:859] [95171:000173f6] [DEBUG][com.freerdp.channels.rdpgfx.client] - [rdpgfx_read_h264_metablock]: quantQualityVals[2]: qp: 0 r: 0 p: 0 qualityVal: 100
[18:00:01:859] [95171:000173f6] [DEBUG][com.freerdp.channels.rdpgfx.client] - [rdpgfx_read_h264_metablock]: quantQualityVals[3]: qp: 0 r: 0 p: 0 qualityVal: 100
[18:00:01:859] [95171:000173f6] [DEBUG][com.freerdp.channels.rdpgfx.client] - [rdpgfx_read_h264_metablock]: quantQualityVals[4]: qp: 0 r: 0 p: 0 qualityVal: 100
[18:00:01:859] [95171:000173f6] [DEBUG][com.freerdp.channels.rdpgfx.client] - [rdpgfx_read_h264_metablock]: quantQualityVals[5]: qp: 0 r: 0 p: 0 qualityVal: 100
[18:00:01:859] [95171:000173f6] [DEBUG][com.freerdp.channels.rdpgfx.client] - [rdpgfx_read_h264_metablock]: quantQualityVals[6]: qp: 0 r: 0 p: 0 qualityVal: 100
[18:00:01:859] [95171:000173f6] [DEBUG][com.freerdp.channels.rdpgfx.client] - [rdpgfx_read_h264_metablock]: quantQualityVals[7]: qp: 0 r: 0 p: 0 qualityVal: 100
[18:00:01:859] [95171:000173f6] [DEBUG][com.freerdp.channels.rdpgfx.client] - [rdpgfx_read_h264_metablock]: quantQualityVals[8]: qp: 0 r: 0 p: 0 qualityVal: 100
[18:00:01:859] [95171:000173f6] [DEBUG][com.freerdp.channels.rdpgfx.client] - [rdpgfx_read_h264_metablock]: quantQualityVals[9]: qp: 0 r: 0 p: 0 qualityVal: 100
[18:00:01:957] [95171:000173f6] [DEBUG][com.freerdp.channels.rdpgfx.client] - [rdpgfx_read_h264_metablock]: H264_METABLOCK: numRegionRects: 10
[18:00:01:957] [95171:000173f6] [DEBUG][com.freerdp.channels.rdpgfx.client] - [rdpgfx_read_h264_metablock]: regionRects[0]: left: 0 top: 320 right: 64 bottom: 384
[18:00:01:957] [95171:000173f6] [DEBUG][com.freerdp.channels.rdpgfx.client] - [rdpgfx_read_h264_metablock]: regionRects[1]: left: 192 top: 320 right: 256 bottom: 384
[18:00:01:957] [95171:000173f6] [DEBUG][com.freerdp.channels.rdpgfx.client] - [rdpgfx_read_h264_metablock]: regionRects[2]: left: 0 top: 384 right: 64 bottom: 448
[18:00:01:957] [95171:000173f6] [DEBUG][com.freerdp.channels.rdpgfx.client] - [rdpgfx_read_h264_metablock]: regionRects[3]: left: 192 top: 384 right: 256 bottom: 448
[18:00:01:957] [95171:000173f6] [DEBUG][com.freerdp.channels.rdpgfx.client] - [rdpgfx_read_h264_metablock]: regionRects[4]: left: 0 top: 704 right: 64 bottom: 768
[18:00:01:957] [95171:000173f6] [DEBUG][com.freerdp.channels.rdpgfx.client] - [rdpgfx_read_h264_metablock]: regionRects[5]: left: 192 top: 704 right: 256 bottom: 768
[18:00:01:957] [95171:000173f6] [DEBUG][com.freerdp.channels.rdpgfx.client] - [rdpgfx_read_h264_metablock]: regionRects[6]: left: 0 top: 768 right: 64 bottom: 800
[18:00:01:957] [95171:000173f6] [DEBUG][com.freerdp.channels.rdpgfx.client] - [rdpgfx_read_h264_metablock]: regionRects[7]: left: 64 top: 768 right: 128 bottom: 800
[18:00:01:957] [95171:000173f6] [DEBUG][com.freerdp.channels.rdpgfx.client] - [rdpgfx_read_h264_metablock]: regionRects[8]: left: 128 top: 768 right: 192 bottom: 800
[18:00:01:957] [95171:000173f6] [DEBUG][com.freerdp.channels.rdpgfx.client] - [rdpgfx_read_h264_metablock]: regionRects[9]: left: 192 top: 768 right: 256 bottom: 800
[18:00:01:957] [95171:000173f6] [DEBUG][com.freerdp.channels.rdpgfx.client] - [rdpgfx_read_h264_metablock]: quantQualityVals[0]: qp: 0 r: 0 p: 0 qualityVal: 100
[18:00:01:957] [95171:000173f6] [DEBUG][com.freerdp.channels.rdpgfx.client] - [rdpgfx_read_h264_metablock]: quantQualityVals[1]: qp: 0 r: 0 p: 0 qualityVal: 100
[18:00:01:957] [95171:000173f6] [DEBUG][com.freerdp.channels.rdpgfx.client] - [rdpgfx_read_h264_metablock]: quantQualityVals[2]: qp: 0 r: 0 p: 0 qualityVal: 100
[18:00:01:957] [95171:000173f6] [DEBUG][com.freerdp.channels.rdpgfx.client] - [rdpgfx_read_h264_metablock]: quantQualityVals[3]: qp: 0 r: 0 p: 0 qualityVal: 100
[18:00:01:957] [95171:000173f6] [DEBUG][com.freerdp.channels.rdpgfx.client] - [rdpgfx_read_h264_metablock]: quantQualityVals[4]: qp: 0 r: 0 p: 0 qualityVal: 100
[18:00:01:957] [95171:000173f6] [DEBUG][com.freerdp.channels.rdpgfx.client] - [rdpgfx_read_h264_metablock]: quantQualityVals[5]: qp: 0 r: 0 p: 0 qualityVal: 100
[18:00:01:957] [95171:000173f6] [DEBUG][com.freerdp.channels.rdpgfx.client] - [rdpgfx_read_h264_metablock]: quantQualityVals[6]: qp: 0 r: 0 p: 0 qualityVal: 100
[18:00:01:957] [95171:000173f6] [DEBUG][com.freerdp.channels.rdpgfx.client] - [rdpgfx_read_h264_metablock]: quantQualityVals[7]: qp: 0 r: 0 p: 0 qualityVal: 100
[18:00:01:957] [95171:000173f6] [DEBUG][com.freerdp.channels.rdpgfx.client] - [rdpgfx_read_h264_metablock]: quantQualityVals[8]: qp: 0 r: 0 p: 0 qualityVal: 100
[18:00:01:957] [95171:000173f6] [DEBUG][com.freerdp.channels.rdpgfx.client] - [rdpgfx_read_h264_metablock]: quantQualityVals[9]: qp: 0 r: 0 p: 0 qualityVal: 100
[18:00:02:191] [95171:000173f6] [DEBUG][com.freerdp.channels.rdpgfx.client] - [rdpgfx_read_h264_metablock]: H264_METABLOCK: numRegionRects: 10
[18:00:02:191] [95171:000173f6] [DEBUG][com.freerdp.channels.rdpgfx.client] - [rdpgfx_read_h264_metablock]: regionRects[0]: left: 0 top: 320 right: 64 bottom: 384
[18:00:02:191] [95171:000173f6] [DEBUG][com.freerdp.channels.rdpgfx.client] - [rdpgfx_read_h264_metablock]: regionRects[1]: left: 192 top: 320 right: 256 bottom: 384
[18:00:02:191] [95171:000173f6] [DEBUG][com.freerdp.channels.rdpgfx.client] - [rdpgfx_read_h264_metablock]: regionRects[2]: left: 0 top: 384 right: 64 bottom: 448
[18:00:02:191] [95171:000173f6] [DEBUG][com.freerdp.channels.rdpgfx.client] - [rdpgfx_read_h264_metablock]: regionRects[3]: left: 192 top: 384 right: 256 bottom: 448
[18:00:02:191] [95171:000173f6] [DEBUG][com.freerdp.channels.rdpgfx.client] - [rdpgfx_read_h264_metablock]: regionRects[4]: left: 0 top: 704 right: 64 bottom: 768
[18:00:02:191] [95171:000173f6] [DEBUG][com.freerdp.channels.rdpgfx.client] - [rdpgfx_read_h264_metablock]: regionRects[5]: left: 192 top: 704 right: 256 bottom: 768
[18:00:02:191] [95171:000173f6] [DEBUG][com.freerdp.channels.rdpgfx.client] - [rdpgfx_read_h264_metablock]: regionRects[6]: left: 0 top: 768 right: 64 bottom: 800
[18:00:02:191] [95171:000173f6] [DEBUG][com.freerdp.channels.rdpgfx.client] - [rdpgfx_read_h264_metablock]: regionRects[7]: left: 64 top: 768 right: 128 bottom: 800
[18:00:02:191] [95171:000173f6] [DEBUG][com.freerdp.channels.rdpgfx.client] - [rdpgfx_read_h264_metablock]: regionRects[8]: left: 128 top: 768 right: 192 bottom: 800
[18:00:02:191] [95171:000173f6] [DEBUG][com.freerdp.channels.rdpgfx.client] - [rdpgfx_read_h264_metablock]: regionRects[9]: left: 192 top: 768 right: 256 bottom: 800
[18:00:02:191] [95171:000173f6] [DEBUG][com.freerdp.channels.rdpgfx.client] - [rdpgfx_read_h264_metablock]: quantQualityVals[0]: qp: 0 r: 0 p: 0 qualityVal: 100
[18:00:02:191] [95171:000173f6] [DEBUG][com.freerdp.channels.rdpgfx.client] - [rdpgfx_read_h264_metablock]: quantQualityVals[1]: qp: 0 r: 0 p: 0 qualityVal: 100
[18:00:02:191] [95171:000173f6] [DEBUG][com.freerdp.channels.rdpgfx.client] - [rdpgfx_read_h264_metablock]: quantQualityVals[2]: qp: 0 r: 0 p: 0 qualityVal: 100
[18:00:02:191] [95171:000173f6] [DEBUG][com.freerdp.channels.rdpgfx.client] - [rdpgfx_read_h264_metablock]: quantQualityVals[3]: qp: 0 r: 0 p: 0 qualityVal: 100
[18:00:02:191] [95171:000173f6] [DEBUG][com.freerdp.channels.rdpgfx.client] - [rdpgfx_read_h264_metablock]: quantQualityVals[4]: qp: 0 r: 0 p: 0 qualityVal: 100
[18:00:02:191] [95171:000173f6] [DEBUG][com.freerdp.channels.rdpgfx.client] - [rdpgfx_read_h264_metablock]: quantQualityVals[5]: qp: 0 r: 0 p: 0 qualityVal: 100
[18:00:02:191] [95171:000173f6] [DEBUG][com.freerdp.channels.rdpgfx.client] - [rdpgfx_read_h264_metablock]: quantQualityVals[6]: qp: 0 r: 0 p: 0 qualityVal: 100
[18:00:02:191] [95171:000173f6] [DEBUG][com.freerdp.channels.rdpgfx.client] - [rdpgfx_read_h264_metablock]: quantQualityVals[7]: qp: 0 r: 0 p: 0 qualityVal: 100
[18:00:02:191] [95171:000173f6] [DEBUG][com.freerdp.channels.rdpgfx.client] - [rdpgfx_read_h264_metablock]: quantQualityVals[8]: qp: 0 r: 0 p: 0 qualityVal: 100
[18:00:02:191] [95171:000173f6] [DEBUG][com.freerdp.channels.rdpgfx.client] - [rdpgfx_read_h264_metablock]: quantQualityVals[9]: qp: 0 r: 0 p: 0 qualityVal: 100
[18:00:02:255] [95171:000173f6] [DEBUG][com.freerdp.channels.rdpgfx.client] - [rdpgfx_read_h264_metablock]: H264_METABLOCK: numRegionRects: 10
[18:00:02:255] [95171:000173f6] [DEBUG][com.freerdp.channels.rdpgfx.client] - [rdpgfx_read_h264_metablock]: regionRects[0]: left: 0 top: 320 right: 64 bottom: 384
[18:00:02:255] [95171:000173f6] [DEBUG][com.freerdp.channels.rdpgfx.client] - [rdpgfx_read_h264_metablock]: regionRects[1]: left: 192 top: 320 right: 256 bottom: 384
[18:00:02:255] [95171:000173f6] [DEBUG][com.freerdp.channels.rdpgfx.client] - [rdpgfx_read_h264_metablock]: regionRects[2]: left: 0 top: 384 right: 64 bottom: 448
[18:00:02:255] [95171:000173f6] [DEBUG][com.freerdp.channels.rdpgfx.client] - [rdpgfx_read_h264_metablock]: regionRects[3]: left: 192 top: 384 right: 256 bottom: 448
[18:00:02:255] [95171:000173f6] [DEBUG][com.freerdp.channels.rdpgfx.client] - [rdpgfx_read_h264_metablock]: regionRects[4]: left: 0 top: 704 right: 64 bottom: 768
[18:00:02:255] [95171:000173f6] [DEBUG][com.freerdp.channels.rdpgfx.client] - [rdpgfx_read_h264_metablock]: regionRects[5]: left: 192 top: 704 right: 256 bottom: 768
[18:00:02:255] [95171:000173f6] [DEBUG][com.freerdp.channels.rdpgfx.client] - [rdpgfx_read_h264_metablock]: regionRects[6]: left: 0 top: 768 right: 64 bottom: 800
[18:00:02:255] [95171:000173f6] [DEBUG][com.freerdp.channels.rdpgfx.client] - [rdpgfx_read_h264_metablock]: regionRects[7]: left: 64 top: 768 right: 128 bottom: 800
[18:00:02:255] [95171:000173f6] [DEBUG][com.freerdp.channels.rdpgfx.client] - [rdpgfx_read_h264_metablock]: regionRects[8]: left: 128 top: 768 right: 192 bottom: 800
[18:00:02:255] [95171:000173f6] [DEBUG][com.freerdp.channels.rdpgfx.client] - [rdpgfx_read_h264_metablock]: regionRects[9]: left: 192 top: 768 right: 256 bottom: 800
[18:00:02:255] [95171:000173f6] [DEBUG][com.freerdp.channels.rdpgfx.client] - [rdpgfx_read_h264_metablock]: quantQualityVals[0]: qp: 0 r: 0 p: 0 qualityVal: 100
[18:00:02:255] [95171:000173f6] [DEBUG][com.freerdp.channels.rdpgfx.client] - [rdpgfx_read_h264_metablock]: quantQualityVals[1]: qp: 0 r: 0 p: 0 qualityVal: 100
[18:00:02:255] [95171:000173f6] [DEBUG][com.freerdp.channels.rdpgfx.client] - [rdpgfx_read_h264_metablock]: quantQualityVals[2]: qp: 0 r: 0 p: 0 qualityVal: 100
[18:00:02:255] [95171:000173f6] [DEBUG][com.freerdp.channels.rdpgfx.client] - [rdpgfx_read_h264_metablock]: quantQualityVals[3]: qp: 0 r: 0 p: 0 qualityVal: 100
[18:00:02:255] [95171:000173f6] [DEBUG][com.freerdp.channels.rdpgfx.client] - [rdpgfx_read_h264_metablock]: quantQualityVals[4]: qp: 0 r: 0 p: 0 qualityVal: 100
[18:00:02:255] [95171:000173f6] [DEBUG][com.freerdp.channels.rdpgfx.client] - [rdpgfx_read_h264_metablock]: quantQualityVals[5]: qp: 0 r: 0 p: 0 qualityVal: 100
[18:00:02:255] [95171:000173f6] [DEBUG][com.freerdp.channels.rdpgfx.client] - [rdpgfx_read_h264_metablock]: quantQualityVals[6]: qp: 0 r: 0 p: 0 qualityVal: 100
[18:00:02:255] [95171:000173f6] [DEBUG][com.freerdp.channels.rdpgfx.client] - [rdpgfx_read_h264_metablock]: quantQualityVals[7]: qp: 0 r: 0 p: 0 qualityVal: 100
[18:00:02:255] [95171:000173f6] [DEBUG][com.freerdp.channels.rdpgfx.client] - [rdpgfx_read_h264_metablock]: quantQualityVals[8]: qp: 0 r: 0 p: 0 qualityVal: 100
[18:00:02:255] [95171:000173f6] [DEBUG][com.freerdp.channels.rdpgfx.client] - [rdpgfx_read_h264_metablock]: quantQualityVals[9]: qp: 0 r: 0 p: 0 qualityVal: 100
[18:00:02:287] [95171:000173f6] [DEBUG][com.freerdp.channels.rdpgfx.client] - [rdpgfx_read_h264_metablock]: H264_METABLOCK: numRegionRects: 10
[18:00:02:287] [95171:000173f6] [DEBUG][com.freerdp.channels.rdpgfx.client] - [rdpgfx_read_h264_metablock]: regionRects[0]: left: 0 top: 320 right: 64 bottom: 384
[18:00:02:287] [95171:000173f6] [DEBUG][com.freerdp.channels.rdpgfx.client] - [rdpgfx_read_h264_metablock]: regionRects[1]: left: 192 top: 320 right: 256 bottom: 384
[18:00:02:287] [95171:000173f6] [DEBUG][com.freerdp.channels.rdpgfx.client] - [rdpgfx_read_h264_metablock]: regionRects[2]: left: 0 top: 384 right: 64 bottom: 448
[18:00:02:287] [95171:000173f6] [DEBUG][com.freerdp.channels.rdpgfx.client] - [rdpgfx_read_h264_metablock]: regionRects[3]: left: 192 top: 384 right: 256 bottom: 448
[18:00:02:287] [95171:000173f6] [DEBUG][com.freerdp.channels.rdpgfx.client] - [rdpgfx_read_h264_metablock]: regionRects[4]: left: 0 top: 704 right: 64 bottom: 768
[18:00:02:287] [95171:000173f6] [DEBUG][com.freerdp.channels.rdpgfx.client] - [rdpgfx_read_h264_metablock]: regionRects[5]: left: 192 top: 704 right: 256 bottom: 768
[18:00:02:287] [95171:000173f6] [DEBUG][com.freerdp.channels.rdpgfx.client] - [rdpgfx_read_h264_metablock]: regionRects[6]: left: 0 top: 768 right: 64 bottom: 800
[18:00:02:287] [95171:000173f6] [DEBUG][com.freerdp.channels.rdpgfx.client] - [rdpgfx_read_h264_metablock]: regionRects[7]: left: 64 top: 768 right: 128 bottom: 800
[18:00:02:287] [95171:000173f6] [DEBUG][com.freerdp.channels.rdpgfx.client] - [rdpgfx_read_h264_metablock]: regionRects[8]: left: 128 top: 768 right: 192 bottom: 800
[18:00:02:287] [95171:000173f6] [DEBUG][com.freerdp.channels.rdpgfx.client] - [rdpgfx_read_h264_metablock]: regionRects[9]: left: 192 top: 768 right: 256 bottom: 800
[18:00:02:287] [95171:000173f6] [DEBUG][com.freerdp.channels.rdpgfx.client] - [rdpgfx_read_h264_metablock]: quantQualityVals[0]: qp: 0 r: 0 p: 0 qualityVal: 100
[18:00:02:287] [95171:000173f6] [DEBUG][com.freerdp.channels.rdpgfx.client] - [rdpgfx_read_h264_metablock]: quantQualityVals[1]: qp: 0 r: 0 p: 0 qualityVal: 100
[18:00:02:287] [95171:000173f6] [DEBUG][com.freerdp.channels.rdpgfx.client] - [rdpgfx_read_h264_metablock]: quantQualityVals[2]: qp: 0 r: 0 p: 0 qualityVal: 100
[18:00:02:287] [95171:000173f6] [DEBUG][com.freerdp.channels.rdpgfx.client] - [rdpgfx_read_h264_metablock]: quantQualityVals[3]: qp: 0 r: 0 p: 0 qualityVal: 100
[18:00:02:287] [95171:000173f6] [DEBUG][com.freerdp.channels.rdpgfx.client] - [rdpgfx_read_h264_metablock]: quantQualityVals[4]: qp: 0 r: 0 p: 0 qualityVal: 100
[18:00:02:287] [95171:000173f6] [DEBUG][com.freerdp.channels.rdpgfx.client] - [rdpgfx_read_h264_metablock]: quantQualityVals[5]: qp: 0 r: 0 p: 0 qualityVal: 100
[18:00:02:287] [95171:000173f6] [DEBUG][com.freerdp.channels.rdpgfx.client] - [rdpgfx_read_h264_metablock]: quantQualityVals[6]: qp: 0 r: 0 p: 0 qualityVal: 100
[18:00:02:287] [95171:000173f6] [DEBUG][com.freerdp.channels.rdpgfx.client] - [rdpgfx_read_h264_metablock]: quantQualityVals[7]: qp: 0 r: 0 p: 0 qualityVal: 100
[18:00:02:287] [95171:000173f6] [DEBUG][com.freerdp.channels.rdpgfx.client] - [rdpgfx_read_h264_metablock]: quantQualityVals[8]: qp: 0 r: 0 p: 0 qualityVal: 100
[18:00:02:287] [95171:000173f6] [DEBUG][com.freerdp.channels.rdpgfx.client] - [rdpgfx_read_h264_metablock]: quantQualityVals[9]: qp: 0 r: 0 p: 0 qualityVal: 100
[18:00:02:322] [95171:000173f6] [DEBUG][com.freerdp.channels.rdpgfx.client] - [rdpgfx_read_h264_metablock]: H264_METABLOCK: numRegionRects: 4
[18:00:02:322] [95171:000173f6] [DEBUG][com.freerdp.channels.rdpgfx.client] - [rdpgfx_read_h264_metablock]: regionRects[0]: left: 192 top: 320 right: 256 bottom: 384
[18:00:02:322] [95171:000173f6] [DEBUG][com.freerdp.channels.rdpgfx.client] - [rdpgfx_read_h264_metablock]: regionRects[1]: left: 192 top: 384 right: 256 bottom: 448
[18:00:02:322] [95171:000173f6] [DEBUG][com.freerdp.channels.rdpgfx.client] - [rdpgfx_read_h264_metablock]: regionRects[2]: left: 192 top: 704 right: 256 bottom: 768
[18:00:02:322] [95171:000173f6] [DEBUG][com.freerdp.channels.rdpgfx.client] - [rdpgfx_read_h264_metablock]: regionRects[3]: left: 192 top: 768 right: 256 bottom: 800
[18:00:02:322] [95171:000173f6] [DEBUG][com.freerdp.channels.rdpgfx.client] - [rdpgfx_read_h264_metablock]: quantQualityVals[0]: qp: 0 r: 0 p: 0 qualityVal: 100
[18:00:02:322] [95171:000173f6] [DEBUG][com.freerdp.channels.rdpgfx.client] - [rdpgfx_read_h264_metablock]: quantQualityVals[1]: qp: 0 r: 0 p: 0 qualityVal: 100
[18:00:02:322] [95171:000173f6] [DEBUG][com.freerdp.channels.rdpgfx.client] - [rdpgfx_read_h264_metablock]: quantQualityVals[2]: qp: 0 r: 0 p: 0 qualityVal: 100
[18:00:02:322] [95171:000173f6] [DEBUG][com.freerdp.channels.rdpgfx.client] - [rdpgfx_read_h264_metablock]: quantQualityVals[3]: qp: 0 r: 0 p: 0 qualityVal: 100
[18:00:02:453] [95171:000173f6] [DEBUG][com.freerdp.channels.rdpgfx.client] - [rdpgfx_read_h264_metablock]: H264_METABLOCK: numRegionRects: 4
[18:00:02:453] [95171:000173f6] [DEBUG][com.freerdp.channels.rdpgfx.client] - [rdpgfx_read_h264_metablock]: regionRects[0]: left: 0 top: 768 right: 64 bottom: 800
[18:00:02:453] [95171:000173f6] [DEBUG][com.freerdp.channels.rdpgfx.client] - [rdpgfx_read_h264_metablock]: regionRects[1]: left: 64 top: 768 right: 128 bottom: 800
[18:00:02:453] [95171:000173f6] [DEBUG][com.freerdp.channels.rdpgfx.client] - [rdpgfx_read_h264_metablock]: regionRects[2]: left: 128 top: 768 right: 192 bottom: 800
[18:00:02:453] [95171:000173f6] [DEBUG][com.freerdp.channels.rdpgfx.client] - [rdpgfx_read_h264_metablock]: regionRects[3]: left: 192 top: 768 right: 256 bottom: 800
[18:00:02:453] [95171:000173f6] [DEBUG][com.freerdp.channels.rdpgfx.client] - [rdpgfx_read_h264_metablock]: quantQualityVals[0]: qp: 0 r: 0 p: 0 qualityVal: 100
[18:00:02:453] [95171:000173f6] [DEBUG][com.freerdp.channels.rdpgfx.client] - [rdpgfx_read_h264_metablock]: quantQualityVals[1]: qp: 0 r: 0 p: 0 qualityVal: 100
[18:00:02:453] [95171:000173f6] [DEBUG][com.freerdp.channels.rdpgfx.client] - [rdpgfx_read_h264_metablock]: quantQualityVals[2]: qp: 0 r: 0 p: 0 qualityVal: 100
[18:00:02:453] [95171:000173f6] [DEBUG][com.freerdp.channels.rdpgfx.client] - [rdpgfx_read_h264_metablock]: quantQualityVals[3]: qp: 0 r: 0 p: 0 qualityVal: 100
[18:00:02:552] [95171:000173f6] [DEBUG][com.freerdp.channels.rdpgfx.client] - [rdpgfx_read_h264_metablock]: H264_METABLOCK: numRegionRects: 1
[18:00:02:552] [95171:000173f6] [DEBUG][com.freerdp.channels.rdpgfx.client] - [rdpgfx_read_h264_metablock]: regionRects[0]: left: 0 top: 768 right: 64 bottom: 800
[18:00:02:552] [95171:000173f6] [DEBUG][com.freerdp.channels.rdpgfx.client] - [rdpgfx_read_h264_metablock]: quantQualityVals[0]: qp: 0 r: 0 p: 0 qualityVal: 100
[18:00:02:586] [95171:000173f6] [DEBUG][com.freerdp.channels.rdpgfx.client] - [rdpgfx_read_h264_metablock]: H264_METABLOCK: numRegionRects: 1
[18:00:02:586] [95171:000173f6] [DEBUG][com.freerdp.channels.rdpgfx.client] - [rdpgfx_read_h264_metablock]: regionRects[0]: left: 0 top: 768 right: 64 bottom: 800
[18:00:02:586] [95171:000173f6] [DEBUG][com.freerdp.channels.rdpgfx.client] - [rdpgfx_read_h264_metablock]: quantQualityVals[0]: qp: 0 r: 0 p: 0 qualityVal: 100
[18:00:02:655] [95171:000173f6] [DEBUG][com.freerdp.channels.rdpgfx.client] - [rdpgfx_read_h264_metablock]: H264_METABLOCK: numRegionRects: 4
[18:00:02:655] [95171:000173f6] [DEBUG][com.freerdp.channels.rdpgfx.client] - [rdpgfx_read_h264_metablock]: regionRects[0]: left: 0 top: 768 right: 64 bottom: 800
[18:00:02:655] [95171:000173f6] [DEBUG][com.freerdp.channels.rdpgfx.client] - [rdpgfx_read_h264_metablock]: regionRects[1]: left: 64 top: 768 right: 128 bottom: 800
[18:00:02:655] [95171:000173f6] [DEBUG][com.freerdp.channels.rdpgfx.client] - [rdpgfx_read_h264_metablock]: regionRects[2]: left: 128 top: 768 right: 192 bottom: 800
[18:00:02:655] [95171:000173f6] [DEBUG][com.freerdp.channels.rdpgfx.client] - [rdpgfx_read_h264_metablock]: regionRects[3]: left: 192 top: 768 right: 256 bottom: 800
[18:00:02:655] [95171:000173f6] [DEBUG][com.freerdp.channels.rdpgfx.client] - [rdpgfx_read_h264_metablock]: quantQualityVals[0]: qp: 0 r: 0 p: 0 qualityVal: 100
[18:00:02:655] [95171:000173f6] [DEBUG][com.freerdp.channels.rdpgfx.client] - [rdpgfx_read_h264_metablock]: quantQualityVals[1]: qp: 0 r: 0 p: 0 qualityVal: 100
[18:00:02:655] [95171:000173f6] [DEBUG][com.freerdp.channels.rdpgfx.client] - [rdpgfx_read_h264_metablock]: quantQualityVals[2]: qp: 0 r: 0 p: 0 qualityVal: 100
[18:00:02:655] [95171:000173f6] [DEBUG][com.freerdp.channels.rdpgfx.client] - [rdpgfx_read_h264_metablock]: quantQualityVals[3]: qp: 0 r: 0 p: 0 qualityVal: 100
[18:00:02:787] [95171:000173f6] [DEBUG][com.freerdp.channels.rdpgfx.client] - [rdpgfx_read_h264_metablock]: H264_METABLOCK: numRegionRects: 4
[18:00:02:787] [95171:000173f6] [DEBUG][com.freerdp.channels.rdpgfx.client] - [rdpgfx_read_h264_metablock]: regionRects[0]: left: 0 top: 768 right: 64 bottom: 800
[18:00:02:787] [95171:000173f6] [DEBUG][com.freerdp.channels.rdpgfx.client] - [rdpgfx_read_h264_metablock]: regionRects[1]: left: 64 top: 768 right: 128 bottom: 800
[18:00:02:787] [95171:000173f6] [DEBUG][com.freerdp.channels.rdpgfx.client] - [rdpgfx_read_h264_metablock]: regionRects[2]: left: 128 top: 768 right: 192 bottom: 800
[18:00:02:787] [95171:000173f6] [DEBUG][com.freerdp.channels.rdpgfx.client] - [rdpgfx_read_h264_metablock]: regionRects[3]: left: 192 top: 768 right: 256 bottom: 800
[18:00:02:787] [95171:000173f6] [DEBUG][com.freerdp.channels.rdpgfx.client] - [rdpgfx_read_h264_metablock]: quantQualityVals[0]: qp: 0 r: 0 p: 0 qualityVal: 100
[18:00:02:787] [95171:000173f6] [DEBUG][com.freerdp.channels.rdpgfx.client] - [rdpgfx_read_h264_metablock]: quantQualityVals[1]: qp: 0 r: 0 p: 0 qualityVal: 100
[18:00:02:787] [95171:000173f6] [DEBUG][com.freerdp.channels.rdpgfx.client] - [rdpgfx_read_h264_metablock]: quantQualityVals[2]: qp: 0 r: 0 p: 0 qualityVal: 100
[18:00:02:787] [95171:000173f6] [DEBUG][com.freerdp.channels.rdpgfx.client] - [rdpgfx_read_h264_metablock]: quantQualityVals[3]: qp: 0 r: 0 p: 0 qualityVal: 100
[18:00:02:819] [95171:000173f6] [DEBUG][com.freerdp.channels.rdpgfx.client] - [rdpgfx_read_h264_metablock]: H264_METABLOCK: numRegionRects: 4
[18:00:02:819] [95171:000173f6] [DEBUG][com.freerdp.channels.rdpgfx.client] - [rdpgfx_read_h264_metablock]: regionRects[0]: left: 0 top: 768 right: 64 bottom: 800
[18:00:02:819] [95171:000173f6] [DEBUG][com.freerdp.channels.rdpgfx.client] - [rdpgfx_read_h264_metablock]: regionRects[1]: left: 64 top: 768 right: 128 bottom: 800
[18:00:02:819] [95171:000173f6] [DEBUG][com.freerdp.channels.rdpgfx.client] - [rdpgfx_read_h264_metablock]: regionRects[2]: left: 128 top: 768 right: 192 bottom: 800
[18:00:02:819] [95171:000173f6] [DEBUG][com.freerdp.channels.rdpgfx.client] - [rdpgfx_read_h264_metablock]: regionRects[3]: left: 192 top: 768 right: 256 bottom: 800
[18:00:02:819] [95171:000173f6] [DEBUG][com.freerdp.channels.rdpgfx.client] - [rdpgfx_read_h264_metablock]: quantQualityVals[0]: qp: 0 r: 0 p: 0 qualityVal: 100
[18:00:02:819] [95171:000173f6] [DEBUG][com.freerdp.channels.rdpgfx.client] - [rdpgfx_read_h264_metablock]: quantQualityVals[1]: qp: 0 r: 0 p: 0 qualityVal: 100
[18:00:02:819] [95171:000173f6] [DEBUG][com.freerdp.channels.rdpgfx.client] - [rdpgfx_read_h264_metablock]: quantQualityVals[2]: qp: 0 r: 0 p: 0 qualityVal: 100
[18:00:02:819] [95171:000173f6] [DEBUG][com.freerdp.channels.rdpgfx.client] - [rdpgfx_read_h264_metablock]: quantQualityVals[3]: qp: 0 r: 0 p: 0 qualityVal: 100
[18:00:02:952] [95171:000173f6] [DEBUG][com.freerdp.channels.rdpgfx.client] - [rdpgfx_read_h264_metablock]: H264_METABLOCK: numRegionRects: 4
[18:00:02:952] [95171:000173f6] [DEBUG][com.freerdp.channels.rdpgfx.client] - [rdpgfx_read_h264_metablock]: regionRects[0]: left: 0 top: 768 right: 64 bottom: 800
[18:00:02:952] [95171:000173f6] [DEBUG][com.freerdp.channels.rdpgfx.client] - [rdpgfx_read_h264_metablock]: regionRects[1]: left: 64 top: 768 right: 128 bottom: 800
[18:00:02:952] [95171:000173f6] [DEBUG][com.freerdp.channels.rdpgfx.client] - [rdpgfx_read_h264_metablock]: regionRects[2]: left: 128 top: 768 right: 192 bottom: 800
[18:00:02:952] [95171:000173f6] [DEBUG][com.freerdp.channels.rdpgfx.client] - [rdpgfx_read_h264_metablock]: regionRects[3]: left: 192 top: 768 right: 256 bottom: 800
[18:00:02:952] [95171:000173f6] [DEBUG][com.freerdp.channels.rdpgfx.client] - [rdpgfx_read_h264_metablock]: quantQualityVals[0]: qp: 0 r: 0 p: 0 qualityVal: 100
[18:00:02:952] [95171:000173f6] [DEBUG][com.freerdp.channels.rdpgfx.client] - [rdpgfx_read_h264_metablock]: quantQualityVals[1]: qp: 0 r: 0 p: 0 qualityVal: 100
[18:00:02:952] [95171:000173f6] [DEBUG][com.freerdp.channels.rdpgfx.client] - [rdpgfx_read_h264_metablock]: quantQualityVals[2]: qp: 0 r: 0 p: 0 qualityVal: 100
[18:00:02:952] [95171:000173f6] [DEBUG][com.freerdp.channels.rdpgfx.client] - [rdpgfx_read_h264_metablock]: quantQualityVals[3]: qp: 0 r: 0 p: 0 qualityVal: 100
[18:00:02:985] [95171:000173f6] [DEBUG][com.freerdp.channels.rdpgfx.client] - [rdpgfx_read_h264_metablock]: H264_METABLOCK: numRegionRects: 4
[18:00:02:985] [95171:000173f6] [DEBUG][com.freerdp.channels.rdpgfx.client] - [rdpgfx_read_h264_metablock]: regionRects[0]: left: 0 top: 320 right: 64 bottom: 384
[18:00:02:985] [95171:000173f6] [DEBUG][com.freerdp.channels.rdpgfx.client] - [rdpgfx_read_h264_metablock]: regionRects[1]: left: 0 top: 384 right: 64 bottom: 448
[18:00:02:985] [95171:000173f6] [DEBUG][com.freerdp.channels.rdpgfx.client] - [rdpgfx_read_h264_metablock]: regionRects[2]: left: 0 top: 704 right: 64 bottom: 768
[18:00:02:985] [95171:000173f6] [DEBUG][com.freerdp.channels.rdpgfx.client] - [rdpgfx_read_h264_metablock]: regionRects[3]: left: 0 top: 768 right: 64 bottom: 800
[18:00:02:985] [95171:000173f6] [DEBUG][com.freerdp.channels.rdpgfx.client] - [rdpgfx_read_h264_metablock]: quantQualityVals[0]: qp: 0 r: 0 p: 0 qualityVal: 100
[18:00:02:985] [95171:000173f6] [DEBUG][com.freerdp.channels.rdpgfx.client] - [rdpgfx_read_h264_metablock]: quantQualityVals[1]: qp: 0 r: 0 p: 0 qualityVal: 100
[18:00:02:985] [95171:000173f6] [DEBUG][com.freerdp.channels.rdpgfx.client] - [rdpgfx_read_h264_metablock]: quantQualityVals[2]: qp: 0 r: 0 p: 0 qualityVal: 100
[18:00:02:985] [95171:000173f6] [DEBUG][com.freerdp.channels.rdpgfx.client] - [rdpgfx_read_h264_metablock]: quantQualityVals[3]: qp: 0 r: 0 p: 0 qualityVal: 100
[18:00:03:017] [95171:000173f6] [DEBUG][com.freerdp.channels.rdpgfx.client] - [rdpgfx_read_h264_metablock]: H264_METABLOCK: numRegionRects: 10
[18:00:03:017] [95171:000173f6] [DEBUG][com.freerdp.channels.rdpgfx.client] - [rdpgfx_read_h264_metablock]: regionRects[0]: left: 0 top: 320 right: 64 bottom: 384
[18:00:03:017] [95171:000173f6] [DEBUG][com.freerdp.channels.rdpgfx.client] - [rdpgfx_read_h264_metablock]: regionRects[1]: left: 192 top: 320 right: 256 bottom: 384
[18:00:03:017] [95171:000173f6] [DEBUG][com.freerdp.channels.rdpgfx.client] - [rdpgfx_read_h264_metablock]: regionRects[2]: left: 0 top: 384 right: 64 bottom: 448
[18:00:03:018] [95171:000173f6] [DEBUG][com.freerdp.channels.rdpgfx.client] - [rdpgfx_read_h264_metablock]: regionRects[3]: left: 192 top: 384 right: 256 bottom: 448
[18:00:03:018] [95171:000173f6] [DEBUG][com.freerdp.channels.rdpgfx.client] - [rdpgfx_read_h264_metablock]: regionRects[4]: left: 0 top: 704 right: 64 bottom: 768
[18:00:03:018] [95171:000173f6] [DEBUG][com.freerdp.channels.rdpgfx.client] - [rdpgfx_read_h264_metablock]: regionRects[5]: left: 192 top: 704 right: 256 bottom: 768
[18:00:03:018] [95171:000173f6] [DEBUG][com.freerdp.channels.rdpgfx.client] - [rdpgfx_read_h264_metablock]: regionRects[6]: left: 0 top: 768 right: 64 bottom: 800
[18:00:03:018] [95171:000173f6] [DEBUG][com.freerdp.channels.rdpgfx.client] - [rdpgfx_read_h264_metablock]: regionRects[7]: left: 64 top: 768 right: 128 bottom: 800
[18:00:03:018] [95171:000173f6] [DEBUG][com.freerdp.channels.rdpgfx.client] - [rdpgfx_read_h264_metablock]: regionRects[8]: left: 128 top: 768 right: 192 bottom: 800
[18:00:03:018] [95171:000173f6] [DEBUG][com.freerdp.channels.rdpgfx.client] - [rdpgfx_read_h264_metablock]: regionRects[9]: left: 192 top: 768 right: 256 bottom: 800
[18:00:03:018] [95171:000173f6] [DEBUG][com.freerdp.channels.rdpgfx.client] - [rdpgfx_read_h264_metablock]: quantQualityVals[0]: qp: 0 r: 0 p: 0 qualityVal: 100
[18:00:03:018] [95171:000173f6] [DEBUG][com.freerdp.channels.rdpgfx.client] - [rdpgfx_read_h264_metablock]: quantQualityVals[1]: qp: 0 r: 0 p: 0 qualityVal: 100
[18:00:03:018] [95171:000173f6] [DEBUG][com.freerdp.channels.rdpgfx.client] - [rdpgfx_read_h264_metablock]: quantQualityVals[2]: qp: 0 r: 0 p: 0 qualityVal: 100
[18:00:03:018] [95171:000173f6] [DEBUG][com.freerdp.channels.rdpgfx.client] - [rdpgfx_read_h264_metablock]: quantQualityVals[3]: qp: 0 r: 0 p: 0 qualityVal: 100
[18:00:03:018] [95171:000173f6] [DEBUG][com.freerdp.channels.rdpgfx.client] - [rdpgfx_read_h264_metablock]: quantQualityVals[4]: qp: 0 r: 0 p: 0 qualityVal: 100
[18:00:03:018] [95171:000173f6] [DEBUG][com.freerdp.channels.rdpgfx.client] - [rdpgfx_read_h264_metablock]: quantQualityVals[5]: qp: 0 r: 0 p: 0 qualityVal: 100
[18:00:03:018] [95171:000173f6] [DEBUG][com.freerdp.channels.rdpgfx.client] - [rdpgfx_read_h264_metablock]: quantQualityVals[6]: qp: 0 r: 0 p: 0 qualityVal: 100
[18:00:03:018] [95171:000173f6] [DEBUG][com.freerdp.channels.rdpgfx.client] - [rdpgfx_read_h264_metablock]: quantQualityVals[7]: qp: 0 r: 0 p: 0 qualityVal: 100
[18:00:03:018] [95171:000173f6] [DEBUG][com.freerdp.channels.rdpgfx.client] - [rdpgfx_read_h264_metablock]: quantQualityVals[8]: qp: 0 r: 0 p: 0 qualityVal: 100
[18:00:03:018] [95171:000173f6] [DEBUG][com.freerdp.channels.rdpgfx.client] - [rdpgfx_read_h264_metablock]: quantQualityVals[9]: qp: 0 r: 0 p: 0 qualityVal: 100
[18:00:03:117] [95171:000173f6] [DEBUG][com.freerdp.channels.rdpgfx.client] - [rdpgfx_read_h264_metablock]: H264_METABLOCK: numRegionRects: 10
[18:00:03:117] [95171:000173f6] [DEBUG][com.freerdp.channels.rdpgfx.client] - [rdpgfx_read_h264_metablock]: regionRects[0]: left: 0 top: 320 right: 64 bottom: 384
[18:00:03:117] [95171:000173f6] [DEBUG][com.freerdp.channels.rdpgfx.client] - [rdpgfx_read_h264_metablock]: regionRects[1]: left: 192 top: 320 right: 256 bottom: 384
[18:00:03:117] [95171:000173f6] [DEBUG][com.freerdp.channels.rdpgfx.client] - [rdpgfx_read_h264_metablock]: regionRects[2]: left: 0 top: 384 right: 64 bottom: 448
[18:00:03:117] [95171:000173f6] [DEBUG][com.freerdp.channels.rdpgfx.client] - [rdpgfx_read_h264_metablock]: regionRects[3]: left: 192 top: 384 right: 256 bottom: 448
[18:00:03:117] [95171:000173f6] [DEBUG][com.freerdp.channels.rdpgfx.client] - [rdpgfx_read_h264_metablock]: regionRects[4]: left: 0 top: 704 right: 64 bottom: 768
[18:00:03:117] [95171:000173f6] [DEBUG][com.freerdp.channels.rdpgfx.client] - [rdpgfx_read_h264_metablock]: regionRects[5]: left: 192 top: 704 right: 256 bottom: 768
[18:00:03:117] [95171:000173f6] [DEBUG][com.freerdp.channels.rdpgfx.client] - [rdpgfx_read_h264_metablock]: regionRects[6]: left: 0 top: 768 right: 64 bottom: 800
[18:00:03:117] [95171:000173f6] [DEBUG][com.freerdp.channels.rdpgfx.client] - [rdpgfx_read_h264_metablock]: regionRects[7]: left: 64 top: 768 right: 128 bottom: 800
[18:00:03:117] [95171:000173f6] [DEBUG][com.freerdp.channels.rdpgfx.client] - [rdpgfx_read_h264_metablock]: regionRects[8]: left: 128 top: 768 right: 192 bottom: 800
[18:00:03:117] [95171:000173f6] [DEBUG][com.freerdp.channels.rdpgfx.client] - [rdpgfx_read_h264_metablock]: regionRects[9]: left: 192 top: 768 right: 256 bottom: 800
[18:00:03:117] [95171:000173f6] [DEBUG][com.freerdp.channels.rdpgfx.client] - [rdpgfx_read_h264_metablock]: quantQualityVals[0]: qp: 0 r: 0 p: 0 qualityVal: 100
[18:00:03:117] [95171:000173f6] [DEBUG][com.freerdp.channels.rdpgfx.client] - [rdpgfx_read_h264_metablock]: quantQualityVals[1]: qp: 0 r: 0 p: 0 qualityVal: 100
[18:00:03:117] [95171:000173f6] [DEBUG][com.freerdp.channels.rdpgfx.client] - [rdpgfx_read_h264_metablock]: quantQualityVals[2]: qp: 0 r: 0 p: 0 qualityVal: 100
[18:00:03:117] [95171:000173f6] [DEBUG][com.freerdp.channels.rdpgfx.client] - [rdpgfx_read_h264_metablock]: quantQualityVals[3]: qp: 0 r: 0 p: 0 qualityVal: 100
[18:00:03:117] [95171:000173f6] [DEBUG][com.freerdp.channels.rdpgfx.client] - [rdpgfx_read_h264_metablock]: quantQualityVals[4]: qp: 0 r: 0 p: 0 qualityVal: 100
[18:00:03:117] [95171:000173f6] [DEBUG][com.freerdp.channels.rdpgfx.client] - [rdpgfx_read_h264_metablock]: quantQualityVals[5]: qp: 0 r: 0 p: 0 qualityVal: 100
[18:00:03:117] [95171:000173f6] [DEBUG][com.freerdp.channels.rdpgfx.client] - [rdpgfx_read_h264_metablock]: quantQualityVals[6]: qp: 0 r: 0 p: 0 qualityVal: 100
[18:00:03:117] [95171:000173f6] [DEBUG][com.freerdp.channels.rdpgfx.client] - [rdpgfx_read_h264_metablock]: quantQualityVals[7]: qp: 0 r: 0 p: 0 qualityVal: 100
[18:00:03:117] [95171:000173f6] [DEBUG][com.freerdp.channels.rdpgfx.client] - [rdpgfx_read_h264_metablock]: quantQualityVals[8]: qp: 0 r: 0 p: 0 qualityVal: 100
[18:00:03:117] [95171:000173f6] [DEBUG][com.freerdp.channels.rdpgfx.client] - [rdpgfx_read_h264_metablock]: quantQualityVals[9]: qp: 0 r: 0 p: 0 qualityVal: 100
[18:00:03:220] [95171:000173f6] [DEBUG][com.freerdp.channels.rdpgfx.client] - [rdpgfx_read_h264_metablock]: H264_METABLOCK: numRegionRects: 10
[18:00:03:220] [95171:000173f6] [DEBUG][com.freerdp.channels.rdpgfx.client] - [rdpgfx_read_h264_metablock]: regionRects[0]: left: 0 top: 320 right: 64 bottom: 384
[18:00:03:220] [95171:000173f6] [DEBUG][com.freerdp.channels.rdpgfx.client] - [rdpgfx_read_h264_metablock]: regionRects[1]: left: 192 top: 320 right: 256 bottom: 384
[18:00:03:220] [95171:000173f6] [DEBUG][com.freerdp.channels.rdpgfx.client] - [rdpgfx_read_h264_metablock]: regionRects[2]: left: 0 top: 384 right: 64 bottom: 448
[18:00:03:220] [95171:000173f6] [DEBUG][com.freerdp.channels.rdpgfx.client] - [rdpgfx_read_h264_metablock]: regionRects[3]: left: 192 top: 384 right: 256 bottom: 448
[18:00:03:220] [95171:000173f6] [DEBUG][com.freerdp.channels.rdpgfx.client] - [rdpgfx_read_h264_metablock]: regionRects[4]: left: 0 top: 704 right: 64 bottom: 768
[18:00:03:220] [95171:000173f6] [DEBUG][com.freerdp.channels.rdpgfx.client] - [rdpgfx_read_h264_metablock]: regionRects[5]: left: 192 top: 704 right: 256 bottom: 768
[18:00:03:220] [95171:000173f6] [DEBUG][com.freerdp.channels.rdpgfx.client] - [rdpgfx_read_h264_metablock]: regionRects[6]: left: 0 top: 768 right: 64 bottom: 800
[18:00:03:220] [95171:000173f6] [DEBUG][com.freerdp.channels.rdpgfx.client] - [rdpgfx_read_h264_metablock]: regionRects[7]: left: 64 top: 768 right: 128 bottom: 800
[18:00:03:220] [95171:000173f6] [DEBUG][com.freerdp.channels.rdpgfx.client] - [rdpgfx_read_h264_metablock]: regionRects[8]: left: 128 top: 768 right: 192 bottom: 800
[18:00:03:220] [95171:000173f6] [DEBUG][com.freerdp.channels.rdpgfx.client] - [rdpgfx_read_h264_metablock]: regionRects[9]: left: 192 top: 768 right: 256 bottom: 800
[18:00:03:220] [95171:000173f6] [DEBUG][com.freerdp.channels.rdpgfx.client] - [rdpgfx_read_h264_metablock]: quantQualityVals[0]: qp: 0 r: 0 p: 0 qualityVal: 100
[18:00:03:220] [95171:000173f6] [DEBUG][com.freerdp.channels.rdpgfx.client] - [rdpgfx_read_h264_metablock]: quantQualityVals[1]: qp: 0 r: 0 p: 0 qualityVal: 100
[18:00:03:220] [95171:000173f6] [DEBUG][com.freerdp.channels.rdpgfx.client] - [rdpgfx_read_h264_metablock]: quantQualityVals[2]: qp: 0 r: 0 p: 0 qualityVal: 100
[18:00:03:220] [95171:000173f6] [DEBUG][com.freerdp.channels.rdpgfx.client] - [rdpgfx_read_h264_metablock]: quantQualityVals[3]: qp: 0 r: 0 p: 0 qualityVal: 100
[18:00:03:220] [95171:000173f6] [DEBUG][com.freerdp.channels.rdpgfx.client] - [rdpgfx_read_h264_metablock]: quantQualityVals[4]: qp: 0 r: 0 p: 0 qualityVal: 100
[18:00:03:220] [95171:000173f6] [DEBUG][com.freerdp.channels.rdpgfx.client] - [rdpgfx_read_h264_metablock]: quantQualityVals[5]: qp: 0 r: 0 p: 0 qualityVal: 100
[18:00:03:220] [95171:000173f6] [DEBUG][com.freerdp.channels.rdpgfx.client] - [rdpgfx_read_h264_metablock]: quantQualityVals[6]: qp: 0 r: 0 p: 0 qualityVal: 100
[18:00:03:220] [95171:000173f6] [DEBUG][com.freerdp.channels.rdpgfx.client] - [rdpgfx_read_h264_metablock]: quantQualityVals[7]: qp: 0 r: 0 p: 0 qualityVal: 100
[18:00:03:220] [95171:000173f6] [DEBUG][com.freerdp.channels.rdpgfx.client] - [rdpgfx_read_h264_metablock]: quantQualityVals[8]: qp: 0 r: 0 p: 0 qualityVal: 100
[18:00:03:220] [95171:000173f6] [DEBUG][com.freerdp.channels.rdpgfx.client] - [rdpgfx_read_h264_metablock]: quantQualityVals[9]: qp: 0 r: 0 p: 0 qualityVal: 100
[18:00:03:252] [95171:000173f6] [DEBUG][com.freerdp.channels.rdpgfx.client] - [rdpgfx_read_h264_metablock]: H264_METABLOCK: numRegionRects: 10
[18:00:03:252] [95171:000173f6] [DEBUG][com.freerdp.channels.rdpgfx.client] - [rdpgfx_read_h264_metablock]: regionRects[0]: left: 0 top: 320 right: 64 bottom: 384
[18:00:03:252] [95171:000173f6] [DEBUG][com.freerdp.channels.rdpgfx.client] - [rdpgfx_read_h264_metablock]: regionRects[1]: left: 192 top: 320 right: 256 bottom: 384
[18:00:03:252] [95171:000173f6] [DEBUG][com.freerdp.channels.rdpgfx.client] - [rdpgfx_read_h264_metablock]: regionRects[2]: left: 0 top: 384 right: 64 bottom: 448
[18:00:03:252] [95171:000173f6] [DEBUG][com.freerdp.channels.rdpgfx.client] - [rdpgfx_read_h264_metablock]: regionRects[3]: left: 192 top: 384 right: 256 bottom: 448
[18:00:03:253] [95171:000173f6] [DEBUG][com.freerdp.channels.rdpgfx.client] - [rdpgfx_read_h264_metablock]: regionRects[4]: left: 0 top: 704 right: 64 bottom: 768
[18:00:03:253] [95171:000173f6] [DEBUG][com.freerdp.channels.rdpgfx.client] - [rdpgfx_read_h264_metablock]: regionRects[5]: left: 192 top: 704 right: 256 bottom: 768
[18:00:03:253] [95171:000173f6] [DEBUG][com.freerdp.channels.rdpgfx.client] - [rdpgfx_read_h264_metablock]: regionRects[6]: left: 0 top: 768 right: 64 bottom: 800
[18:00:03:253] [95171:000173f6] [DEBUG][com.freerdp.channels.rdpgfx.client] - [rdpgfx_read_h264_metablock]: regionRects[7]: left: 64 top: 768 right: 128 bottom: 800
[18:00:03:253] [95171:000173f6] [DEBUG][com.freerdp.channels.rdpgfx.client] - [rdpgfx_read_h264_metablock]: regionRects[8]: left: 128 top: 768 right: 192 bottom: 800
[18:00:03:253] [95171:000173f6] [DEBUG][com.freerdp.channels.rdpgfx.client] - [rdpgfx_read_h264_metablock]: regionRects[9]: left: 192 top: 768 right: 256 bottom: 800
[18:00:03:253] [95171:000173f6] [DEBUG][com.freerdp.channels.rdpgfx.client] - [rdpgfx_read_h264_metablock]: quantQualityVals[0]: qp: 0 r: 0 p: 0 qualityVal: 100
[18:00:03:253] [95171:000173f6] [DEBUG][com.freerdp.channels.rdpgfx.client] - [rdpgfx_read_h264_metablock]: quantQualityVals[1]: qp: 0 r: 0 p: 0 qualityVal: 100
[18:00:03:253] [95171:000173f6] [DEBUG][com.freerdp.channels.rdpgfx.client] - [rdpgfx_read_h264_metablock]: quantQualityVals[2]: qp: 0 r: 0 p: 0 qualityVal: 100
[18:00:03:253] [95171:000173f6] [DEBUG][com.freerdp.channels.rdpgfx.client] - [rdpgfx_read_h264_metablock]: quantQualityVals[3]: qp: 0 r: 0 p: 0 qualityVal: 100
[18:00:03:253] [95171:000173f6] [DEBUG][com.freerdp.channels.rdpgfx.client] - [rdpgfx_read_h264_metablock]: quantQualityVals[4]: qp: 0 r: 0 p: 0 qualityVal: 100
[18:00:03:253] [95171:000173f6] [DEBUG][com.freerdp.channels.rdpgfx.client] - [rdpgfx_read_h264_metablock]: quantQualityVals[5]: qp: 0 r: 0 p: 0 qualityVal: 100
[18:00:03:253] [95171:000173f6] [DEBUG][com.freerdp.channels.rdpgfx.client] - [rdpgfx_read_h264_metablock]: quantQualityVals[6]: qp: 0 r: 0 p: 0 qualityVal: 100
[18:00:03:253] [95171:000173f6] [DEBUG][com.freerdp.channels.rdpgfx.client] - [rdpgfx_read_h264_metablock]: quantQualityVals[7]: qp: 0 r: 0 p: 0 qualityVal: 100
[18:00:03:253] [95171:000173f6] [DEBUG][com.freerdp.channels.rdpgfx.client] - [rdpgfx_read_h264_metablock]: quantQualityVals[8]: qp: 0 r: 0 p: 0 qualityVal: 100
[18:00:03:253] [95171:000173f6] [DEBUG][com.freerdp.channels.rdpgfx.client] - [rdpgfx_read_h264_metablock]: quantQualityVals[9]: qp: 0 r: 0 p: 0 qualityVal: 100
[18:00:03:418] [95171:000173f6] [DEBUG][com.freerdp.channels.rdpgfx.client] - [rdpgfx_read_h264_metablock]: H264_METABLOCK: numRegionRects: 10
[18:00:03:418] [95171:000173f6] [DEBUG][com.freerdp.channels.rdpgfx.client] - [rdpgfx_read_h264_metablock]: regionRects[0]: left: 0 top: 320 right: 64 bottom: 384
[18:00:03:418] [95171:000173f6] [DEBUG][com.freerdp.channels.rdpgfx.client] - [rdpgfx_read_h264_metablock]: regionRects[1]: left: 192 top: 320 right: 256 bottom: 384
[18:00:03:418] [95171:000173f6] [DEBUG][com.freerdp.channels.rdpgfx.client] - [rdpgfx_read_h264_metablock]: regionRects[2]: left: 0 top: 384 right: 64 bottom: 448
[18:00:03:418] [95171:000173f6] [DEBUG][com.freerdp.channels.rdpgfx.client] - [rdpgfx_read_h264_metablock]: regionRects[3]: left: 192 top: 384 right: 256 bottom: 448
[18:00:03:418] [95171:000173f6] [DEBUG][com.freerdp.channels.rdpgfx.client] - [rdpgfx_read_h264_metablock]: regionRects[4]: left: 0 top: 704 right: 64 bottom: 768
[18:00:03:418] [95171:000173f6] [DEBUG][com.freerdp.channels.rdpgfx.client] - [rdpgfx_read_h264_metablock]: regionRects[5]: left: 192 top: 704 right: 256 bottom: 768
[18:00:03:418] [95171:000173f6] [DEBUG][com.freerdp.channels.rdpgfx.client] - [rdpgfx_read_h264_metablock]: regionRects[6]: left: 0 top: 768 right: 64 bottom: 800
[18:00:03:418] [95171:000173f6] [DEBUG][com.freerdp.channels.rdpgfx.client] - [rdpgfx_read_h264_metablock]: regionRects[7]: left: 64 top: 768 right: 128 bottom: 800
[18:00:03:418] [95171:000173f6] [DEBUG][com.freerdp.channels.rdpgfx.client] - [rdpgfx_read_h264_metablock]: regionRects[8]: left: 128 top: 768 right: 192 bottom: 800
[18:00:03:418] [95171:000173f6] [DEBUG][com.freerdp.channels.rdpgfx.client] - [rdpgfx_read_h264_metablock]: regionRects[9]: left: 192 top: 768 right: 256 bottom: 800
[18:00:03:418] [95171:000173f6] [DEBUG][com.freerdp.channels.rdpgfx.client] - [rdpgfx_read_h264_metablock]: quantQualityVals[0]: qp: 0 r: 0 p: 0 qualityVal: 100
[18:00:03:418] [95171:000173f6] [DEBUG][com.freerdp.channels.rdpgfx.client] - [rdpgfx_read_h264_metablock]: quantQualityVals[1]: qp: 0 r: 0 p: 0 qualityVal: 100
[18:00:03:418] [95171:000173f6] [DEBUG][com.freerdp.channels.rdpgfx.client] - [rdpgfx_read_h264_metablock]: quantQualityVals[2]: qp: 0 r: 0 p: 0 qualityVal: 100
[18:00:03:418] [95171:000173f6] [DEBUG][com.freerdp.channels.rdpgfx.client] - [rdpgfx_read_h264_metablock]: quantQualityVals[3]: qp: 0 r: 0 p: 0 qualityVal: 100
[18:00:03:418] [95171:000173f6] [DEBUG][com.freerdp.channels.rdpgfx.client] - [rdpgfx_read_h264_metablock]: quantQualityVals[4]: qp: 0 r: 0 p: 0 qualityVal: 100
[18:00:03:418] [95171:000173f6] [DEBUG][com.freerdp.channels.rdpgfx.client] - [rdpgfx_read_h264_metablock]: quantQualityVals[5]: qp: 0 r: 0 p: 0 qualityVal: 100
[18:00:03:418] [95171:000173f6] [DEBUG][com.freerdp.channels.rdpgfx.client] - [rdpgfx_read_h264_metablock]: quantQualityVals[6]: qp: 0 r: 0 p: 0 qualityVal: 100
[18:00:03:418] [95171:000173f6] [DEBUG][com.freerdp.channels.rdpgfx.client] - [rdpgfx_read_h264_metablock]: quantQualityVals[7]: qp: 0 r: 0 p: 0 qualityVal: 100
[18:00:03:418] [95171:000173f6] [DEBUG][com.freerdp.channels.rdpgfx.client] - [rdpgfx_read_h264_metablock]: quantQualityVals[8]: qp: 0 r: 0 p: 0 qualityVal: 100
[18:00:03:418] [95171:000173f6] [DEBUG][com.freerdp.channels.rdpgfx.client] - [rdpgfx_read_h264_metablock]: quantQualityVals[9]: qp: 0 r: 0 p: 0 qualityVal: 100
[18:00:03:454] [95171:000173f6] [DEBUG][com.freerdp.channels.rdpgfx.client] - [rdpgfx_read_h264_metablock]: H264_METABLOCK: numRegionRects: 10
[18:00:03:454] [95171:000173f6] [DEBUG][com.freerdp.channels.rdpgfx.client] - [rdpgfx_read_h264_metablock]: regionRects[0]: left: 0 top: 320 right: 64 bottom: 384
[18:00:03:454] [95171:000173f6] [DEBUG][com.freerdp.channels.rdpgfx.client] - [rdpgfx_read_h264_metablock]: regionRects[1]: left: 192 top: 320 right: 256 bottom: 384
[18:00:03:454] [95171:000173f6] [DEBUG][com.freerdp.channels.rdpgfx.client] - [rdpgfx_read_h264_metablock]: regionRects[2]: left: 0 top: 384 right: 64 bottom: 448
[18:00:03:454] [95171:000173f6] [DEBUG][com.freerdp.channels.rdpgfx.client] - [rdpgfx_read_h264_metablock]: regionRects[3]: left: 192 top: 384 right: 256 bottom: 448
[18:00:03:454] [95171:000173f6] [DEBUG][com.freerdp.channels.rdpgfx.client] - [rdpgfx_read_h264_metablock]: regionRects[4]: left: 0 top: 704 right: 64 bottom: 768
[18:00:03:454] [95171:000173f6] [DEBUG][com.freerdp.channels.rdpgfx.client] - [rdpgfx_read_h264_metablock]: regionRects[5]: left: 192 top: 704 right: 256 bottom: 768
[18:00:03:454] [95171:000173f6] [DEBUG][com.freerdp.channels.rdpgfx.client] - [rdpgfx_read_h264_metablock]: regionRects[6]: left: 0 top: 768 right: 64 bottom: 800
[18:00:03:454] [95171:000173f6] [DEBUG][com.freerdp.channels.rdpgfx.client] - [rdpgfx_read_h264_metablock]: regionRects[7]: left: 64 top: 768 right: 128 bottom: 800
[18:00:03:454] [95171:000173f6] [DEBUG][com.freerdp.channels.rdpgfx.client] - [rdpgfx_read_h264_metablock]: regionRects[8]: left: 128 top: 768 right: 192 bottom: 800
[18:00:03:454] [95171:000173f6] [DEBUG][com.freerdp.channels.rdpgfx.client] - [rdpgfx_read_h264_metablock]: regionRects[9]: left: 192 top: 768 right: 256 bottom: 800
[18:00:03:454] [95171:000173f6] [DEBUG][com.freerdp.channels.rdpgfx.client] - [rdpgfx_read_h264_metablock]: quantQualityVals[0]: qp: 0 r: 0 p: 0 qualityVal: 100
[18:00:03:454] [95171:000173f6] [DEBUG][com.freerdp.channels.rdpgfx.client] - [rdpgfx_read_h264_metablock]: quantQualityVals[1]: qp: 0 r: 0 p: 0 qualityVal: 100
[18:00:03:454] [95171:000173f6] [DEBUG][com.freerdp.channels.rdpgfx.client] - [rdpgfx_read_h264_metablock]: quantQualityVals[2]: qp: 0 r: 0 p: 0 qualityVal: 100
[18:00:03:454] [95171:000173f6] [DEBUG][com.freerdp.channels.rdpgfx.client] - [rdpgfx_read_h264_metablock]: quantQualityVals[3]: qp: 0 r: 0 p: 0 qualityVal: 100
[18:00:03:454] [95171:000173f6] [DEBUG][com.freerdp.channels.rdpgfx.client] - [rdpgfx_read_h264_metablock]: quantQualityVals[4]: qp: 0 r: 0 p: 0 qualityVal: 100
[18:00:03:454] [95171:000173f6] [DEBUG][com.freerdp.channels.rdpgfx.client] - [rdpgfx_read_h264_metablock]: quantQualityVals[5]: qp: 0 r: 0 p: 0 qualityVal: 100
[18:00:03:454] [95171:000173f6] [DEBUG][com.freerdp.channels.rdpgfx.client] - [rdpgfx_read_h264_metablock]: quantQualityVals[6]: qp: 0 r: 0 p: 0 qualityVal: 100
[18:00:03:454] [95171:000173f6] [DEBUG][com.freerdp.channels.rdpgfx.client] - [rdpgfx_read_h264_metablock]: quantQualityVals[7]: qp: 0 r: 0 p: 0 qualityVal: 100
[18:00:03:454] [95171:000173f6] [DEBUG][com.freerdp.channels.rdpgfx.client] - [rdpgfx_read_h264_metablock]: quantQualityVals[8]: qp: 0 r: 0 p: 0 qualityVal: 100
[18:00:03:454] [95171:000173f6] [DEBUG][com.freerdp.channels.rdpgfx.client] - [rdpgfx_read_h264_metablock]: quantQualityVals[9]: qp: 0 r: 0 p: 0 qualityVal: 100
[18:00:03:517] [95171:000173f6] [DEBUG][com.freerdp.channels.rdpgfx.client] - [rdpgfx_read_h264_metablock]: H264_METABLOCK: numRegionRects: 10
[18:00:03:517] [95171:000173f6] [DEBUG][com.freerdp.channels.rdpgfx.client] - [rdpgfx_read_h264_metablock]: regionRects[0]: left: 0 top: 320 right: 64 bottom: 384
[18:00:03:517] [95171:000173f6] [DEBUG][com.freerdp.channels.rdpgfx.client] - [rdpgfx_read_h264_metablock]: regionRects[1]: left: 192 top: 320 right: 256 bottom: 384
[18:00:03:517] [95171:000173f6] [DEBUG][com.freerdp.channels.rdpgfx.client] - [rdpgfx_read_h264_metablock]: regionRects[2]: left: 0 top: 384 right: 64 bottom: 448
[18:00:03:517] [95171:000173f6] [DEBUG][com.freerdp.channels.rdpgfx.client] - [rdpgfx_read_h264_metablock]: regionRects[3]: left: 192 top: 384 right: 256 bottom: 448
[18:00:03:517] [95171:000173f6] [DEBUG][com.freerdp.channels.rdpgfx.client] - [rdpgfx_read_h264_metablock]: regionRects[4]: left: 0 top: 704 right: 64 bottom: 768
[18:00:03:517] [95171:000173f6] [DEBUG][com.freerdp.channels.rdpgfx.client] - [rdpgfx_read_h264_metablock]: regionRects[5]: left: 192 top: 704 right: 256 bottom: 768
[18:00:03:517] [95171:000173f6] [DEBUG][com.freerdp.channels.rdpgfx.client] - [rdpgfx_read_h264_metablock]: regionRects[6]: left: 0 top: 768 right: 64 bottom: 800
[18:00:03:517] [95171:000173f6] [DEBUG][com.freerdp.channels.rdpgfx.client] - [rdpgfx_read_h264_metablock]: regionRects[7]: left: 64 top: 768 right: 128 bottom: 800
[18:00:03:517] [95171:000173f6] [DEBUG][com.freerdp.channels.rdpgfx.client] - [rdpgfx_read_h264_metablock]: regionRects[8]: left: 128 top: 768 right: 192 bottom: 800
[18:00:03:517] [95171:000173f6] [DEBUG][com.freerdp.channels.rdpgfx.client] - [rdpgfx_read_h264_metablock]: regionRects[9]: left: 192 top: 768 right: 256 bottom: 800
[18:00:03:517] [95171:000173f6] [DEBUG][com.freerdp.channels.rdpgfx.client] - [rdpgfx_read_h264_metablock]: quantQualityVals[0]: qp: 0 r: 0 p: 0 qualityVal: 100
[18:00:03:517] [95171:000173f6] [DEBUG][com.freerdp.channels.rdpgfx.client] - [rdpgfx_read_h264_metablock]: quantQualityVals[1]: qp: 0 r: 0 p: 0 qualityVal: 100
[18:00:03:517] [95171:000173f6] [DEBUG][com.freerdp.channels.rdpgfx.client] - [rdpgfx_read_h264_metablock]: quantQualityVals[2]: qp: 0 r: 0 p: 0 qualityVal: 100
[18:00:03:517] [95171:000173f6] [DEBUG][com.freerdp.channels.rdpgfx.client] - [rdpgfx_read_h264_metablock]: quantQualityVals[3]: qp: 0 r: 0 p: 0 qualityVal: 100
[18:00:03:517] [95171:000173f6] [DEBUG][com.freerdp.channels.rdpgfx.client] - [rdpgfx_read_h264_metablock]: quantQualityVals[4]: qp: 0 r: 0 p: 0 qualityVal: 100
[18:00:03:517] [95171:000173f6] [DEBUG][com.freerdp.channels.rdpgfx.client] - [rdpgfx_read_h264_metablock]: quantQualityVals[5]: qp: 0 r: 0 p: 0 qualityVal: 100
[18:00:03:517] [95171:000173f6] [DEBUG][com.freerdp.channels.rdpgfx.client] - [rdpgfx_read_h264_metablock]: quantQualityVals[6]: qp: 0 r: 0 p: 0 qualityVal: 100
[18:00:03:517] [95171:000173f6] [DEBUG][com.freerdp.channels.rdpgfx.client] - [rdpgfx_read_h264_metablock]: quantQualityVals[7]: qp: 0 r: 0 p: 0 qualityVal: 100
[18:00:03:517] [95171:000173f6] [DEBUG][com.freerdp.channels.rdpgfx.client] - [rdpgfx_read_h264_metablock]: quantQualityVals[8]: qp: 0 r: 0 p: 0 qualityVal: 100
[18:00:03:517] [95171:000173f6] [DEBUG][com.freerdp.channels.rdpgfx.client] - [rdpgfx_read_h264_metablock]: quantQualityVals[9]: qp: 0 r: 0 p: 0 qualityVal: 100
[18:00:03:583] [95171:000173f6] [DEBUG][com.freerdp.channels.rdpgfx.client] - [rdpgfx_read_h264_metablock]: H264_METABLOCK: numRegionRects: 7
[18:00:03:583] [95171:000173f6] [DEBUG][com.freerdp.channels.rdpgfx.client] - [rdpgfx_read_h264_metablock]: regionRects[0]: left: 192 top: 320 right: 256 bottom: 384
[18:00:03:583] [95171:000173f6] [DEBUG][com.freerdp.channels.rdpgfx.client] - [rdpgfx_read_h264_metablock]: regionRects[1]: left: 192 top: 384 right: 256 bottom: 448
[18:00:03:583] [95171:000173f6] [DEBUG][com.freerdp.channels.rdpgfx.client] - [rdpgfx_read_h264_metablock]: regionRects[2]: left: 192 top: 704 right: 256 bottom: 768
[18:00:03:583] [95171:000173f6] [DEBUG][com.freerdp.channels.rdpgfx.client] - [rdpgfx_read_h264_metablock]: regionRects[3]: left: 0 top: 768 right: 64 bottom: 800
[18:00:03:583] [95171:000173f6] [DEBUG][com.freerdp.channels.rdpgfx.client] - [rdpgfx_read_h264_metablock]: regionRects[4]: left: 64 top: 768 right: 128 bottom: 800
[18:00:03:583] [95171:000173f6] [DEBUG][com.freerdp.channels.rdpgfx.client] - [rdpgfx_read_h264_metablock]: regionRects[5]: left: 128 top: 768 right: 192 bottom: 800
[18:00:03:583] [95171:000173f6] [DEBUG][com.freerdp.channels.rdpgfx.client] - [rdpgfx_read_h264_metablock]: regionRects[6]: left: 192 top: 768 right: 256 bottom: 800
[18:00:03:583] [95171:000173f6] [DEBUG][com.freerdp.channels.rdpgfx.client] - [rdpgfx_read_h264_metablock]: quantQualityVals[0]: qp: 0 r: 0 p: 0 qualityVal: 100
[18:00:03:583] [95171:000173f6] [DEBUG][com.freerdp.channels.rdpgfx.client] - [rdpgfx_read_h264_metablock]: quantQualityVals[1]: qp: 0 r: 0 p: 0 qualityVal: 100
[18:00:03:583] [95171:000173f6] [DEBUG][com.freerdp.channels.rdpgfx.client] - [rdpgfx_read_h264_metablock]: quantQualityVals[2]: qp: 0 r: 0 p: 0 qualityVal: 100
[18:00:03:583] [95171:000173f6] [DEBUG][com.freerdp.channels.rdpgfx.client] - [rdpgfx_read_h264_metablock]: quantQualityVals[3]: qp: 0 r: 0 p: 0 qualityVal: 100
[18:00:03:583] [95171:000173f6] [DEBUG][com.freerdp.channels.rdpgfx.client] - [rdpgfx_read_h264_metablock]: quantQualityVals[4]: qp: 0 r: 0 p: 0 qualityVal: 100
[18:00:03:583] [95171:000173f6] [DEBUG][com.freerdp.channels.rdpgfx.client] - [rdpgfx_read_h264_metablock]: quantQualityVals[5]: qp: 0 r: 0 p: 0 qualityVal: 100
[18:00:03:583] [95171:000173f6] [DEBUG][com.freerdp.channels.rdpgfx.client] - [rdpgfx_read_h264_metablock]: quantQualityVals[6]: qp: 0 r: 0 p: 0 qualityVal: 100
[18:00:03:684] [95171:000173f6] [DEBUG][com.freerdp.channels.rdpgfx.client] - [rdpgfx_read_h264_metablock]: H264_METABLOCK: numRegionRects: 4
[18:00:03:684] [95171:000173f6] [DEBUG][com.freerdp.channels.rdpgfx.client] - [rdpgfx_read_h264_metablock]: regionRects[0]: left: 0 top: 768 right: 64 bottom: 800
[18:00:03:684] [95171:000173f6] [DEBUG][com.freerdp.channels.rdpgfx.client] - [rdpgfx_read_h264_metablock]: regionRects[1]: left: 64 top: 768 right: 128 bottom: 800
[18:00:03:684] [95171:000173f6] [DEBUG][com.freerdp.channels.rdpgfx.client] - [rdpgfx_read_h264_metablock]: regionRects[2]: left: 128 top: 768 right: 192 bottom: 800
[18:00:03:684] [95171:000173f6] [DEBUG][com.freerdp.channels.rdpgfx.client] - [rdpgfx_read_h264_metablock]: regionRects[3]: left: 192 top: 768 right: 256 bottom: 800
[18:00:03:684] [95171:000173f6] [DEBUG][com.freerdp.channels.rdpgfx.client] - [rdpgfx_read_h264_metablock]: quantQualityVals[0]: qp: 0 r: 0 p: 0 qualityVal: 100
[18:00:03:684] [95171:000173f6] [DEBUG][com.freerdp.channels.rdpgfx.client] - [rdpgfx_read_h264_metablock]: quantQualityVals[1]: qp: 0 r: 0 p: 0 qualityVal: 100
[18:00:03:684] [95171:000173f6] [DEBUG][com.freerdp.channels.rdpgfx.client] - [rdpgfx_read_h264_metablock]: quantQualityVals[2]: qp: 0 r: 0 p: 0 qualityVal: 100
[18:00:03:684] [95171:000173f6] [DEBUG][com.freerdp.channels.rdpgfx.client] - [rdpgfx_read_h264_metablock]: quantQualityVals[3]: qp: 0 r: 0 p: 0 qualityVal: 100
[18:00:03:814] [95171:000173f6] [DEBUG][com.freerdp.channels.rdpgfx.client] - [rdpgfx_read_h264_metablock]: H264_METABLOCK: numRegionRects: 4
[18:00:03:814] [95171:000173f6] [DEBUG][com.freerdp.channels.rdpgfx.client] - [rdpgfx_read_h264_metablock]: regionRects[0]: left: 0 top: 768 right: 64 bottom: 800
[18:00:03:814] [95171:000173f6] [DEBUG][com.freerdp.channels.rdpgfx.client] - [rdpgfx_read_h264_metablock]: regionRects[1]: left: 64 top: 768 right: 128 bottom: 800
[18:00:03:814] [95171:000173f6] [DEBUG][com.freerdp.channels.rdpgfx.client] - [rdpgfx_read_h264_metablock]: regionRects[2]: left: 128 top: 768 right: 192 bottom: 800
[18:00:03:814] [95171:000173f6] [DEBUG][com.freerdp.channels.rdpgfx.client] - [rdpgfx_read_h264_metablock]: regionRects[3]: left: 192 top: 768 right: 256 bottom: 800
[18:00:03:814] [95171:000173f6] [DEBUG][com.freerdp.channels.rdpgfx.client] - [rdpgfx_read_h264_metablock]: quantQualityVals[0]: qp: 0 r: 0 p: 0 qualityVal: 100
[18:00:03:814] [95171:000173f6] [DEBUG][com.freerdp.channels.rdpgfx.client] - [rdpgfx_read_h264_metablock]: quantQualityVals[1]: qp: 0 r: 0 p: 0 qualityVal: 100
[18:00:03:814] [95171:000173f6] [DEBUG][com.freerdp.channels.rdpgfx.client] - [rdpgfx_read_h264_metablock]: quantQualityVals[2]: qp: 0 r: 0 p: 0 qualityVal: 100
[18:00:03:814] [95171:000173f6] [DEBUG][com.freerdp.channels.rdpgfx.client] - [rdpgfx_read_h264_metablock]: quantQualityVals[3]: qp: 0 r: 0 p: 0 qualityVal: 100
[18:00:04:025] [95171:000173f6] [DEBUG][com.freerdp.channels.rdpgfx.client] - [rdpgfx_read_h264_metablock]: H264_METABLOCK: numRegionRects: 260
[18:00:04:025] [95171:000173f6] [DEBUG][com.freerdp.channels.rdpgfx.client] - [rdpgfx_read_h264_metablock]: regionRects[0]: left: 0 top: 0 right: 64 bottom: 64
[18:00:04:025] [95171:000173f6] [DEBUG][com.freerdp.channels.rdpgfx.client] - [rdpgfx_read_h264_metablock]: regionRects[1]: left: 64 top: 0 right: 128 bottom: 64
[18:00:04:025] [95171:000173f6] [DEBUG][com.freerdp.channels.rdpgfx.client] - [rdpgfx_read_h264_metablock]: regionRects[2]: left: 128 top: 0 right: 192 bottom: 64
[18:00:04:025] [95171:000173f6] [DEBUG][com.freerdp.channels.rdpgfx.client] - [rdpgfx_read_h264_metablock]: regionRects[3]: left: 192 top: 0 right: 256 bottom: 64
[18:00:04:025] [95171:000173f6] [DEBUG][com.freerdp.channels.rdpgfx.client] - [rdpgfx_read_h264_metablock]: regionRects[4]: left: 256 top: 0 right: 320 bottom: 64
[18:00:04:025] [95171:000173f6] [DEBUG][com.freerdp.channels.rdpgfx.client] - [rdpgfx_read_h264_metablock]: regionRects[5]: left: 320 top: 0 right: 384 bottom: 64
[18:00:04:025] [95171:000173f6] [DEBUG][com.freerdp.channels.rdpgfx.client] - [rdpgfx_read_h264_metablock]: regionRects[6]: left: 384 top: 0 right: 448 bottom: 64
[18:00:04:025] [95171:000173f6] [DEBUG][com.freerdp.channels.rdpgfx.client] - [rdpgfx_read_h264_metablock]: regionRects[7]: left: 448 top: 0 right: 512 bottom: 64
[18:00:04:025] [95171:000173f6] [DEBUG][com.freerdp.channels.rdpgfx.client] - [rdpgfx_read_h264_metablock]: regionRects[8]: left: 512 top: 0 right: 576 bottom: 64
[18:00:04:025] [95171:000173f6] [DEBUG][com.freerdp.channels.rdpgfx.client] - [rdpgfx_read_h264_metablock]: regionRects[9]: left: 576 top: 0 right: 640 bottom: 64
[18:00:04:025] [95171:000173f6] [DEBUG][com.freerdp.channels.rdpgfx.client] - [rdpgfx_read_h264_metablock]: regionRects[10]: left: 640 top: 0 right: 704 bottom: 64
[18:00:04:025] [95171:000173f6] [DEBUG][com.freerdp.channels.rdpgfx.client] - [rdpgfx_read_h264_metablock]: regionRects[11]: left: 704 top: 0 right: 768 bottom: 64
[18:00:04:025] [95171:000173f6] [DEBUG][com.freerdp.channels.rdpgfx.client] - [rdpgfx_read_h264_metablock]: regionRects[12]: left: 768 top: 0 right: 832 bottom: 64
[18:00:04:025] [95171:000173f6] [DEBUG][com.freerdp.channels.rdpgfx.client] - [rdpgfx_read_h264_metablock]: regionRects[13]: left: 832 top: 0 right: 896 bottom: 64
[18:00:04:025] [95171:000173f6] [DEBUG][com.freerdp.channels.rdpgfx.client] - [rdpgfx_read_h264_metablock]: regionRects[14]: left: 896 top: 0 right: 960 bottom: 64
[18:00:04:025] [95171:000173f6] [DEBUG][com.freerdp.channels.rdpgfx.client] - [rdpgfx_read_h264_metablock]: regionRects[15]: left: 960 top: 0 right: 1024 bottom: 64
[18:00:04:025] [95171:000173f6] [DEBUG][com.freerdp.channels.rdpgfx.client] - [rdpgfx_read_h264_metablock]: regionRects[16]: left: 1024 top: 0 right: 1088 bottom: 64
[18:00:04:025] [95171:000173f6] [DEBUG][com.freerdp.channels.rdpgfx.client] - [rdpgfx_read_h264_metablock]: regionRects[17]: left: 1088 top: 0 right: 1152 bottom: 64
[18:00:04:025] [95171:000173f6] [DEBUG][com.freerdp.channels.rdpgfx.client] - [rdpgfx_read_h264_metablock]: regionRects[18]: left: 1152 top: 0 right: 1216 bottom: 64
[18:00:04:025] [95171:000173f6] [DEBUG][com.freerdp.channels.rdpgfx.client] - [rdpgfx_read_h264_metablock]: regionRects[19]: left: 1216 top: 0 right: 1280 bottom: 64
[18:00:04:025] [95171:000173f6] [DEBUG][com.freerdp.channels.rdpgfx.client] - [rdpgfx_read_h264_metablock]: regionRects[20]: left: 0 top: 64 right: 64 bottom: 128
[18:00:04:025] [95171:000173f6] [DEBUG][com.freerdp.channels.rdpgfx.client] - [rdpgfx_read_h264_metablock]: regionRects[21]: left: 64 top: 64 right: 128 bottom: 128
[18:00:04:025] [95171:000173f6] [DEBUG][com.freerdp.channels.rdpgfx.client] - [rdpgfx_read_h264_metablock]: regionRects[22]: left: 128 top: 64 right: 192 bottom: 128
[18:00:04:025] [95171:000173f6] [DEBUG][com.freerdp.channels.rdpgfx.client] - [rdpgfx_read_h264_metablock]: regionRects[23]: left: 192 top: 64 right: 256 bottom: 128
[18:00:04:025] [95171:000173f6] [DEBUG][com.freerdp.channels.rdpgfx.client] - [rdpgfx_read_h264_metablock]: regionRects[24]: left: 256 top: 64 right: 320 bottom: 128
[18:00:04:025] [95171:000173f6] [DEBUG][com.freerdp.channels.rdpgfx.client] - [rdpgfx_read_h264_metablock]: regionRects[25]: left: 320 top: 64 right: 384 bottom: 128
[18:00:04:025] [95171:000173f6] [DEBUG][com.freerdp.channels.rdpgfx.client] - [rdpgfx_read_h264_metablock]: regionRects[26]: left: 384 top: 64 right: 448 bottom: 128
[18:00:04:025] [95171:000173f6] [DEBUG][com.freerdp.channels.rdpgfx.client] - [rdpgfx_read_h264_metablock]: regionRects[27]: left: 448 top: 64 right: 512 bottom: 128
[18:00:04:025] [95171:000173f6] [DEBUG][com.freerdp.channels.rdpgfx.client] - [rdpgfx_read_h264_metablock]: regionRects[28]: left: 512 top: 64 right: 576 bottom: 128
[18:00:04:025] [95171:000173f6] [DEBUG][com.freerdp.channels.rdpgfx.client] - [rdpgfx_read_h264_metablock]: regionRects[29]: left: 576 top: 64 right: 640 bottom: 128
[18:00:04:025] [95171:000173f6] [DEBUG][com.freerdp.channels.rdpgfx.client] - [rdpgfx_read_h264_metablock]: regionRects[30]: left: 640 top: 64 right: 704 bottom: 128
[18:00:04:025] [95171:000173f6] [DEBUG][com.freerdp.channels.rdpgfx.client] - [rdpgfx_read_h264_metablock]: regionRects[31]: left: 704 top: 64 right: 768 bottom: 128
[18:00:04:025] [95171:000173f6] [DEBUG][com.freerdp.channels.rdpgfx.client] - [rdpgfx_read_h264_metablock]: regionRects[32]: left: 768 top: 64 right: 832 bottom: 128
[18:00:04:025] [95171:000173f6] [DEBUG][com.freerdp.channels.rdpgfx.client] - [rdpgfx_read_h264_metablock]: regionRects[33]: left: 832 top: 64 right: 896 bottom: 128
[18:00:04:025] [95171:000173f6] [DEBUG][com.freerdp.channels.rdpgfx.client] - [rdpgfx_read_h264_metablock]: regionRects[34]: left: 896 top: 64 right: 960 bottom: 128
[18:00:04:025] [95171:000173f6] [DEBUG][com.freerdp.channels.rdpgfx.client] - [rdpgfx_read_h264_metablock]: regionRects[35]: left: 960 top: 64 right: 1024 bottom: 128
[18:00:04:025] [95171:000173f6] [DEBUG][com.freerdp.channels.rdpgfx.client] - [rdpgfx_read_h264_metablock]: regionRects[36]: left: 1024 top: 64 right: 1088 bottom: 128
[18:00:04:025] [95171:000173f6] [DEBUG][com.freerdp.channels.rdpgfx.client] - [rdpgfx_read_h264_metablock]: regionRects[37]: left: 1088 top: 64 right: 1152 bottom: 128
[18:00:04:025] [95171:000173f6] [DEBUG][com.freerdp.channels.rdpgfx.client] - [rdpgfx_read_h264_metablock]: regionRects[38]: left: 1152 top: 64 right: 1216 bottom: 128
[18:00:04:025] [95171:000173f6] [DEBUG][com.freerdp.channels.rdpgfx.client] - [rdpgfx_read_h264_metablock]: regionRects[39]: left: 1216 top: 64 right: 1280 bottom: 128
[18:00:04:025] [95171:000173f6] [DEBUG][com.freerdp.channels.rdpgfx.client] - [rdpgfx_read_h264_metablock]: regionRects[40]: left: 0 top: 128 right: 64 bottom: 192
[18:00:04:025] [95171:000173f6] [DEBUG][com.freerdp.channels.rdpgfx.client] - [rdpgfx_read_h264_metablock]: regionRects[41]: left: 64 top: 128 right: 128 bottom: 192
[18:00:04:025] [95171:000173f6] [DEBUG][com.freerdp.channels.rdpgfx.client] - [rdpgfx_read_h264_metablock]: regionRects[42]: left: 128 top: 128 right: 192 bottom: 192
[18:00:04:025] [95171:000173f6] [DEBUG][com.freerdp.channels.rdpgfx.client] - [rdpgfx_read_h264_metablock]: regionRects[43]: left: 192 top: 128 right: 256 bottom: 192
[18:00:04:025] [95171:000173f6] [DEBUG][com.freerdp.channels.rdpgfx.client] - [rdpgfx_read_h264_metablock]: regionRects[44]: left: 256 top: 128 right: 320 bottom: 192
[18:00:04:025] [95171:000173f6] [DEBUG][com.freerdp.channels.rdpgfx.client] - [rdpgfx_read_h264_metablock]: regionRects[45]: left: 320 top: 128 right: 384 bottom: 192
[18:00:04:025] [95171:000173f6] [DEBUG][com.freerdp.channels.rdpgfx.client] - [rdpgfx_read_h264_metablock]: regionRects[46]: left: 384 top: 128 right: 448 bottom: 192
[18:00:04:025] [95171:000173f6] [DEBUG][com.freerdp.channels.rdpgfx.client] - [rdpgfx_read_h264_metablock]: regionRects[47]: left: 448 top: 128 right: 512 bottom: 192
[18:00:04:025] [95171:000173f6] [DEBUG][com.freerdp.channels.rdpgfx.client] - [rdpgfx_read_h264_metablock]: regionRects[48]: left: 512 top: 128 right: 576 bottom: 192
[18:00:04:025] [95171:000173f6] [DEBUG][com.freerdp.channels.rdpgfx.client] - [rdpgfx_read_h264_metablock]: regionRects[49]: left: 576 top: 128 right: 640 bottom: 192
[18:00:04:025] [95171:000173f6] [DEBUG][com.freerdp.channels.rdpgfx.client] - [rdpgfx_read_h264_metablock]: regionRects[50]: left: 640 top: 128 right: 704 bottom: 192
[18:00:04:025] [95171:000173f6] [DEBUG][com.freerdp.channels.rdpgfx.client] - [rdpgfx_read_h264_metablock]: regionRects[51]: left: 704 top: 128 right: 768 bottom: 192
[18:00:04:025] [95171:000173f6] [DEBUG][com.freerdp.channels.rdpgfx.client] - [rdpgfx_read_h264_metablock]: regionRects[52]: left: 768 top: 128 right: 832 bottom: 192
[18:00:04:025] [95171:000173f6] [DEBUG][com.freerdp.channels.rdpgfx.client] - [rdpgfx_read_h264_metablock]: regionRects[53]: left: 832 top: 128 right: 896 bottom: 192
[18:00:04:025] [95171:000173f6] [DEBUG][com.freerdp.channels.rdpgfx.client] - [rdpgfx_read_h264_metablock]: regionRects[54]: left: 896 top: 128 right: 960 bottom: 192
[18:00:04:025] [95171:000173f6] [DEBUG][com.freerdp.channels.rdpgfx.client] - [rdpgfx_read_h264_metablock]: regionRects[55]: left: 960 top: 128 right: 1024 bottom: 192
[18:00:04:025] [95171:000173f6] [DEBUG][com.freerdp.channels.rdpgfx.client] - [rdpgfx_read_h264_metablock]: regionRects[56]: left: 1024 top: 128 right: 1088 bottom: 192
[18:00:04:025] [95171:000173f6] [DEBUG][com.freerdp.channels.rdpgfx.client] - [rdpgfx_read_h264_metablock]: regionRects[57]: left: 1088 top: 128 right: 1152 bottom: 192
[18:00:04:025] [95171:000173f6] [DEBUG][com.freerdp.channels.rdpgfx.client] - [rdpgfx_read_h264_metablock]: regionRects[58]: left: 1152 top: 128 right: 1216 bottom: 192
[18:00:04:025] [95171:000173f6] [DEBUG][com.freerdp.channels.rdpgfx.client] - [rdpgfx_read_h264_metablock]: regionRects[59]: left: 1216 top: 128 right: 1280 bottom: 192
[18:00:04:025] [95171:000173f6] [DEBUG][com.freerdp.channels.rdpgfx.client] - [rdpgfx_read_h264_metablock]: regionRects[60]: left: 0 top: 192 right: 64 bottom: 256
[18:00:04:025] [95171:000173f6] [DEBUG][com.freerdp.channels.rdpgfx.client] - [rdpgfx_read_h264_metablock]: regionRects[61]: left: 64 top: 192 right: 128 bottom: 256
[18:00:04:025] [95171:000173f6] [DEBUG][com.freerdp.channels.rdpgfx.client] - [rdpgfx_read_h264_metablock]: regionRects[62]: left: 128 top: 192 right: 192 bottom: 256
[18:00:04:025] [95171:000173f6] [DEBUG][com.freerdp.channels.rdpgfx.client] - [rdpgfx_read_h264_metablock]: regionRects[63]: left: 192 top: 192 right: 256 bottom: 256
[18:00:04:025] [95171:000173f6] [DEBUG][com.freerdp.channels.rdpgfx.client] - [rdpgfx_read_h264_metablock]: regionRects[64]: left: 256 top: 192 right: 320 bottom: 256
[18:00:04:025] [95171:000173f6] [DEBUG][com.freerdp.channels.rdpgfx.client] - [rdpgfx_read_h264_metablock]: regionRects[65]: left: 320 top: 192 right: 384 bottom: 256
[18:00:04:025] [95171:000173f6] [DEBUG][com.freerdp.channels.rdpgfx.client] - [rdpgfx_read_h264_metablock]: regionRects[66]: left: 384 top: 192 right: 448 bottom: 256
[18:00:04:025] [95171:000173f6] [DEBUG][com.freerdp.channels.rdpgfx.client] - [rdpgfx_read_h264_metablock]: regionRects[67]: left: 448 top: 192 right: 512 bottom: 256
[18:00:04:025] [95171:000173f6] [DEBUG][com.freerdp.channels.rdpgfx.client] - [rdpgfx_read_h264_metablock]: regionRects[68]: left: 512 top: 192 right: 576 bottom: 256
[18:00:04:025] [95171:000173f6] [DEBUG][com.freerdp.channels.rdpgfx.client] - [rdpgfx_read_h264_metablock]: regionRects[69]: left: 576 top: 192 right: 640 bottom: 256
[18:00:04:025] [95171:000173f6] [DEBUG][com.freerdp.channels.rdpgfx.client] - [rdpgfx_read_h264_metablock]: regionRects[70]: left: 640 top: 192 right: 704 bottom: 256
[18:00:04:025] [95171:000173f6] [DEBUG][com.freerdp.channels.rdpgfx.client] - [rdpgfx_read_h264_metablock]: regionRects[71]: left: 704 top: 192 right: 768 bottom: 256
[18:00:04:025] [95171:000173f6] [DEBUG][com.freerdp.channels.rdpgfx.client] - [rdpgfx_read_h264_metablock]: regionRects[72]: left: 768 top: 192 right: 832 bottom: 256
[18:00:04:025] [95171:000173f6] [DEBUG][com.freerdp.channels.rdpgfx.client] - [rdpgfx_read_h264_metablock]: regionRects[73]: left: 832 top: 192 right: 896 bottom: 256
[18:00:04:025] [95171:000173f6] [DEBUG][com.freerdp.channels.rdpgfx.client] - [rdpgfx_read_h264_metablock]: regionRects[74]: left: 896 top: 192 right: 960 bottom: 256
[18:00:04:025] [95171:000173f6] [DEBUG][com.freerdp.channels.rdpgfx.client] - [rdpgfx_read_h264_metablock]: regionRects[75]: left: 960 top: 192 right: 1024 bottom: 256
[18:00:04:025] [95171:000173f6] [DEBUG][com.freerdp.channels.rdpgfx.client] - [rdpgfx_read_h264_metablock]: regionRects[76]: left: 1024 top: 192 right: 1088 bottom: 256
[18:00:04:025] [95171:000173f6] [DEBUG][com.freerdp.channels.rdpgfx.client] - [rdpgfx_read_h264_metablock]: regionRects[77]: left: 1088 top: 192 right: 1152 bottom: 256
[18:00:04:025] [95171:000173f6] [DEBUG][com.freerdp.channels.rdpgfx.client] - [rdpgfx_read_h264_metablock]: regionRects[78]: left: 1152 top: 192 right: 1216 bottom: 256
[18:00:04:025] [95171:000173f6] [DEBUG][com.freerdp.channels.rdpgfx.client] - [rdpgfx_read_h264_metablock]: regionRects[79]: left: 1216 top: 192 right: 1280 bottom: 256
[18:00:04:025] [95171:000173f6] [DEBUG][com.freerdp.channels.rdpgfx.client] - [rdpgfx_read_h264_metablock]: regionRects[80]: left: 0 top: 256 right: 64 bottom: 320
[18:00:04:025] [95171:000173f6] [DEBUG][com.freerdp.channels.rdpgfx.client] - [rdpgfx_read_h264_metablock]: regionRects[81]: left: 64 top: 256 right: 128 bottom: 320
[18:00:04:025] [95171:000173f6] [DEBUG][com.freerdp.channels.rdpgfx.client] - [rdpgfx_read_h264_metablock]: regionRects[82]: left: 128 top: 256 right: 192 bottom: 320
[18:00:04:025] [95171:000173f6] [DEBUG][com.freerdp.channels.rdpgfx.client] - [rdpgfx_read_h264_metablock]: regionRects[83]: left: 192 top: 256 right: 256 bottom: 320
[18:00:04:025] [95171:000173f6] [DEBUG][com.freerdp.channels.rdpgfx.client] - [rdpgfx_read_h264_metablock]: regionRects[84]: left: 256 top: 256 right: 320 bottom: 320
[18:00:04:025] [95171:000173f6] [DEBUG][com.freerdp.channels.rdpgfx.client] - [rdpgfx_read_h264_metablock]: regionRects[85]: left: 320 top: 256 right: 384 bottom: 320
[18:00:04:025] [95171:000173f6] [DEBUG][com.freerdp.channels.rdpgfx.client] - [rdpgfx_read_h264_metablock]: regionRects[86]: left: 384 top: 256 right: 448 bottom: 320
[18:00:04:025] [95171:000173f6] [DEBUG][com.freerdp.channels.rdpgfx.client] - [rdpgfx_read_h264_metablock]: regionRects[87]: left: 448 top: 256 right: 512 bottom: 320
[18:00:04:025] [95171:000173f6] [DEBUG][com.freerdp.channels.rdpgfx.client] - [rdpgfx_read_h264_metablock]: regionRects[88]: left: 512 top: 256 right: 576 bottom: 320
[18:00:04:025] [95171:000173f6] [DEBUG][com.freerdp.channels.rdpgfx.client] - [rdpgfx_read_h264_metablock]: regionRects[89]: left: 576 top: 256 right: 640 bottom: 320
[18:00:04:025] [95171:000173f6] [DEBUG][com.freerdp.channels.rdpgfx.client] - [rdpgfx_read_h264_metablock]: regionRects[90]: left: 640 top: 256 right: 704 bottom: 320
[18:00:04:025] [95171:000173f6] [DEBUG][com.freerdp.channels.rdpgfx.client] - [rdpgfx_read_h264_metablock]: regionRects[91]: left: 704 top: 256 right: 768 bottom: 320
[18:00:04:025] [95171:000173f6] [DEBUG][com.freerdp.channels.rdpgfx.client] - [rdpgfx_read_h264_metablock]: regionRects[92]: left: 768 top: 256 right: 832 bottom: 320
[18:00:04:025] [95171:000173f6] [DEBUG][com.freerdp.channels.rdpgfx.client] - [rdpgfx_read_h264_metablock]: regionRects[93]: left: 832 top: 256 right: 896 bottom: 320
[18:00:04:025] [95171:000173f6] [DEBUG][com.freerdp.channels.rdpgfx.client] - [rdpgfx_read_h264_metablock]: regionRects[94]: left: 896 top: 256 right: 960 bottom: 320
[18:00:04:025] [95171:000173f6] [DEBUG][com.freerdp.channels.rdpgfx.client] - [rdpgfx_read_h264_metablock]: regionRects[95]: left: 960 top: 256 right: 1024 bottom: 320
[18:00:04:025] [95171:000173f6] [DEBUG][com.freerdp.channels.rdpgfx.client] - [rdpgfx_read_h264_metablock]: regionRects[96]: left: 1024 top: 256 right: 1088 bottom: 320
[18:00:04:025] [95171:000173f6] [DEBUG][com.freerdp.channels.rdpgfx.client] - [rdpgfx_read_h264_metablock]: regionRects[97]: left: 1088 top: 256 right: 1152 bottom: 320
[18:00:04:025] [95171:000173f6] [DEBUG][com.freerdp.channels.rdpgfx.client] - [rdpgfx_read_h264_metablock]: regionRects[98]: left: 1152 top: 256 right: 1216 bottom: 320
[18:00:04:025] [95171:000173f6] [DEBUG][com.freerdp.channels.rdpgfx.client] - [rdpgfx_read_h264_metablock]: regionRects[99]: left: 1216 top: 256 right: 1280 bottom: 320
[18:00:04:025] [95171:000173f6] [DEBUG][com.freerdp.channels.rdpgfx.client] - [rdpgfx_read_h264_metablock]: regionRects[100]: left: 0 top: 320 right: 64 bottom: 384
[18:00:04:025] [95171:000173f6] [DEBUG][com.freerdp.channels.rdpgfx.client] - [rdpgfx_read_h264_metablock]: regionRects[101]: left: 64 top: 320 right: 128 bottom: 384
[18:00:04:025] [95171:000173f6] [DEBUG][com.freerdp.channels.rdpgfx.client] - [rdpgfx_read_h264_metablock]: regionRects[102]: left: 128 top: 320 right: 192 bottom: 384
[18:00:04:025] [95171:000173f6] [DEBUG][com.freerdp.channels.rdpgfx.client] - [rdpgfx_read_h264_metablock]: regionRects[103]: left: 192 top: 320 right: 256 bottom: 384
[18:00:04:025] [95171:000173f6] [DEBUG][com.freerdp.channels.rdpgfx.client] - [rdpgfx_read_h264_metablock]: regionRects[104]: left: 256 top: 320 right: 320 bottom: 384
[18:00:04:025] [95171:000173f6] [DEBUG][com.freerdp.channels.rdpgfx.client] - [rdpgfx_read_h264_metablock]: regionRects[105]: left: 320 top: 320 right: 384 bottom: 384
[18:00:04:025] [95171:000173f6] [DEBUG][com.freerdp.channels.rdpgfx.client] - [rdpgfx_read_h264_metablock]: regionRects[106]: left: 384 top: 320 right: 448 bottom: 384
[18:00:04:025] [95171:000173f6] [DEBUG][com.freerdp.channels.rdpgfx.client] - [rdpgfx_read_h264_metablock]: regionRects[107]: left: 448 top: 320 right: 512 bottom: 384
[18:00:04:025] [95171:000173f6] [DEBUG][com.freerdp.channels.rdpgfx.client] - [rdpgfx_read_h264_metablock]: regionRects[108]: left: 512 top: 320 right: 576 bottom: 384
[18:00:04:025] [95171:000173f6] [DEBUG][com.freerdp.channels.rdpgfx.client] - [rdpgfx_read_h264_metablock]: regionRects[109]: left: 576 top: 320 right: 640 bottom: 384
[18:00:04:025] [95171:000173f6] [DEBUG][com.freerdp.channels.rdpgfx.client] - [rdpgfx_read_h264_metablock]: regionRects[110]: left: 640 top: 320 right: 704 bottom: 384
[18:00:04:025] [95171:000173f6] [DEBUG][com.freerdp.channels.rdpgfx.client] - [rdpgfx_read_h264_metablock]: regionRects[111]: left: 704 top: 320 right: 768 bottom: 384
[18:00:04:025] [95171:000173f6] [DEBUG][com.freerdp.channels.rdpgfx.client] - [rdpgfx_read_h264_metablock]: regionRects[112]: left: 768 top: 320 right: 832 bottom: 384
[18:00:04:025] [95171:000173f6] [DEBUG][com.freerdp.channels.rdpgfx.client] - [rdpgfx_read_h264_metablock]: regionRects[113]: left: 832 top: 320 right: 896 bottom: 384
[18:00:04:025] [95171:000173f6] [DEBUG][com.freerdp.channels.rdpgfx.client] - [rdpgfx_read_h264_metablock]: regionRects[114]: left: 896 top: 320 right: 960 bottom: 384
[18:00:04:025] [95171:000173f6] [DEBUG][com.freerdp.channels.rdpgfx.client] - [rdpgfx_read_h264_metablock]: regionRects[115]: left: 960 top: 320 right: 1024 bottom: 384
[18:00:04:025] [95171:000173f6] [DEBUG][com.freerdp.channels.rdpgfx.client] - [rdpgfx_read_h264_metablock]: regionRects[116]: left: 1024 top: 320 right: 1088 bottom: 384
[18:00:04:025] [95171:000173f6] [DEBUG][com.freerdp.channels.rdpgfx.client] - [rdpgfx_read_h264_metablock]: regionRects[117]: left: 1088 top: 320 right: 1152 bottom: 384
[18:00:04:025] [95171:000173f6] [DEBUG][com.freerdp.channels.rdpgfx.client] - [rdpgfx_read_h264_metablock]: regionRects[118]: left: 1152 top: 320 right: 1216 bottom: 384
[18:00:04:025] [95171:000173f6] [DEBUG][com.freerdp.channels.rdpgfx.client] - [rdpgfx_read_h264_metablock]: regionRects[119]: left: 1216 top: 320 right: 1280 bottom: 384
[18:00:04:025] [95171:000173f6] [DEBUG][com.freerdp.channels.rdpgfx.client] - [rdpgfx_read_h264_metablock]: regionRects[120]: left: 0 top: 384 right: 64 bottom: 448
[18:00:04:025] [95171:000173f6] [DEBUG][com.freerdp.channels.rdpgfx.client] - [rdpgfx_read_h264_metablock]: regionRects[121]: left: 64 top: 384 right: 128 bottom: 448
[18:00:04:025] [95171:000173f6] [DEBUG][com.freerdp.channels.rdpgfx.client] - [rdpgfx_read_h264_metablock]: regionRects[122]: left: 128 top: 384 right: 192 bottom: 448
[18:00:04:025] [95171:000173f6] [DEBUG][com.freerdp.channels.rdpgfx.client] - [rdpgfx_read_h264_metablock]: regionRects[123]: left: 192 top: 384 right: 256 bottom: 448
[18:00:04:025] [95171:000173f6] [DEBUG][com.freerdp.channels.rdpgfx.client] - [rdpgfx_read_h264_metablock]: regionRects[124]: left: 256 top: 384 right: 320 bottom: 448
[18:00:04:025] [95171:000173f6] [DEBUG][com.freerdp.channels.rdpgfx.client] - [rdpgfx_read_h264_metablock]: regionRects[125]: left: 320 top: 384 right: 384 bottom: 448
[18:00:04:025] [95171:000173f6] [DEBUG][com.freerdp.channels.rdpgfx.client] - [rdpgfx_read_h264_metablock]: regionRects[126]: left: 384 top: 384 right: 448 bottom: 448
[18:00:04:025] [95171:000173f6] [DEBUG][com.freerdp.channels.rdpgfx.client] - [rdpgfx_read_h264_metablock]: regionRects[127]: left: 448 top: 384 right: 512 bottom: 448
[18:00:04:025] [95171:000173f6] [DEBUG][com.freerdp.channels.rdpgfx.client] - [rdpgfx_read_h264_metablock]: regionRects[128]: left: 512 top: 384 right: 576 bottom: 448
[18:00:04:025] [95171:000173f6] [DEBUG][com.freerdp.channels.rdpgfx.client] - [rdpgfx_read_h264_metablock]: regionRects[129]: left: 576 top: 384 right: 640 bottom: 448
[18:00:04:025] [95171:000173f6] [DEBUG][com.freerdp.channels.rdpgfx.client] - [rdpgfx_read_h264_metablock]: regionRects[130]: left: 640 top: 384 right: 704 bottom: 448
[18:00:04:025] [95171:000173f6] [DEBUG][com.freerdp.channels.rdpgfx.client] - [rdpgfx_read_h264_metablock]: regionRects[131]: left: 704 top: 384 right: 768 bottom: 448
[18:00:04:025] [95171:000173f6] [DEBUG][com.freerdp.channels.rdpgfx.client] - [rdpgfx_read_h264_metablock]: regionRects[132]: left: 768 top: 384 right: 832 bottom: 448
[18:00:04:025] [95171:000173f6] [DEBUG][com.freerdp.channels.rdpgfx.client] - [rdpgfx_read_h264_metablock]: regionRects[133]: left: 832 top: 384 right: 896 bottom: 448
[18:00:04:025] [95171:000173f6] [DEBUG][com.freerdp.channels.rdpgfx.client] - [rdpgfx_read_h264_metablock]: regionRects[134]: left: 896 top: 384 right: 960 bottom: 448
[18:00:04:025] [95171:000173f6] [DEBUG][com.freerdp.channels.rdpgfx.client] - [rdpgfx_read_h264_metablock]: regionRects[135]: left: 960 top: 384 right: 1024 bottom: 448
[18:00:04:025] [95171:000173f6] [DEBUG][com.freerdp.channels.rdpgfx.client] - [rdpgfx_read_h264_metablock]: regionRects[136]: left: 1024 top: 384 right: 1088 bottom: 448
[18:00:04:025] [95171:000173f6] [DEBUG][com.freerdp.channels.rdpgfx.client] - [rdpgfx_read_h264_metablock]: regionRects[137]: left: 1088 top: 384 right: 1152 bottom: 448
[18:00:04:025] [95171:000173f6] [DEBUG][com.freerdp.channels.rdpgfx.client] - [rdpgfx_read_h264_metablock]: regionRects[138]: left: 1152 top: 384 right: 1216 bottom: 448
[18:00:04:025] [95171:000173f6] [DEBUG][com.freerdp.channels.rdpgfx.client] - [rdpgfx_read_h264_metablock]: regionRects[139]: left: 1216 top: 384 right: 1280 bottom: 448
[18:00:04:025] [95171:000173f6] [DEBUG][com.freerdp.channels.rdpgfx.client] - [rdpgfx_read_h264_metablock]: regionRects[140]: left: 0 top: 448 right: 64 bottom: 512
[18:00:04:025] [95171:000173f6] [DEBUG][com.freerdp.channels.rdpgfx.client] - [rdpgfx_read_h264_metablock]: regionRects[141]: left: 64 top: 448 right: 128 bottom: 512
[18:00:04:025] [95171:000173f6] [DEBUG][com.freerdp.channels.rdpgfx.client] - [rdpgfx_read_h264_metablock]: regionRects[142]: left: 128 top: 448 right: 192 bottom: 512
[18:00:04:025] [95171:000173f6] [DEBUG][com.freerdp.channels.rdpgfx.client] - [rdpgfx_read_h264_metablock]: regionRects[143]: left: 192 top: 448 right: 256 bottom: 512
[18:00:04:025] [95171:000173f6] [DEBUG][com.freerdp.channels.rdpgfx.client] - [rdpgfx_read_h264_metablock]: regionRects[144]: left: 256 top: 448 right: 320 bottom: 512
[18:00:04:025] [95171:000173f6] [DEBUG][com.freerdp.channels.rdpgfx.client] - [rdpgfx_read_h264_metablock]: regionRects[145]: left: 320 top: 448 right: 384 bottom: 512
[18:00:04:025] [95171:000173f6] [DEBUG][com.freerdp.channels.rdpgfx.client] - [rdpgfx_read_h264_metablock]: regionRects[146]: left: 384 top: 448 right: 448 bottom: 512
[18:00:04:025] [95171:000173f6] [DEBUG][com.freerdp.channels.rdpgfx.client] - [rdpgfx_read_h264_metablock]: regionRects[147]: left: 448 top: 448 right: 512 bottom: 512
[18:00:04:025] [95171:000173f6] [DEBUG][com.freerdp.channels.rdpgfx.client] - [rdpgfx_read_h264_metablock]: regionRects[148]: left: 512 top: 448 right: 576 bottom: 512
[18:00:04:025] [95171:000173f6] [DEBUG][com.freerdp.channels.rdpgfx.client] - [rdpgfx_read_h264_metablock]: regionRects[149]: left: 576 top: 448 right: 640 bottom: 512
[18:00:04:025] [95171:000173f6] [DEBUG][com.freerdp.channels.rdpgfx.client] - [rdpgfx_read_h264_metablock]: regionRects[150]: left: 640 top: 448 right: 704 bottom: 512
[18:00:04:025] [95171:000173f6] [DEBUG][com.freerdp.channels.rdpgfx.client] - [rdpgfx_read_h264_metablock]: regionRects[151]: left: 704 top: 448 right: 768 bottom: 512
[18:00:04:025] [95171:000173f6] [DEBUG][com.freerdp.channels.rdpgfx.client] - [rdpgfx_read_h264_metablock]: regionRects[152]: left: 768 top: 448 right: 832 bottom: 512
[18:00:04:025] [95171:000173f6] [DEBUG][com.freerdp.channels.rdpgfx.client] - [rdpgfx_read_h264_metablock]: regionRects[153]: left: 832 top: 448 right: 896 bottom: 512
[18:00:04:025] [95171:000173f6] [DEBUG][com.freerdp.channels.rdpgfx.client] - [rdpgfx_read_h264_metablock]: regionRects[154]: left: 896 top: 448 right: 960 bottom: 512
[18:00:04:025] [95171:000173f6] [DEBUG][com.freerdp.channels.rdpgfx.client] - [rdpgfx_read_h264_metablock]: regionRects[155]: left: 960 top: 448 right: 1024 bottom: 512
[18:00:04:025] [95171:000173f6] [DEBUG][com.freerdp.channels.rdpgfx.client] - [rdpgfx_read_h264_metablock]: regionRects[156]: left: 1024 top: 448 right: 1088 bottom: 512
[18:00:04:025] [95171:000173f6] [DEBUG][com.freerdp.channels.rdpgfx.client] - [rdpgfx_read_h264_metablock]: regionRects[157]: left: 1088 top: 448 right: 1152 bottom: 512
[18:00:04:025] [95171:000173f6] [DEBUG][com.freerdp.channels.rdpgfx.client] - [rdpgfx_read_h264_metablock]: regionRects[158]: left: 1152 top: 448 right: 1216 bottom: 512
[18:00:04:025] [95171:000173f6] [DEBUG][com.freerdp.channels.rdpgfx.client] - [rdpgfx_read_h264_metablock]: regionRects[159]: left: 1216 top: 448 right: 1280 bottom: 512
[18:00:04:025] [95171:000173f6] [DEBUG][com.freerdp.channels.rdpgfx.client] - [rdpgfx_read_h264_metablock]: regionRects[160]: left: 0 top: 512 right: 64 bottom: 576
[18:00:04:025] [95171:000173f6] [DEBUG][com.freerdp.channels.rdpgfx.client] - [rdpgfx_read_h264_metablock]: regionRects[161]: left: 64 top: 512 right: 128 bottom: 576
[18:00:04:025] [95171:000173f6] [DEBUG][com.freerdp.channels.rdpgfx.client] - [rdpgfx_read_h264_metablock]: regionRects[162]: left: 128 top: 512 right: 192 bottom: 576
[18:00:04:025] [95171:000173f6] [DEBUG][com.freerdp.channels.rdpgfx.client] - [rdpgfx_read_h264_metablock]: regionRects[163]: left: 192 top: 512 right: 256 bottom: 576
[18:00:04:025] [95171:000173f6] [DEBUG][com.freerdp.channels.rdpgfx.client] - [rdpgfx_read_h264_metablock]: regionRects[164]: left: 256 top: 512 right: 320 bottom: 576
[18:00:04:025] [95171:000173f6] [DEBUG][com.freerdp.channels.rdpgfx.client] - [rdpgfx_read_h264_metablock]: regionRects[165]: left: 320 top: 512 right: 384 bottom: 576
[18:00:04:025] [95171:000173f6] [DEBUG][com.freerdp.channels.rdpgfx.client] - [rdpgfx_read_h264_metablock]: regionRects[166]: left: 384 top: 512 right: 448 bottom: 576
[18:00:04:025] [95171:000173f6] [DEBUG][com.freerdp.channels.rdpgfx.client] - [rdpgfx_read_h264_metablock]: regionRects[167]: left: 448 top: 512 right: 512 bottom: 576
[18:00:04:025] [95171:000173f6] [DEBUG][com.freerdp.channels.rdpgfx.client] - [rdpgfx_read_h264_metablock]: regionRects[168]: left: 512 top: 512 right: 576 bottom: 576
[18:00:04:025] [95171:000173f6] [DEBUG][com.freerdp.channels.rdpgfx.client] - [rdpgfx_read_h264_metablock]: regionRects[169]: left: 576 top: 512 right: 640 bottom: 576
[18:00:04:025] [95171:000173f6] [DEBUG][com.freerdp.channels.rdpgfx.client] - [rdpgfx_read_h264_metablock]: regionRects[170]: left: 640 top: 512 right: 704 bottom: 576
[18:00:04:025] [95171:000173f6] [DEBUG][com.freerdp.channels.rdpgfx.client] - [rdpgfx_read_h264_metablock]: regionRects[171]: left: 704 top: 512 right: 768 bottom: 576
[18:00:04:025] [95171:000173f6] [DEBUG][com.freerdp.channels.rdpgfx.client] - [rdpgfx_read_h264_metablock]: regionRects[172]: left: 768 top: 512 right: 832 bottom: 576
[18:00:04:025] [95171:000173f6] [DEBUG][com.freerdp.channels.rdpgfx.client] - [rdpgfx_read_h264_metablock]: regionRects[173]: left: 832 top: 512 right: 896 bottom: 576
[18:00:04:025] [95171:000173f6] [DEBUG][com.freerdp.channels.rdpgfx.client] - [rdpgfx_read_h264_metablock]: regionRects[174]: left: 896 top: 512 right: 960 bottom: 576
[18:00:04:025] [95171:000173f6] [DEBUG][com.freerdp.channels.rdpgfx.client] - [rdpgfx_read_h264_metablock]: regionRects[175]: left: 960 top: 512 right: 1024 bottom: 576
[18:00:04:025] [95171:000173f6] [DEBUG][com.freerdp.channels.rdpgfx.client] - [rdpgfx_read_h264_metablock]: regionRects[176]: left: 1024 top: 512 right: 1088 bottom: 576
[18:00:04:025] [95171:000173f6] [DEBUG][com.freerdp.channels.rdpgfx.client] - [rdpgfx_read_h264_metablock]: regionRects[177]: left: 1088 top: 512 right: 1152 bottom: 576
[18:00:04:025] [95171:000173f6] [DEBUG][com.freerdp.channels.rdpgfx.client] - [rdpgfx_read_h264_metablock]: regionRects[178]: left: 1152 top: 512 right: 1216 bottom: 576
[18:00:04:025] [95171:000173f6] [DEBUG][com.freerdp.channels.rdpgfx.client] - [rdpgfx_read_h264_metablock]: regionRects[179]: left: 1216 top: 512 right: 1280 bottom: 576
[18:00:04:025] [95171:000173f6] [DEBUG][com.freerdp.channels.rdpgfx.client] - [rdpgfx_read_h264_metablock]: regionRects[180]: left: 0 top: 576 right: 64 bottom: 640
[18:00:04:025] [95171:000173f6] [DEBUG][com.freerdp.channels.rdpgfx.client] - [rdpgfx_read_h264_metablock]: regionRects[181]: left: 64 top: 576 right: 128 bottom: 640
[18:00:04:025] [95171:000173f6] [DEBUG][com.freerdp.channels.rdpgfx.client] - [rdpgfx_read_h264_metablock]: regionRects[182]: left: 128 top: 576 right: 192 bottom: 640
[18:00:04:025] [95171:000173f6] [DEBUG][com.freerdp.channels.rdpgfx.client] - [rdpgfx_read_h264_metablock]: regionRects[183]: left: 192 top: 576 right: 256 bottom: 640
[18:00:04:025] [95171:000173f6] [DEBUG][com.freerdp.channels.rdpgfx.client] - [rdpgfx_read_h264_metablock]: regionRects[184]: left: 256 top: 576 right: 320 bottom: 640
[18:00:04:026] [95171:000173f6] [DEBUG][com.freerdp.channels.rdpgfx.client] - [rdpgfx_read_h264_metablock]: regionRects[185]: left: 320 top: 576 right: 384 bottom: 640
[18:00:04:026] [95171:000173f6] [DEBUG][com.freerdp.channels.rdpgfx.client] - [rdpgfx_read_h264_metablock]: regionRects[186]: left: 384 top: 576 right: 448 bottom: 640
[18:00:04:026] [95171:000173f6] [DEBUG][com.freerdp.channels.rdpgfx.client] - [rdpgfx_read_h264_metablock]: regionRects[187]: left: 448 top: 576 right: 512 bottom: 640
[18:00:04:026] [95171:000173f6] [DEBUG][com.freerdp.channels.rdpgfx.client] - [rdpgfx_read_h264_metablock]: regionRects[188]: left: 512 top: 576 right: 576 bottom: 640
[18:00:04:026] [95171:000173f6] [DEBUG][com.freerdp.channels.rdpgfx.client] - [rdpgfx_read_h264_metablock]: regionRects[189]: left: 576 top: 576 right: 640 bottom: 640
[18:00:04:026] [95171:000173f6] [DEBUG][com.freerdp.channels.rdpgfx.client] - [rdpgfx_read_h264_metablock]: regionRects[190]: left: 640 top: 576 right: 704 bottom: 640
[18:00:04:026] [95171:000173f6] [DEBUG][com.freerdp.channels.rdpgfx.client] - [rdpgfx_read_h264_metablock]: regionRects[191]: left: 704 top: 576 right: 768 bottom: 640
[18:00:04:026] [95171:000173f6] [DEBUG][com.freerdp.channels.rdpgfx.client] - [rdpgfx_read_h264_metablock]: regionRects[192]: left: 768 top: 576 right: 832 bottom: 640
[18:00:04:026] [95171:000173f6] [DEBUG][com.freerdp.channels.rdpgfx.client] - [rdpgfx_read_h264_metablock]: regionRects[193]: left: 832 top: 576 right: 896 bottom: 640
[18:00:04:026] [95171:000173f6] [DEBUG][com.freerdp.channels.rdpgfx.client] - [rdpgfx_read_h264_metablock]: regionRects[194]: left: 896 top: 576 right: 960 bottom: 640
[18:00:04:026] [95171:000173f6] [DEBUG][com.freerdp.channels.rdpgfx.client] - [rdpgfx_read_h264_metablock]: regionRects[195]: left: 960 top: 576 right: 1024 bottom: 640
[18:00:04:026] [95171:000173f6] [DEBUG][com.freerdp.channels.rdpgfx.client] - [rdpgfx_read_h264_metablock]: regionRects[196]: left: 1024 top: 576 right: 1088 bottom: 640
[18:00:04:026] [95171:000173f6] [DEBUG][com.freerdp.channels.rdpgfx.client] - [rdpgfx_read_h264_metablock]: regionRects[197]: left: 1088 top: 576 right: 1152 bottom: 640
[18:00:04:026] [95171:000173f6] [DEBUG][com.freerdp.channels.rdpgfx.client] - [rdpgfx_read_h264_metablock]: regionRects[198]: left: 1152 top: 576 right: 1216 bottom: 640
[18:00:04:026] [95171:000173f6] [DEBUG][com.freerdp.channels.rdpgfx.client] - [rdpgfx_read_h264_metablock]: regionRects[199]: left: 1216 top: 576 right: 1280 bottom: 640
[18:00:04:026] [95171:000173f6] [DEBUG][com.freerdp.channels.rdpgfx.client] - [rdpgfx_read_h264_metablock]: regionRects[200]: left: 0 top: 640 right: 64 bottom: 704
[18:00:04:026] [95171:000173f6] [DEBUG][com.freerdp.channels.rdpgfx.client] - [rdpgfx_read_h264_metablock]: regionRects[201]: left: 64 top: 640 right: 128 bottom: 704
[18:00:04:026] [95171:000173f6] [DEBUG][com.freerdp.channels.rdpgfx.client] - [rdpgfx_read_h264_metablock]: regionRects[202]: left: 128 top: 640 right: 192 bottom: 704
[18:00:04:026] [95171:000173f6] [DEBUG][com.freerdp.channels.rdpgfx.client] - [rdpgfx_read_h264_metablock]: regionRects[203]: left: 192 top: 640 right: 256 bottom: 704
[18:00:04:026] [95171:000173f6] [DEBUG][com.freerdp.channels.rdpgfx.client] - [rdpgfx_read_h264_metablock]: regionRects[204]: left: 256 top: 640 right: 320 bottom: 704
[18:00:04:026] [95171:000173f6] [DEBUG][com.freerdp.channels.rdpgfx.client] - [rdpgfx_read_h264_metablock]: regionRects[205]: left: 320 top: 640 right: 384 bottom: 704
[18:00:04:026] [95171:000173f6] [DEBUG][com.freerdp.channels.rdpgfx.client] - [rdpgfx_read_h264_metablock]: regionRects[206]: left: 384 top: 640 right: 448 bottom: 704
[18:00:04:026] [95171:000173f6] [DEBUG][com.freerdp.channels.rdpgfx.client] - [rdpgfx_read_h264_metablock]: regionRects[207]: left: 448 top: 640 right: 512 bottom: 704
[18:00:04:026] [95171:000173f6] [DEBUG][com.freerdp.channels.rdpgfx.client] - [rdpgfx_read_h264_metablock]: regionRects[208]: left: 512 top: 640 right: 576 bottom: 704
[18:00:04:026] [95171:000173f6] [DEBUG][com.freerdp.channels.rdpgfx.client] - [rdpgfx_read_h264_metablock]: regionRects[209]: left: 576 top: 640 right: 640 bottom: 704
[18:00:04:026] [95171:000173f6] [DEBUG][com.freerdp.channels.rdpgfx.client] - [rdpgfx_read_h264_metablock]: regionRects[210]: left: 640 top: 640 right: 704 bottom: 704
[18:00:04:026] [95171:000173f6] [DEBUG][com.freerdp.channels.rdpgfx.client] - [rdpgfx_read_h264_metablock]: regionRects[211]: left: 704 top: 640 right: 768 bottom: 704
[18:00:04:026] [95171:000173f6] [DEBUG][com.freerdp.channels.rdpgfx.client] - [rdpgfx_read_h264_metablock]: regionRects[212]: left: 768 top: 640 right: 832 bottom: 704
[18:00:04:026] [95171:000173f6] [DEBUG][com.freerdp.channels.rdpgfx.client] - [rdpgfx_read_h264_metablock]: regionRects[213]: left: 832 top: 640 right: 896 bottom: 704
[18:00:04:026] [95171:000173f6] [DEBUG][com.freerdp.channels.rdpgfx.client] - [rdpgfx_read_h264_metablock]: regionRects[214]: left: 896 top: 640 right: 960 bottom: 704
[18:00:04:026] [95171:000173f6] [DEBUG][com.freerdp.channels.rdpgfx.client] - [rdpgfx_read_h264_metablock]: regionRects[215]: left: 960 top: 640 right: 1024 bottom: 704
[18:00:04:026] [95171:000173f6] [DEBUG][com.freerdp.channels.rdpgfx.client] - [rdpgfx_read_h264_metablock]: regionRects[216]: left: 1024 top: 640 right: 1088 bottom: 704
[18:00:04:026] [95171:000173f6] [DEBUG][com.freerdp.channels.rdpgfx.client] - [rdpgfx_read_h264_metablock]: regionRects[217]: left: 1088 top: 640 right: 1152 bottom: 704
[18:00:04:026] [95171:000173f6] [DEBUG][com.freerdp.channels.rdpgfx.client] - [rdpgfx_read_h264_metablock]: regionRects[218]: left: 1152 top: 640 right: 1216 bottom: 704
[18:00:04:026] [95171:000173f6] [DEBUG][com.freerdp.channels.rdpgfx.client] - [rdpgfx_read_h264_metablock]: regionRects[219]: left: 1216 top: 640 right: 1280 bottom: 704
[18:00:04:026] [95171:000173f6] [DEBUG][com.freerdp.channels.rdpgfx.client] - [rdpgfx_read_h264_metablock]: regionRects[220]: left: 0 top: 704 right: 64 bottom: 768
[18:00:04:026] [95171:000173f6] [DEBUG][com.freerdp.channels.rdpgfx.client] - [rdpgfx_read_h264_metablock]: regionRects[221]: left: 64 top: 704 right: 128 bottom: 768
[18:00:04:026] [95171:000173f6] [DEBUG][com.freerdp.channels.rdpgfx.client] - [rdpgfx_read_h264_metablock]: regionRects[222]: left: 128 top: 704 right: 192 bottom: 768
[18:00:04:026] [95171:000173f6] [DEBUG][com.freerdp.channels.rdpgfx.client] - [rdpgfx_read_h264_metablock]: regionRects[223]: left: 192 top: 704 right: 256 bottom: 768
[18:00:04:026] [95171:000173f6] [DEBUG][com.freerdp.channels.rdpgfx.client] - [rdpgfx_read_h264_metablock]: regionRects[224]: left: 256 top: 704 right: 320 bottom: 768
[18:00:04:026] [95171:000173f6] [DEBUG][com.freerdp.channels.rdpgfx.client] - [rdpgfx_read_h264_metablock]: regionRects[225]: left: 320 top: 704 right: 384 bottom: 768
[18:00:04:026] [95171:000173f6] [DEBUG][com.freerdp.channels.rdpgfx.client] - [rdpgfx_read_h264_metablock]: regionRects[226]: left: 384 top: 704 right: 448 bottom: 768
[18:00:04:026] [95171:000173f6] [DEBUG][com.freerdp.channels.rdpgfx.client] - [rdpgfx_read_h264_metablock]: regionRects[227]: left: 448 top: 704 right: 512 bottom: 768
[18:00:04:026] [95171:000173f6] [DEBUG][com.freerdp.channels.rdpgfx.client] - [rdpgfx_read_h264_metablock]: regionRects[228]: left: 512 top: 704 right: 576 bottom: 768
[18:00:04:026] [95171:000173f6] [DEBUG][com.freerdp.channels.rdpgfx.client] - [rdpgfx_read_h264_metablock]: regionRects[229]: left: 576 top: 704 right: 640 bottom: 768
[18:00:04:026] [95171:000173f6] [DEBUG][com.freerdp.channels.rdpgfx.client] - [rdpgfx_read_h264_metablock]: regionRects[230]: left: 640 top: 704 right: 704 bottom: 768
[18:00:04:026] [95171:000173f6] [DEBUG][com.freerdp.channels.rdpgfx.client] - [rdpgfx_read_h264_metablock]: regionRects[231]: left: 704 top: 704 right: 768 bottom: 768
[18:00:04:026] [95171:000173f6] [DEBUG][com.freerdp.channels.rdpgfx.client] - [rdpgfx_read_h264_metablock]: regionRects[232]: left: 768 top: 704 right: 832 bottom: 768
[18:00:04:026] [95171:000173f6] [DEBUG][com.freerdp.channels.rdpgfx.client] - [rdpgfx_read_h264_metablock]: regionRects[233]: left: 832 top: 704 right: 896 bottom: 768
[18:00:04:026] [95171:000173f6] [DEBUG][com.freerdp.channels.rdpgfx.client] - [rdpgfx_read_h264_metablock]: regionRects[234]: left: 896 top: 704 right: 960 bottom: 768
[18:00:04:026] [95171:000173f6] [DEBUG][com.freerdp.channels.rdpgfx.client] - [rdpgfx_read_h264_metablock]: regionRects[235]: left: 960 top: 704 right: 1024 bottom: 768
[18:00:04:026] [95171:000173f6] [DEBUG][com.freerdp.channels.rdpgfx.client] - [rdpgfx_read_h264_metablock]: regionRects[236]: left: 1024 top: 704 right: 1088 bottom: 768
[18:00:04:026] [95171:000173f6] [DEBUG][com.freerdp.channels.rdpgfx.client] - [rdpgfx_read_h264_metablock]: regionRects[237]: left: 1088 top: 704 right: 1152 bottom: 768
[18:00:04:026] [95171:000173f6] [DEBUG][com.freerdp.channels.rdpgfx.client] - [rdpgfx_read_h264_metablock]: regionRects[238]: left: 1152 top: 704 right: 1216 bottom: 768
[18:00:04:026] [95171:000173f6] [DEBUG][com.freerdp.channels.rdpgfx.client] - [rdpgfx_read_h264_metablock]: regionRects[239]: left: 1216 top: 704 right: 1280 bottom: 768
[18:00:04:026] [95171:000173f6] [DEBUG][com.freerdp.channels.rdpgfx.client] - [rdpgfx_read_h264_metablock]: regionRects[240]: left: 0 top: 768 right: 64 bottom: 800
[18:00:04:026] [95171:000173f6] [DEBUG][com.freerdp.channels.rdpgfx.client] - [rdpgfx_read_h264_metablock]: regionRects[241]: left: 64 top: 768 right: 128 bottom: 800
[18:00:04:026] [95171:000173f6] [DEBUG][com.freerdp.channels.rdpgfx.client] - [rdpgfx_read_h264_metablock]: regionRects[242]: left: 128 top: 768 right: 192 bottom: 800
[18:00:04:026] [95171:000173f6] [DEBUG][com.freerdp.channels.rdpgfx.client] - [rdpgfx_read_h264_metablock]: regionRects[243]: left: 192 top: 768 right: 256 bottom: 800
[18:00:04:026] [95171:000173f6] [DEBUG][com.freerdp.channels.rdpgfx.client] - [rdpgfx_read_h264_metablock]: regionRects[244]: left: 256 top: 768 right: 320 bottom: 800
[18:00:04:026] [95171:000173f6] [DEBUG][com.freerdp.channels.rdpgfx.client] - [rdpgfx_read_h264_metablock]: regionRects[245]: left: 320 top: 768 right: 384 bottom: 800
[18:00:04:026] [95171:000173f6] [DEBUG][com.freerdp.channels.rdpgfx.client] - [rdpgfx_read_h264_metablock]: regionRects[246]: left: 384 top: 768 right: 448 bottom: 800
[18:00:04:026] [95171:000173f6] [DEBUG][com.freerdp.channels.rdpgfx.client] - [rdpgfx_read_h264_metablock]: regionRects[247]: left: 448 top: 768 right: 512 bottom: 800
[18:00:04:026] [95171:000173f6] [DEBUG][com.freerdp.channels.rdpgfx.client] - [rdpgfx_read_h264_metablock]: regionRects[248]: left: 512 top: 768 right: 576 bottom: 800
[18:00:04:026] [95171:000173f6] [DEBUG][com.freerdp.channels.rdpgfx.client] - [rdpgfx_read_h264_metablock]: regionRects[249]: left: 576 top: 768 right: 640 bottom: 800
[18:00:04:026] [95171:000173f6] [DEBUG][com.freerdp.channels.rdpgfx.client] - [rdpgfx_read_h264_metablock]: regionRects[250]: left: 640 top: 768 right: 704 bottom: 800
[18:00:04:026] [95171:000173f6] [DEBUG][com.freerdp.channels.rdpgfx.client] - [rdpgfx_read_h264_metablock]: regionRects[251]: left: 704 top: 768 right: 768 bottom: 800
[18:00:04:026] [95171:000173f6] [DEBUG][com.freerdp.channels.rdpgfx.client] - [rdpgfx_read_h264_metablock]: regionRects[252]: left: 768 top: 768 right: 832 bottom: 800
[18:00:04:026] [95171:000173f6] [DEBUG][com.freerdp.channels.rdpgfx.client] - [rdpgfx_read_h264_metablock]: regionRects[253]: left: 832 top: 768 right: 896 bottom: 800
[18:00:04:026] [95171:000173f6] [DEBUG][com.freerdp.channels.rdpgfx.client] - [rdpgfx_read_h264_metablock]: regionRects[254]: left: 896 top: 768 right: 960 bottom: 800
[18:00:04:026] [95171:000173f6] [DEBUG][com.freerdp.channels.rdpgfx.client] - [rdpgfx_read_h264_metablock]: regionRects[255]: left: 960 top: 768 right: 1024 bottom: 800
[18:00:04:026] [95171:000173f6] [DEBUG][com.freerdp.channels.rdpgfx.client] - [rdpgfx_read_h264_metablock]: regionRects[256]: left: 1024 top: 768 right: 1088 bottom: 800
[18:00:04:026] [95171:000173f6] [DEBUG][com.freerdp.channels.rdpgfx.client] - [rdpgfx_read_h264_metablock]: regionRects[257]: left: 1088 top: 768 right: 1152 bottom: 800
[18:00:04:026] [95171:000173f6] [DEBUG][com.freerdp.channels.rdpgfx.client] - [rdpgfx_read_h264_metablock]: regionRects[258]: left: 1152 top: 768 right: 1216 bottom: 800
[18:00:04:026] [95171:000173f6] [DEBUG][com.freerdp.channels.rdpgfx.client] - [rdpgfx_read_h264_metablock]: regionRects[259]: left: 1216 top: 768 right: 1280 bottom: 800
[18:00:04:026] [95171:000173f6] [DEBUG][com.freerdp.channels.rdpgfx.client] - [rdpgfx_read_h264_metablock]: quantQualityVals[0]: qp: 0 r: 0 p: 0 qualityVal: 100
[18:00:04:026] [95171:000173f6] [DEBUG][com.freerdp.channels.rdpgfx.client] - [rdpgfx_read_h264_metablock]: quantQualityVals[1]: qp: 0 r: 0 p: 0 qualityVal: 100
[18:00:04:026] [95171:000173f6] [DEBUG][com.freerdp.channels.rdpgfx.client] - [rdpgfx_read_h264_metablock]: quantQualityVals[2]: qp: 0 r: 0 p: 0 qualityVal: 100
[18:00:04:026] [95171:000173f6] [DEBUG][com.freerdp.channels.rdpgfx.client] - [rdpgfx_read_h264_metablock]: quantQualityVals[3]: qp: 0 r: 0 p: 0 qualityVal: 100
[18:00:04:026] [95171:000173f6] [DEBUG][com.freerdp.channels.rdpgfx.client] - [rdpgfx_read_h264_metablock]: quantQualityVals[4]: qp: 0 r: 0 p: 0 qualityVal: 100
[18:00:04:026] [95171:000173f6] [DEBUG][com.freerdp.channels.rdpgfx.client] - [rdpgfx_read_h264_metablock]: quantQualityVals[5]: qp: 0 r: 0 p: 0 qualityVal: 100
[18:00:04:026] [95171:000173f6] [DEBUG][com.freerdp.channels.rdpgfx.client] - [rdpgfx_read_h264_metablock]: quantQualityVals[6]: qp: 0 r: 0 p: 0 qualityVal: 100
[18:00:04:026] [95171:000173f6] [DEBUG][com.freerdp.channels.rdpgfx.client] - [rdpgfx_read_h264_metablock]: quantQualityVals[7]: qp: 0 r: 0 p: 0 qualityVal: 100
[18:00:04:026] [95171:000173f6] [DEBUG][com.freerdp.channels.rdpgfx.client] - [rdpgfx_read_h264_metablock]: quantQualityVals[8]: qp: 0 r: 0 p: 0 qualityVal: 100
[18:00:04:026] [95171:000173f6] [DEBUG][com.freerdp.channels.rdpgfx.client] - [rdpgfx_read_h264_metablock]: quantQualityVals[9]: qp: 0 r: 0 p: 0 qualityVal: 100
[18:00:04:026] [95171:000173f6] [DEBUG][com.freerdp.channels.rdpgfx.client] - [rdpgfx_read_h264_metablock]: quantQualityVals[10]: qp: 0 r: 0 p: 0 qualityVal: 100
[18:00:04:026] [95171:000173f6] [DEBUG][com.freerdp.channels.rdpgfx.client] - [rdpgfx_read_h264_metablock]: quantQualityVals[11]: qp: 0 r: 0 p: 0 qualityVal: 100
[18:00:04:026] [95171:000173f6] [DEBUG][com.freerdp.channels.rdpgfx.client] - [rdpgfx_read_h264_metablock]: quantQualityVals[12]: qp: 0 r: 0 p: 0 qualityVal: 100
[18:00:04:026] [95171:000173f6] [DEBUG][com.freerdp.channels.rdpgfx.client] - [rdpgfx_read_h264_metablock]: quantQualityVals[13]: qp: 0 r: 0 p: 0 qualityVal: 100
[18:00:04:026] [95171:000173f6] [DEBUG][com.freerdp.channels.rdpgfx.client] - [rdpgfx_read_h264_metablock]: quantQualityVals[14]: qp: 0 r: 0 p: 0 qualityVal: 100
[18:00:04:026] [95171:000173f6] [DEBUG][com.freerdp.channels.rdpgfx.client] - [rdpgfx_read_h264_metablock]: quantQualityVals[15]: qp: 0 r: 0 p: 0 qualityVal: 100
[18:00:04:026] [95171:000173f6] [DEBUG][com.freerdp.channels.rdpgfx.client] - [rdpgfx_read_h264_metablock]: quantQualityVals[16]: qp: 0 r: 0 p: 0 qualityVal: 100
[18:00:04:026] [95171:000173f6] [DEBUG][com.freerdp.channels.rdpgfx.client] - [rdpgfx_read_h264_metablock]: quantQualityVals[17]: qp: 0 r: 0 p: 0 qualityVal: 100
[18:00:04:026] [95171:000173f6] [DEBUG][com.freerdp.channels.rdpgfx.client] - [rdpgfx_read_h264_metablock]: quantQualityVals[18]: qp: 0 r: 0 p: 0 qualityVal: 100
[18:00:04:026] [95171:000173f6] [DEBUG][com.freerdp.channels.rdpgfx.client] - [rdpgfx_read_h264_metablock]: quantQualityVals[19]: qp: 0 r: 0 p: 0 qualityVal: 100
[18:00:04:026] [95171:000173f6] [DEBUG][com.freerdp.channels.rdpgfx.client] - [rdpgfx_read_h264_metablock]: quantQualityVals[20]: qp: 0 r: 0 p: 0 qualityVal: 100
[18:00:04:026] [95171:000173f6] [DEBUG][com.freerdp.channels.rdpgfx.client] - [rdpgfx_read_h264_metablock]: quantQualityVals[21]: qp: 0 r: 0 p: 0 qualityVal: 100
[18:00:04:026] [95171:000173f6] [DEBUG][com.freerdp.channels.rdpgfx.client] - [rdpgfx_read_h264_metablock]: quantQualityVals[22]: qp: 0 r: 0 p: 0 qualityVal: 100
[18:00:04:026] [95171:000173f6] [DEBUG][com.freerdp.channels.rdpgfx.client] - [rdpgfx_read_h264_metablock]: quantQualityVals[23]: qp: 0 r: 0 p: 0 qualityVal: 100
[18:00:04:026] [95171:000173f6] [DEBUG][com.freerdp.channels.rdpgfx.client] - [rdpgfx_read_h264_metablock]: quantQualityVals[24]: qp: 0 r: 0 p: 0 qualityVal: 100
[18:00:04:026] [95171:000173f6] [DEBUG][com.freerdp.channels.rdpgfx.client] - [rdpgfx_read_h264_metablock]: quantQualityVals[25]: qp: 0 r: 0 p: 0 qualityVal: 100
[18:00:04:026] [95171:000173f6] [DEBUG][com.freerdp.channels.rdpgfx.client] - [rdpgfx_read_h264_metablock]: quantQualityVals[26]: qp: 0 r: 0 p: 0 qualityVal: 100
[18:00:04:026] [95171:000173f6] [DEBUG][com.freerdp.channels.rdpgfx.client] - [rdpgfx_read_h264_metablock]: quantQualityVals[27]: qp: 0 r: 0 p: 0 qualityVal: 100
[18:00:04:026] [95171:000173f6] [DEBUG][com.freerdp.channels.rdpgfx.client] - [rdpgfx_read_h264_metablock]: quantQualityVals[28]: qp: 0 r: 0 p: 0 qualityVal: 100
[18:00:04:026] [95171:000173f6] [DEBUG][com.freerdp.channels.rdpgfx.client] - [rdpgfx_read_h264_metablock]: quantQualityVals[29]: qp: 0 r: 0 p: 0 qualityVal: 100
[18:00:04:026] [95171:000173f6] [DEBUG][com.freerdp.channels.rdpgfx.client] - [rdpgfx_read_h264_metablock]: quantQualityVals[30]: qp: 0 r: 0 p: 0 qualityVal: 100
[18:00:04:026] [95171:000173f6] [DEBUG][com.freerdp.channels.rdpgfx.client] - [rdpgfx_read_h264_metablock]: quantQualityVals[31]: qp: 0 r: 0 p: 0 qualityVal: 100
[18:00:04:026] [95171:000173f6] [DEBUG][com.freerdp.channels.rdpgfx.client] - [rdpgfx_read_h264_metablock]: quantQualityVals[32]: qp: 0 r: 0 p: 0 qualityVal: 100
[18:00:04:026] [95171:000173f6] [DEBUG][com.freerdp.channels.rdpgfx.client] - [rdpgfx_read_h264_metablock]: quantQualityVals[33]: qp: 0 r: 0 p: 0 qualityVal: 100
[18:00:04:026] [95171:000173f6] [DEBUG][com.freerdp.channels.rdpgfx.client] - [rdpgfx_read_h264_metablock]: quantQualityVals[34]: qp: 0 r: 0 p: 0 qualityVal: 100
[18:00:04:026] [95171:000173f6] [DEBUG][com.freerdp.channels.rdpgfx.client] - [rdpgfx_read_h264_metablock]: quantQualityVals[35]: qp: 0 r: 0 p: 0 qualityVal: 100
[18:00:04:026] [95171:000173f6] [DEBUG][com.freerdp.channels.rdpgfx.client] - [rdpgfx_read_h264_metablock]: quantQualityVals[36]: qp: 0 r: 0 p: 0 qualityVal: 100
[18:00:04:026] [95171:000173f6] [DEBUG][com.freerdp.channels.rdpgfx.client] - [rdpgfx_read_h264_metablock]: quantQualityVals[37]: qp: 0 r: 0 p: 0 qualityVal: 100
[18:00:04:026] [95171:000173f6] [DEBUG][com.freerdp.channels.rdpgfx.client] - [rdpgfx_read_h264_metablock]: quantQualityVals[38]: qp: 0 r: 0 p: 0 qualityVal: 100
[18:00:04:026] [95171:000173f6] [DEBUG][com.freerdp.channels.rdpgfx.client] - [rdpgfx_read_h264_metablock]: quantQualityVals[39]: qp: 0 r: 0 p: 0 qualityVal: 100
[18:00:04:026] [95171:000173f6] [DEBUG][com.freerdp.channels.rdpgfx.client] - [rdpgfx_read_h264_metablock]: quantQualityVals[40]: qp: 0 r: 0 p: 0 qualityVal: 100
[18:00:04:026] [95171:000173f6] [DEBUG][com.freerdp.channels.rdpgfx.client] - [rdpgfx_read_h264_metablock]: quantQualityVals[41]: qp: 0 r: 0 p: 0 qualityVal: 100
[18:00:04:026] [95171:000173f6] [DEBUG][com.freerdp.channels.rdpgfx.client] - [rdpgfx_read_h264_metablock]: quantQualityVals[42]: qp: 0 r: 0 p: 0 qualityVal: 100
[18:00:04:026] [95171:000173f6] [DEBUG][com.freerdp.channels.rdpgfx.client] - [rdpgfx_read_h264_metablock]: quantQualityVals[43]: qp: 0 r: 0 p: 0 qualityVal: 100
[18:00:04:026] [95171:000173f6] [DEBUG][com.freerdp.channels.rdpgfx.client] - [rdpgfx_read_h264_metablock]: quantQualityVals[44]: qp: 0 r: 0 p: 0 qualityVal: 100
[18:00:04:026] [95171:000173f6] [DEBUG][com.freerdp.channels.rdpgfx.client] - [rdpgfx_read_h264_metablock]: quantQualityVals[45]: qp: 0 r: 0 p: 0 qualityVal: 100
[18:00:04:026] [95171:000173f6] [DEBUG][com.freerdp.channels.rdpgfx.client] - [rdpgfx_read_h264_metablock]: quantQualityVals[46]: qp: 0 r: 0 p: 0 qualityVal: 100
[18:00:04:026] [95171:000173f6] [DEBUG][com.freerdp.channels.rdpgfx.client] - [rdpgfx_read_h264_metablock]: quantQualityVals[47]: qp: 0 r: 0 p: 0 qualityVal: 100
[18:00:04:026] [95171:000173f6] [DEBUG][com.freerdp.channels.rdpgfx.client] - [rdpgfx_read_h264_metablock]: quantQualityVals[48]: qp: 0 r: 0 p: 0 qualityVal: 100
[18:00:04:026] [95171:000173f6] [DEBUG][com.freerdp.channels.rdpgfx.client] - [rdpgfx_read_h264_metablock]: quantQualityVals[49]: qp: 0 r: 0 p: 0 qualityVal: 100
[18:00:04:026] [95171:000173f6] [DEBUG][com.freerdp.channels.rdpgfx.client] - [rdpgfx_read_h264_metablock]: quantQualityVals[50]: qp: 0 r: 0 p: 0 qualityVal: 100
[18:00:04:026] [95171:000173f6] [DEBUG][com.freerdp.channels.rdpgfx.client] - [rdpgfx_read_h264_metablock]: quantQualityVals[51]: qp: 0 r: 0 p: 0 qualityVal: 100
[18:00:04:026] [95171:000173f6] [DEBUG][com.freerdp.channels.rdpgfx.client] - [rdpgfx_read_h264_metablock]: quantQualityVals[52]: qp: 0 r: 0 p: 0 qualityVal: 100
[18:00:04:026] [95171:000173f6] [DEBUG][com.freerdp.channels.rdpgfx.client] - [rdpgfx_read_h264_metablock]: quantQualityVals[53]: qp: 0 r: 0 p: 0 qualityVal: 100
[18:00:04:026] [95171:000173f6] [DEBUG][com.freerdp.channels.rdpgfx.client] - [rdpgfx_read_h264_metablock]: quantQualityVals[54]: qp: 0 r: 0 p: 0 qualityVal: 100
[18:00:04:026] [95171:000173f6] [DEBUG][com.freerdp.channels.rdpgfx.client] - [rdpgfx_read_h264_metablock]: quantQualityVals[55]: qp: 0 r: 0 p: 0 qualityVal: 100
[18:00:04:026] [95171:000173f6] [DEBUG][com.freerdp.channels.rdpgfx.client] - [rdpgfx_read_h264_metablock]: quantQualityVals[56]: qp: 0 r: 0 p: 0 qualityVal: 100
[18:00:04:026] [95171:000173f6] [DEBUG][com.freerdp.channels.rdpgfx.client] - [rdpgfx_read_h264_metablock]: quantQualityVals[57]: qp: 0 r: 0 p: 0 qualityVal: 100
[18:00:04:026] [95171:000173f6] [DEBUG][com.freerdp.channels.rdpgfx.client] - [rdpgfx_read_h264_metablock]: quantQualityVals[58]: qp: 0 r: 0 p: 0 qualityVal: 100
[18:00:04:026] [95171:000173f6] [DEBUG][com.freerdp.channels.rdpgfx.client] - [rdpgfx_read_h264_metablock]: quantQualityVals[59]: qp: 0 r: 0 p: 0 qualityVal: 100
[18:00:04:026] [95171:000173f6] [DEBUG][com.freerdp.channels.rdpgfx.client] - [rdpgfx_read_h264_metablock]: quantQualityVals[60]: qp: 0 r: 0 p: 0 qualityVal: 100
[18:00:04:026] [95171:000173f6] [DEBUG][com.freerdp.channels.rdpgfx.client] - [rdpgfx_read_h264_metablock]: quantQualityVals[61]: qp: 0 r: 0 p: 0 qualityVal: 100
[18:00:04:026] [95171:000173f6] [DEBUG][com.freerdp.channels.rdpgfx.client] - [rdpgfx_read_h264_metablock]: quantQualityVals[62]: qp: 0 r: 0 p: 0 qualityVal: 100
[18:00:04:026] [95171:000173f6] [DEBUG][com.freerdp.channels.rdpgfx.client] - [rdpgfx_read_h264_metablock]: quantQualityVals[63]: qp: 0 r: 0 p: 0 qualityVal: 100
[18:00:04:026] [95171:000173f6] [DEBUG][com.freerdp.channels.rdpgfx.client] - [rdpgfx_read_h264_metablock]: quantQualityVals[64]: qp: 0 r: 0 p: 0 qualityVal: 100
[18:00:04:026] [95171:000173f6] [DEBUG][com.freerdp.channels.rdpgfx.client] - [rdpgfx_read_h264_metablock]: quantQualityVals[65]: qp: 0 r: 0 p: 0 qualityVal: 100
[18:00:04:026] [95171:000173f6] [DEBUG][com.freerdp.channels.rdpgfx.client] - [rdpgfx_read_h264_metablock]: quantQualityVals[66]: qp: 0 r: 0 p: 0 qualityVal: 100
[18:00:04:026] [95171:000173f6] [DEBUG][com.freerdp.channels.rdpgfx.client] - [rdpgfx_read_h264_metablock]: quantQualityVals[67]: qp: 0 r: 0 p: 0 qualityVal: 100
[18:00:04:026] [95171:000173f6] [DEBUG][com.freerdp.channels.rdpgfx.client] - [rdpgfx_read_h264_metablock]: quantQualityVals[68]: qp: 0 r: 0 p: 0 qualityVal: 100
[18:00:04:026] [95171:000173f6] [DEBUG][com.freerdp.channels.rdpgfx.client] - [rdpgfx_read_h264_metablock]: quantQualityVals[69]: qp: 0 r: 0 p: 0 qualityVal: 100
[18:00:04:026] [95171:000173f6] [DEBUG][com.freerdp.channels.rdpgfx.client] - [rdpgfx_read_h264_metablock]: quantQualityVals[70]: qp: 0 r: 0 p: 0 qualityVal: 100
[18:00:04:026] [95171:000173f6] [DEBUG][com.freerdp.channels.rdpgfx.client] - [rdpgfx_read_h264_metablock]: quantQualityVals[71]: qp: 0 r: 0 p: 0 qualityVal: 100
[18:00:04:026] [95171:000173f6] [DEBUG][com.freerdp.channels.rdpgfx.client] - [rdpgfx_read_h264_metablock]: quantQualityVals[72]: qp: 0 r: 0 p: 0 qualityVal: 100
[18:00:04:026] [95171:000173f6] [DEBUG][com.freerdp.channels.rdpgfx.client] - [rdpgfx_read_h264_metablock]: quantQualityVals[73]: qp: 0 r: 0 p: 0 qualityVal: 100
[18:00:04:026] [95171:000173f6] [DEBUG][com.freerdp.channels.rdpgfx.client] - [rdpgfx_read_h264_metablock]: quantQualityVals[74]: qp: 0 r: 0 p: 0 qualityVal: 100
[18:00:04:026] [95171:000173f6] [DEBUG][com.freerdp.channels.rdpgfx.client] - [rdpgfx_read_h264_metablock]: quantQualityVals[75]: qp: 0 r: 0 p: 0 qualityVal: 100
[18:00:04:026] [95171:000173f6] [DEBUG][com.freerdp.channels.rdpgfx.client] - [rdpgfx_read_h264_metablock]: quantQualityVals[76]: qp: 0 r: 0 p: 0 qualityVal: 100
[18:00:04:026] [95171:000173f6] [DEBUG][com.freerdp.channels.rdpgfx.client] - [rdpgfx_read_h264_metablock]: quantQualityVals[77]: qp: 0 r: 0 p: 0 qualityVal: 100
[18:00:04:026] [95171:000173f6] [DEBUG][com.freerdp.channels.rdpgfx.client] - [rdpgfx_read_h264_metablock]: quantQualityVals[78]: qp: 0 r: 0 p: 0 qualityVal: 100
[18:00:04:026] [95171:000173f6] [DEBUG][com.freerdp.channels.rdpgfx.client] - [rdpgfx_read_h264_metablock]: quantQualityVals[79]: qp: 0 r: 0 p: 0 qualityVal: 100
[18:00:04:026] [95171:000173f6] [DEBUG][com.freerdp.channels.rdpgfx.client] - [rdpgfx_read_h264_metablock]: quantQualityVals[80]: qp: 0 r: 0 p: 0 qualityVal: 100
[18:00:04:026] [95171:000173f6] [DEBUG][com.freerdp.channels.rdpgfx.client] - [rdpgfx_read_h264_metablock]: quantQualityVals[81]: qp: 0 r: 0 p: 0 qualityVal: 100
[18:00:04:026] [95171:000173f6] [DEBUG][com.freerdp.channels.rdpgfx.client] - [rdpgfx_read_h264_metablock]: quantQualityVals[82]: qp: 0 r: 0 p: 0 qualityVal: 100
[18:00:04:026] [95171:000173f6] [DEBUG][com.freerdp.channels.rdpgfx.client] - [rdpgfx_read_h264_metablock]: quantQualityVals[83]: qp: 0 r: 0 p: 0 qualityVal: 100
[18:00:04:026] [95171:000173f6] [DEBUG][com.freerdp.channels.rdpgfx.client] - [rdpgfx_read_h264_metablock]: quantQualityVals[84]: qp: 0 r: 0 p: 0 qualityVal: 100
[18:00:04:026] [95171:000173f6] [DEBUG][com.freerdp.channels.rdpgfx.client] - [rdpgfx_read_h264_metablock]: quantQualityVals[85]: qp: 0 r: 0 p: 0 qualityVal: 100
[18:00:04:026] [95171:000173f6] [DEBUG][com.freerdp.channels.rdpgfx.client] - [rdpgfx_read_h264_metablock]: quantQualityVals[86]: qp: 0 r: 0 p: 0 qualityVal: 100
[18:00:04:026] [95171:000173f6] [DEBUG][com.freerdp.channels.rdpgfx.client] - [rdpgfx_read_h264_metablock]: quantQualityVals[87]: qp: 0 r: 0 p: 0 qualityVal: 100
[18:00:04:026] [95171:000173f6] [DEBUG][com.freerdp.channels.rdpgfx.client] - [rdpgfx_read_h264_metablock]: quantQualityVals[88]: qp: 0 r: 0 p: 0 qualityVal: 100
[18:00:04:026] [95171:000173f6] [DEBUG][com.freerdp.channels.rdpgfx.client] - [rdpgfx_read_h264_metablock]: quantQualityVals[89]: qp: 0 r: 0 p: 0 qualityVal: 100
[18:00:04:026] [95171:000173f6] [DEBUG][com.freerdp.channels.rdpgfx.client] - [rdpgfx_read_h264_metablock]: quantQualityVals[90]: qp: 0 r: 0 p: 0 qualityVal: 100
[18:00:04:026] [95171:000173f6] [DEBUG][com.freerdp.channels.rdpgfx.client] - [rdpgfx_read_h264_metablock]: quantQualityVals[91]: qp: 0 r: 0 p: 0 qualityVal: 100
[18:00:04:026] [95171:000173f6] [DEBUG][com.freerdp.channels.rdpgfx.client] - [rdpgfx_read_h264_metablock]: quantQualityVals[92]: qp: 0 r: 0 p: 0 qualityVal: 100
[18:00:04:026] [95171:000173f6] [DEBUG][com.freerdp.channels.rdpgfx.client] - [rdpgfx_read_h264_metablock]: quantQualityVals[93]: qp: 0 r: 0 p: 0 qualityVal: 100
[18:00:04:026] [95171:000173f6] [DEBUG][com.freerdp.channels.rdpgfx.client] - [rdpgfx_read_h264_metablock]: quantQualityVals[94]: qp: 0 r: 0 p: 0 qualityVal: 100
[18:00:04:026] [95171:000173f6] [DEBUG][com.freerdp.channels.rdpgfx.client] - [rdpgfx_read_h264_metablock]: quantQualityVals[95]: qp: 0 r: 0 p: 0 qualityVal: 100
[18:00:04:026] [95171:000173f6] [DEBUG][com.freerdp.channels.rdpgfx.client] - [rdpgfx_read_h264_metablock]: quantQualityVals[96]: qp: 0 r: 0 p: 0 qualityVal: 100
[18:00:04:026] [95171:000173f6] [DEBUG][com.freerdp.channels.rdpgfx.client] - [rdpgfx_read_h264_metablock]: quantQualityVals[97]: qp: 0 r: 0 p: 0 qualityVal: 100
[18:00:04:026] [95171:000173f6] [DEBUG][com.freerdp.channels.rdpgfx.client] - [rdpgfx_read_h264_metablock]: quantQualityVals[98]: qp: 0 r: 0 p: 0 qualityVal: 100
[18:00:04:026] [95171:000173f6] [DEBUG][com.freerdp.channels.rdpgfx.client] - [rdpgfx_read_h264_metablock]: quantQualityVals[99]: qp: 0 r: 0 p: 0 qualityVal: 100
[18:00:04:026] [95171:000173f6] [DEBUG][com.freerdp.channels.rdpgfx.client] - [rdpgfx_read_h264_metablock]: quantQualityVals[100]: qp: 0 r: 0 p: 0 qualityVal: 100
[18:00:04:026] [95171:000173f6] [DEBUG][com.freerdp.channels.rdpgfx.client] - [rdpgfx_read_h264_metablock]: quantQualityVals[101]: qp: 0 r: 0 p: 0 qualityVal: 100
[18:00:04:026] [95171:000173f6] [DEBUG][com.freerdp.channels.rdpgfx.client] - [rdpgfx_read_h264_metablock]: quantQualityVals[102]: qp: 0 r: 0 p: 0 qualityVal: 100
[18:00:04:026] [95171:000173f6] [DEBUG][com.freerdp.channels.rdpgfx.client] - [rdpgfx_read_h264_metablock]: quantQualityVals[103]: qp: 0 r: 0 p: 0 qualityVal: 100
[18:00:04:026] [95171:000173f6] [DEBUG][com.freerdp.channels.rdpgfx.client] - [rdpgfx_read_h264_metablock]: quantQualityVals[104]: qp: 0 r: 0 p: 0 qualityVal: 100
[18:00:04:026] [95171:000173f6] [DEBUG][com.freerdp.channels.rdpgfx.client] - [rdpgfx_read_h264_metablock]: quantQualityVals[105]: qp: 0 r: 0 p: 0 qualityVal: 100
[18:00:04:026] [95171:000173f6] [DEBUG][com.freerdp.channels.rdpgfx.client] - [rdpgfx_read_h264_metablock]: quantQualityVals[106]: qp: 0 r: 0 p: 0 qualityVal: 100
[18:00:04:026] [95171:000173f6] [DEBUG][com.freerdp.channels.rdpgfx.client] - [rdpgfx_read_h264_metablock]: quantQualityVals[107]: qp: 0 r: 0 p: 0 qualityVal: 100
[18:00:04:026] [95171:000173f6] [DEBUG][com.freerdp.channels.rdpgfx.client] - [rdpgfx_read_h264_metablock]: quantQualityVals[108]: qp: 0 r: 0 p: 0 qualityVal: 100
[18:00:04:026] [95171:000173f6] [DEBUG][com.freerdp.channels.rdpgfx.client] - [rdpgfx_read_h264_metablock]: quantQualityVals[109]: qp: 0 r: 0 p: 0 qualityVal: 100
[18:00:04:026] [95171:000173f6] [DEBUG][com.freerdp.channels.rdpgfx.client] - [rdpgfx_read_h264_metablock]: quantQualityVals[110]: qp: 0 r: 0 p: 0 qualityVal: 100
[18:00:04:026] [95171:000173f6] [DEBUG][com.freerdp.channels.rdpgfx.client] - [rdpgfx_read_h264_metablock]: quantQualityVals[111]: qp: 0 r: 0 p: 0 qualityVal: 100
[18:00:04:026] [95171:000173f6] [DEBUG][com.freerdp.channels.rdpgfx.client] - [rdpgfx_read_h264_metablock]: quantQualityVals[112]: qp: 0 r: 0 p: 0 qualityVal: 100
[18:00:04:026] [95171:000173f6] [DEBUG][com.freerdp.channels.rdpgfx.client] - [rdpgfx_read_h264_metablock]: quantQualityVals[113]: qp: 0 r: 0 p: 0 qualityVal: 100
[18:00:04:026] [95171:000173f6] [DEBUG][com.freerdp.channels.rdpgfx.client] - [rdpgfx_read_h264_metablock]: quantQualityVals[114]: qp: 0 r: 0 p: 0 qualityVal: 100
[18:00:04:026] [95171:000173f6] [DEBUG][com.freerdp.channels.rdpgfx.client] - [rdpgfx_read_h264_metablock]: quantQualityVals[115]: qp: 0 r: 0 p: 0 qualityVal: 100
[18:00:04:026] [95171:000173f6] [DEBUG][com.freerdp.channels.rdpgfx.client] - [rdpgfx_read_h264_metablock]: quantQualityVals[116]: qp: 0 r: 0 p: 0 qualityVal: 100
[18:00:04:026] [95171:000173f6] [DEBUG][com.freerdp.channels.rdpgfx.client] - [rdpgfx_read_h264_metablock]: quantQualityVals[117]: qp: 0 r: 0 p: 0 qualityVal: 100
[18:00:04:026] [95171:000173f6] [DEBUG][com.freerdp.channels.rdpgfx.client] - [rdpgfx_read_h264_metablock]: quantQualityVals[118]: qp: 0 r: 0 p: 0 qualityVal: 100
[18:00:04:026] [95171:000173f6] [DEBUG][com.freerdp.channels.rdpgfx.client] - [rdpgfx_read_h264_metablock]: quantQualityVals[119]: qp: 0 r: 0 p: 0 qualityVal: 100
[18:00:04:026] [95171:000173f6] [DEBUG][com.freerdp.channels.rdpgfx.client] - [rdpgfx_read_h264_metablock]: quantQualityVals[120]: qp: 0 r: 0 p: 0 qualityVal: 100
[18:00:04:026] [95171:000173f6] [DEBUG][com.freerdp.channels.rdpgfx.client] - [rdpgfx_read_h264_metablock]: quantQualityVals[121]: qp: 0 r: 0 p: 0 qualityVal: 100
[18:00:04:026] [95171:000173f6] [DEBUG][com.freerdp.channels.rdpgfx.client] - [rdpgfx_read_h264_metablock]: quantQualityVals[122]: qp: 0 r: 0 p: 0 qualityVal: 100
[18:00:04:026] [95171:000173f6] [DEBUG][com.freerdp.channels.rdpgfx.client] - [rdpgfx_read_h264_metablock]: quantQualityVals[123]: qp: 0 r: 0 p: 0 qualityVal: 100
[18:00:04:026] [95171:000173f6] [DEBUG][com.freerdp.channels.rdpgfx.client] - [rdpgfx_read_h264_metablock]: quantQualityVals[124]: qp: 0 r: 0 p: 0 qualityVal: 100
[18:00:04:026] [95171:000173f6] [DEBUG][com.freerdp.channels.rdpgfx.client] - [rdpgfx_read_h264_metablock]: quantQualityVals[125]: qp: 0 r: 0 p: 0 qualityVal: 100
[18:00:04:026] [95171:000173f6] [DEBUG][com.freerdp.channels.rdpgfx.client] - [rdpgfx_read_h264_metablock]: quantQualityVals[126]: qp: 0 r: 0 p: 0 qualityVal: 100
[18:00:04:026] [95171:000173f6] [DEBUG][com.freerdp.channels.rdpgfx.client] - [rdpgfx_read_h264_metablock]: quantQualityVals[127]: qp: 0 r: 0 p: 0 qualityVal: 100
[18:00:04:026] [95171:000173f6] [DEBUG][com.freerdp.channels.rdpgfx.client] - [rdpgfx_read_h264_metablock]: quantQualityVals[128]: qp: 0 r: 0 p: 0 qualityVal: 100
[18:00:04:026] [95171:000173f6] [DEBUG][com.freerdp.channels.rdpgfx.client] - [rdpgfx_read_h264_metablock]: quantQualityVals[129]: qp: 0 r: 0 p: 0 qualityVal: 100
[18:00:04:026] [95171:000173f6] [DEBUG][com.freerdp.channels.rdpgfx.client] - [rdpgfx_read_h264_metablock]: quantQualityVals[130]: qp: 0 r: 0 p: 0 qualityVal: 100
[18:00:04:026] [95171:000173f6] [DEBUG][com.freerdp.channels.rdpgfx.client] - [rdpgfx_read_h264_metablock]: quantQualityVals[131]: qp: 0 r: 0 p: 0 qualityVal: 100
[18:00:04:026] [95171:000173f6] [DEBUG][com.freerdp.channels.rdpgfx.client] - [rdpgfx_read_h264_metablock]: quantQualityVals[132]: qp: 0 r: 0 p: 0 qualityVal: 100
[18:00:04:026] [95171:000173f6] [DEBUG][com.freerdp.channels.rdpgfx.client] - [rdpgfx_read_h264_metablock]: quantQualityVals[133]: qp: 0 r: 0 p: 0 qualityVal: 100
[18:00:04:026] [95171:000173f6] [DEBUG][com.freerdp.channels.rdpgfx.client] - [rdpgfx_read_h264_metablock]: quantQualityVals[134]: qp: 0 r: 0 p: 0 qualityVal: 100
[18:00:04:026] [95171:000173f6] [DEBUG][com.freerdp.channels.rdpgfx.client] - [rdpgfx_read_h264_metablock]: quantQualityVals[135]: qp: 0 r: 0 p: 0 qualityVal: 100
[18:00:04:026] [95171:000173f6] [DEBUG][com.freerdp.channels.rdpgfx.client] - [rdpgfx_read_h264_metablock]: quantQualityVals[136]: qp: 0 r: 0 p: 0 qualityVal: 100
[18:00:04:026] [95171:000173f6] [DEBUG][com.freerdp.channels.rdpgfx.client] - [rdpgfx_read_h264_metablock]: quantQualityVals[137]: qp: 0 r: 0 p: 0 qualityVal: 100
[18:00:04:026] [95171:000173f6] [DEBUG][com.freerdp.channels.rdpgfx.client] - [rdpgfx_read_h264_metablock]: quantQualityVals[138]: qp: 0 r: 0 p: 0 qualityVal: 100
[18:00:04:026] [95171:000173f6] [DEBUG][com.freerdp.channels.rdpgfx.client] - [rdpgfx_read_h264_metablock]: quantQualityVals[139]: qp: 0 r: 0 p: 0 qualityVal: 100
[18:00:04:026] [95171:000173f6] [DEBUG][com.freerdp.channels.rdpgfx.client] - [rdpgfx_read_h264_metablock]: quantQualityVals[140]: qp: 0 r: 0 p: 0 qualityVal: 100
[18:00:04:026] [95171:000173f6] [DEBUG][com.freerdp.channels.rdpgfx.client] - [rdpgfx_read_h264_metablock]: quantQualityVals[141]: qp: 0 r: 0 p: 0 qualityVal: 100
[18:00:04:026] [95171:000173f6] [DEBUG][com.freerdp.channels.rdpgfx.client] - [rdpgfx_read_h264_metablock]: quantQualityVals[142]: qp: 0 r: 0 p: 0 qualityVal: 100
[18:00:04:026] [95171:000173f6] [DEBUG][com.freerdp.channels.rdpgfx.client] - [rdpgfx_read_h264_metablock]: quantQualityVals[143]: qp: 0 r: 0 p: 0 qualityVal: 100
[18:00:04:026] [95171:000173f6] [DEBUG][com.freerdp.channels.rdpgfx.client] - [rdpgfx_read_h264_metablock]: quantQualityVals[144]: qp: 0 r: 0 p: 0 qualityVal: 100
[18:00:04:026] [95171:000173f6] [DEBUG][com.freerdp.channels.rdpgfx.client] - [rdpgfx_read_h264_metablock]: quantQualityVals[145]: qp: 0 r: 0 p: 0 qualityVal: 100
[18:00:04:026] [95171:000173f6] [DEBUG][com.freerdp.channels.rdpgfx.client] - [rdpgfx_read_h264_metablock]: quantQualityVals[146]: qp: 0 r: 0 p: 0 qualityVal: 100
[18:00:04:026] [95171:000173f6] [DEBUG][com.freerdp.channels.rdpgfx.client] - [rdpgfx_read_h264_metablock]: quantQualityVals[147]: qp: 0 r: 0 p: 0 qualityVal: 100
[18:00:04:026] [95171:000173f6] [DEBUG][com.freerdp.channels.rdpgfx.client] - [rdpgfx_read_h264_metablock]: quantQualityVals[148]: qp: 0 r: 0 p: 0 qualityVal: 100
[18:00:04:026] [95171:000173f6] [DEBUG][com.freerdp.channels.rdpgfx.client] - [rdpgfx_read_h264_metablock]: quantQualityVals[149]: qp: 0 r: 0 p: 0 qualityVal: 100
[18:00:04:026] [95171:000173f6] [DEBUG][com.freerdp.channels.rdpgfx.client] - [rdpgfx_read_h264_metablock]: quantQualityVals[150]: qp: 0 r: 0 p: 0 qualityVal: 100
[18:00:04:026] [95171:000173f6] [DEBUG][com.freerdp.channels.rdpgfx.client] - [rdpgfx_read_h264_metablock]: quantQualityVals[151]: qp: 0 r: 0 p: 0 qualityVal: 100
[18:00:04:026] [95171:000173f6] [DEBUG][com.freerdp.channels.rdpgfx.client] - [rdpgfx_read_h264_metablock]: quantQualityVals[152]: qp: 0 r: 0 p: 0 qualityVal: 100
[18:00:04:026] [95171:000173f6] [DEBUG][com.freerdp.channels.rdpgfx.client] - [rdpgfx_read_h264_metablock]: quantQualityVals[153]: qp: 0 r: 0 p: 0 qualityVal: 100
[18:00:04:026] [95171:000173f6] [DEBUG][com.freerdp.channels.rdpgfx.client] - [rdpgfx_read_h264_metablock]: quantQualityVals[154]: qp: 0 r: 0 p: 0 qualityVal: 100
[18:00:04:026] [95171:000173f6] [DEBUG][com.freerdp.channels.rdpgfx.client] - [rdpgfx_read_h264_metablock]: quantQualityVals[155]: qp: 0 r: 0 p: 0 qualityVal: 100
[18:00:04:026] [95171:000173f6] [DEBUG][com.freerdp.channels.rdpgfx.client] - [rdpgfx_read_h264_metablock]: quantQualityVals[156]: qp: 0 r: 0 p: 0 qualityVal: 100
[18:00:04:026] [95171:000173f6] [DEBUG][com.freerdp.channels.rdpgfx.client] - [rdpgfx_read_h264_metablock]: quantQualityVals[157]: qp: 0 r: 0 p: 0 qualityVal: 100
[18:00:04:026] [95171:000173f6] [DEBUG][com.freerdp.channels.rdpgfx.client] - [rdpgfx_read_h264_metablock]: quantQualityVals[158]: qp: 0 r: 0 p: 0 qualityVal: 100
[18:00:04:026] [95171:000173f6] [DEBUG][com.freerdp.channels.rdpgfx.client] - [rdpgfx_read_h264_metablock]: quantQualityVals[159]: qp: 0 r: 0 p: 0 qualityVal: 100
[18:00:04:026] [95171:000173f6] [DEBUG][com.freerdp.channels.rdpgfx.client] - [rdpgfx_read_h264_metablock]: quantQualityVals[160]: qp: 0 r: 0 p: 0 qualityVal: 100
[18:00:04:026] [95171:000173f6] [DEBUG][com.freerdp.channels.rdpgfx.client] - [rdpgfx_read_h264_metablock]: quantQualityVals[161]: qp: 0 r: 0 p: 0 qualityVal: 100
[18:00:04:026] [95171:000173f6] [DEBUG][com.freerdp.channels.rdpgfx.client] - [rdpgfx_read_h264_metablock]: quantQualityVals[162]: qp: 0 r: 0 p: 0 qualityVal: 100
[18:00:04:026] [95171:000173f6] [DEBUG][com.freerdp.channels.rdpgfx.client] - [rdpgfx_read_h264_metablock]: quantQualityVals[163]: qp: 0 r: 0 p: 0 qualityVal: 100
[18:00:04:026] [95171:000173f6] [DEBUG][com.freerdp.channels.rdpgfx.client] - [rdpgfx_read_h264_metablock]: quantQualityVals[164]: qp: 0 r: 0 p: 0 qualityVal: 100
[18:00:04:026] [95171:000173f6] [DEBUG][com.freerdp.channels.rdpgfx.client] - [rdpgfx_read_h264_metablock]: quantQualityVals[165]: qp: 0 r: 0 p: 0 qualityVal: 100
[18:00:04:026] [95171:000173f6] [DEBUG][com.freerdp.channels.rdpgfx.client] - [rdpgfx_read_h264_metablock]: quantQualityVals[166]: qp: 0 r: 0 p: 0 qualityVal: 100
[18:00:04:026] [95171:000173f6] [DEBUG][com.freerdp.channels.rdpgfx.client] - [rdpgfx_read_h264_metablock]: quantQualityVals[167]: qp: 0 r: 0 p: 0 qualityVal: 100
[18:00:04:026] [95171:000173f6] [DEBUG][com.freerdp.channels.rdpgfx.client] - [rdpgfx_read_h264_metablock]: quantQualityVals[168]: qp: 0 r: 0 p: 0 qualityVal: 100
[18:00:04:026] [95171:000173f6] [DEBUG][com.freerdp.channels.rdpgfx.client] - [rdpgfx_read_h264_metablock]: quantQualityVals[169]: qp: 0 r: 0 p: 0 qualityVal: 100
[18:00:04:026] [95171:000173f6] [DEBUG][com.freerdp.channels.rdpgfx.client] - [rdpgfx_read_h264_metablock]: quantQualityVals[170]: qp: 0 r: 0 p: 0 qualityVal: 100
[18:00:04:026] [95171:000173f6] [DEBUG][com.freerdp.channels.rdpgfx.client] - [rdpgfx_read_h264_metablock]: quantQualityVals[171]: qp: 0 r: 0 p: 0 qualityVal: 100
[18:00:04:026] [95171:000173f6] [DEBUG][com.freerdp.channels.rdpgfx.client] - [rdpgfx_read_h264_metablock]: quantQualityVals[172]: qp: 0 r: 0 p: 0 qualityVal: 100
[18:00:04:026] [95171:000173f6] [DEBUG][com.freerdp.channels.rdpgfx.client] - [rdpgfx_read_h264_metablock]: quantQualityVals[173]: qp: 0 r: 0 p: 0 qualityVal: 100
[18:00:04:026] [95171:000173f6] [DEBUG][com.freerdp.channels.rdpgfx.client] - [rdpgfx_read_h264_metablock]: quantQualityVals[174]: qp: 0 r: 0 p: 0 qualityVal: 100
[18:00:04:026] [95171:000173f6] [DEBUG][com.freerdp.channels.rdpgfx.client] - [rdpgfx_read_h264_metablock]: quantQualityVals[175]: qp: 0 r: 0 p: 0 qualityVal: 100
[18:00:04:026] [95171:000173f6] [DEBUG][com.freerdp.channels.rdpgfx.client] - [rdpgfx_read_h264_metablock]: quantQualityVals[176]: qp: 0 r: 0 p: 0 qualityVal: 100
[18:00:04:026] [95171:000173f6] [DEBUG][com.freerdp.channels.rdpgfx.client] - [rdpgfx_read_h264_metablock]: quantQualityVals[177]: qp: 0 r: 0 p: 0 qualityVal: 100
[18:00:04:026] [95171:000173f6] [DEBUG][com.freerdp.channels.rdpgfx.client] - [rdpgfx_read_h264_metablock]: quantQualityVals[178]: qp: 0 r: 0 p: 0 qualityVal: 100
[18:00:04:026] [95171:000173f6] [DEBUG][com.freerdp.channels.rdpgfx.client] - [rdpgfx_read_h264_metablock]: quantQualityVals[179]: qp: 0 r: 0 p: 0 qualityVal: 100
[18:00:04:026] [95171:000173f6] [DEBUG][com.freerdp.channels.rdpgfx.client] - [rdpgfx_read_h264_metablock]: quantQualityVals[180]: qp: 0 r: 0 p: 0 qualityVal: 100
[18:00:04:026] [95171:000173f6] [DEBUG][com.freerdp.channels.rdpgfx.client] - [rdpgfx_read_h264_metablock]: quantQualityVals[181]: qp: 0 r: 0 p: 0 qualityVal: 100
[18:00:04:026] [95171:000173f6] [DEBUG][com.freerdp.channels.rdpgfx.client] - [rdpgfx_read_h264_metablock]: quantQualityVals[182]: qp: 0 r: 0 p: 0 qualityVal: 100
[18:00:04:026] [95171:000173f6] [DEBUG][com.freerdp.channels.rdpgfx.client] - [rdpgfx_read_h264_metablock]: quantQualityVals[183]: qp: 0 r: 0 p: 0 qualityVal: 100
[18:00:04:026] [95171:000173f6] [DEBUG][com.freerdp.channels.rdpgfx.client] - [rdpgfx_read_h264_metablock]: quantQualityVals[184]: qp: 0 r: 0 p: 0 qualityVal: 100
[18:00:04:026] [95171:000173f6] [DEBUG][com.freerdp.channels.rdpgfx.client] - [rdpgfx_read_h264_metablock]: quantQualityVals[185]: qp: 0 r: 0 p: 0 qualityVal: 100
[18:00:04:026] [95171:000173f6] [DEBUG][com.freerdp.channels.rdpgfx.client] - [rdpgfx_read_h264_metablock]: quantQualityVals[186]: qp: 0 r: 0 p: 0 qualityVal: 100
[18:00:04:026] [95171:000173f6] [DEBUG][com.freerdp.channels.rdpgfx.client] - [rdpgfx_read_h264_metablock]: quantQualityVals[187]: qp: 0 r: 0 p: 0 qualityVal: 100
[18:00:04:026] [95171:000173f6] [DEBUG][com.freerdp.channels.rdpgfx.client] - [rdpgfx_read_h264_metablock]: quantQualityVals[188]: qp: 0 r: 0 p: 0 qualityVal: 100
[18:00:04:026] [95171:000173f6] [DEBUG][com.freerdp.channels.rdpgfx.client] - [rdpgfx_read_h264_metablock]: quantQualityVals[189]: qp: 0 r: 0 p: 0 qualityVal: 100
[18:00:04:026] [95171:000173f6] [DEBUG][com.freerdp.channels.rdpgfx.client] - [rdpgfx_read_h264_metablock]: quantQualityVals[190]: qp: 0 r: 0 p: 0 qualityVal: 100
[18:00:04:026] [95171:000173f6] [DEBUG][com.freerdp.channels.rdpgfx.client] - [rdpgfx_read_h264_metablock]: quantQualityVals[191]: qp: 0 r: 0 p: 0 qualityVal: 100
[18:00:04:026] [95171:000173f6] [DEBUG][com.freerdp.channels.rdpgfx.client] - [rdpgfx_read_h264_metablock]: quantQualityVals[192]: qp: 0 r: 0 p: 0 qualityVal: 100
[18:00:04:026] [95171:000173f6] [DEBUG][com.freerdp.channels.rdpgfx.client] - [rdpgfx_read_h264_metablock]: quantQualityVals[193]: qp: 0 r: 0 p: 0 qualityVal: 100
[18:00:04:026] [95171:000173f6] [DEBUG][com.freerdp.channels.rdpgfx.client] - [rdpgfx_read_h264_metablock]: quantQualityVals[194]: qp: 0 r: 0 p: 0 qualityVal: 100
[18:00:04:026] [95171:000173f6] [DEBUG][com.freerdp.channels.rdpgfx.client] - [rdpgfx_read_h264_metablock]: quantQualityVals[195]: qp: 0 r: 0 p: 0 qualityVal: 100
[18:00:04:026] [95171:000173f6] [DEBUG][com.freerdp.channels.rdpgfx.client] - [rdpgfx_read_h264_metablock]: quantQualityVals[196]: qp: 0 r: 0 p: 0 qualityVal: 100
[18:00:04:026] [95171:000173f6] [DEBUG][com.freerdp.channels.rdpgfx.client] - [rdpgfx_read_h264_metablock]: quantQualityVals[197]: qp: 0 r: 0 p: 0 qualityVal: 100
[18:00:04:026] [95171:000173f6] [DEBUG][com.freerdp.channels.rdpgfx.client] - [rdpgfx_read_h264_metablock]: quantQualityVals[198]: qp: 0 r: 0 p: 0 qualityVal: 100
[18:00:04:026] [95171:000173f6] [DEBUG][com.freerdp.channels.rdpgfx.client] - [rdpgfx_read_h264_metablock]: quantQualityVals[199]: qp: 0 r: 0 p: 0 qualityVal: 100
[18:00:04:026] [95171:000173f6] [DEBUG][com.freerdp.channels.rdpgfx.client] - [rdpgfx_read_h264_metablock]: quantQualityVals[200]: qp: 0 r: 0 p: 0 qualityVal: 100
[18:00:04:026] [95171:000173f6] [DEBUG][com.freerdp.channels.rdpgfx.client] - [rdpgfx_read_h264_metablock]: quantQualityVals[201]: qp: 0 r: 0 p: 0 qualityVal: 100
[18:00:04:026] [95171:000173f6] [DEBUG][com.freerdp.channels.rdpgfx.client] - [rdpgfx_read_h264_metablock]: quantQualityVals[202]: qp: 0 r: 0 p: 0 qualityVal: 100
[18:00:04:026] [95171:000173f6] [DEBUG][com.freerdp.channels.rdpgfx.client] - [rdpgfx_read_h264_metablock]: quantQualityVals[203]: qp: 0 r: 0 p: 0 qualityVal: 100
[18:00:04:026] [95171:000173f6] [DEBUG][com.freerdp.channels.rdpgfx.client] - [rdpgfx_read_h264_metablock]: quantQualityVals[204]: qp: 0 r: 0 p: 0 qualityVal: 100
[18:00:04:026] [95171:000173f6] [DEBUG][com.freerdp.channels.rdpgfx.client] - [rdpgfx_read_h264_metablock]: quantQualityVals[205]: qp: 0 r: 0 p: 0 qualityVal: 100
[18:00:04:026] [95171:000173f6] [DEBUG][com.freerdp.channels.rdpgfx.client] - [rdpgfx_read_h264_metablock]: quantQualityVals[206]: qp: 0 r: 0 p: 0 qualityVal: 100
[18:00:04:026] [95171:000173f6] [DEBUG][com.freerdp.channels.rdpgfx.client] - [rdpgfx_read_h264_metablock]: quantQualityVals[207]: qp: 0 r: 0 p: 0 qualityVal: 100
[18:00:04:026] [95171:000173f6] [DEBUG][com.freerdp.channels.rdpgfx.client] - [rdpgfx_read_h264_metablock]: quantQualityVals[208]: qp: 0 r: 0 p: 0 qualityVal: 100
[18:00:04:026] [95171:000173f6] [DEBUG][com.freerdp.channels.rdpgfx.client] - [rdpgfx_read_h264_metablock]: quantQualityVals[209]: qp: 0 r: 0 p: 0 qualityVal: 100
[18:00:04:026] [95171:000173f6] [DEBUG][com.freerdp.channels.rdpgfx.client] - [rdpgfx_read_h264_metablock]: quantQualityVals[210]: qp: 0 r: 0 p: 0 qualityVal: 100
[18:00:04:026] [95171:000173f6] [DEBUG][com.freerdp.channels.rdpgfx.client] - [rdpgfx_read_h264_metablock]: quantQualityVals[211]: qp: 0 r: 0 p: 0 qualityVal: 100
[18:00:04:026] [95171:000173f6] [DEBUG][com.freerdp.channels.rdpgfx.client] - [rdpgfx_read_h264_metablock]: quantQualityVals[212]: qp: 0 r: 0 p: 0 qualityVal: 100
[18:00:04:026] [95171:000173f6] [DEBUG][com.freerdp.channels.rdpgfx.client] - [rdpgfx_read_h264_metablock]: quantQualityVals[213]: qp: 0 r: 0 p: 0 qualityVal: 100
[18:00:04:026] [95171:000173f6] [DEBUG][com.freerdp.channels.rdpgfx.client] - [rdpgfx_read_h264_metablock]: quantQualityVals[214]: qp: 0 r: 0 p: 0 qualityVal: 100
[18:00:04:026] [95171:000173f6] [DEBUG][com.freerdp.channels.rdpgfx.client] - [rdpgfx_read_h264_metablock]: quantQualityVals[215]: qp: 0 r: 0 p: 0 qualityVal: 100
[18:00:04:026] [95171:000173f6] [DEBUG][com.freerdp.channels.rdpgfx.client] - [rdpgfx_read_h264_metablock]: quantQualityVals[216]: qp: 0 r: 0 p: 0 qualityVal: 100
[18:00:04:026] [95171:000173f6] [DEBUG][com.freerdp.channels.rdpgfx.client] - [rdpgfx_read_h264_metablock]: quantQualityVals[217]: qp: 0 r: 0 p: 0 qualityVal: 100
[18:00:04:026] [95171:000173f6] [DEBUG][com.freerdp.channels.rdpgfx.client] - [rdpgfx_read_h264_metablock]: quantQualityVals[218]: qp: 0 r: 0 p: 0 qualityVal: 100
[18:00:04:026] [95171:000173f6] [DEBUG][com.freerdp.channels.rdpgfx.client] - [rdpgfx_read_h264_metablock]: quantQualityVals[219]: qp: 0 r: 0 p: 0 qualityVal: 100
[18:00:04:026] [95171:000173f6] [DEBUG][com.freerdp.channels.rdpgfx.client] - [rdpgfx_read_h264_metablock]: quantQualityVals[220]: qp: 0 r: 0 p: 0 qualityVal: 100
[18:00:04:026] [95171:000173f6] [DEBUG][com.freerdp.channels.rdpgfx.client] - [rdpgfx_read_h264_metablock]: quantQualityVals[221]: qp: 0 r: 0 p: 0 qualityVal: 100
[18:00:04:026] [95171:000173f6] [DEBUG][com.freerdp.channels.rdpgfx.client] - [rdpgfx_read_h264_metablock]: quantQualityVals[222]: qp: 0 r: 0 p: 0 qualityVal: 100
[18:00:04:026] [95171:000173f6] [DEBUG][com.freerdp.channels.rdpgfx.client] - [rdpgfx_read_h264_metablock]: quantQualityVals[223]: qp: 0 r: 0 p: 0 qualityVal: 100
[18:00:04:026] [95171:000173f6] [DEBUG][com.freerdp.channels.rdpgfx.client] - [rdpgfx_read_h264_metablock]: quantQualityVals[224]: qp: 0 r: 0 p: 0 qualityVal: 100
[18:00:04:026] [95171:000173f6] [DEBUG][com.freerdp.channels.rdpgfx.client] - [rdpgfx_read_h264_metablock]: quantQualityVals[225]: qp: 0 r: 0 p: 0 qualityVal: 100
[18:00:04:026] [95171:000173f6] [DEBUG][com.freerdp.channels.rdpgfx.client] - [rdpgfx_read_h264_metablock]: quantQualityVals[226]: qp: 0 r: 0 p: 0 qualityVal: 100
[18:00:04:026] [95171:000173f6] [DEBUG][com.freerdp.channels.rdpgfx.client] - [rdpgfx_read_h264_metablock]: quantQualityVals[227]: qp: 0 r: 0 p: 0 qualityVal: 100
[18:00:04:026] [95171:000173f6] [DEBUG][com.freerdp.channels.rdpgfx.client] - [rdpgfx_read_h264_metablock]: quantQualityVals[228]: qp: 0 r: 0 p: 0 qualityVal: 100
[18:00:04:026] [95171:000173f6] [DEBUG][com.freerdp.channels.rdpgfx.client] - [rdpgfx_read_h264_metablock]: quantQualityVals[229]: qp: 0 r: 0 p: 0 qualityVal: 100
[18:00:04:026] [95171:000173f6] [DEBUG][com.freerdp.channels.rdpgfx.client] - [rdpgfx_read_h264_metablock]: quantQualityVals[230]: qp: 0 r: 0 p: 0 qualityVal: 100
[18:00:04:026] [95171:000173f6] [DEBUG][com.freerdp.channels.rdpgfx.client] - [rdpgfx_read_h264_metablock]: quantQualityVals[231]: qp: 0 r: 0 p: 0 qualityVal: 100
[18:00:04:026] [95171:000173f6] [DEBUG][com.freerdp.channels.rdpgfx.client] - [rdpgfx_read_h264_metablock]: quantQualityVals[232]: qp: 0 r: 0 p: 0 qualityVal: 100
[18:00:04:026] [95171:000173f6] [DEBUG][com.freerdp.channels.rdpgfx.client] - [rdpgfx_read_h264_metablock]: quantQualityVals[233]: qp: 0 r: 0 p: 0 qualityVal: 100
[18:00:04:026] [95171:000173f6] [DEBUG][com.freerdp.channels.rdpgfx.client] - [rdpgfx_read_h264_metablock]: quantQualityVals[234]: qp: 0 r: 0 p: 0 qualityVal: 100
[18:00:04:026] [95171:000173f6] [DEBUG][com.freerdp.channels.rdpgfx.client] - [rdpgfx_read_h264_metablock]: quantQualityVals[235]: qp: 0 r: 0 p: 0 qualityVal: 100
[18:00:04:026] [95171:000173f6] [DEBUG][com.freerdp.channels.rdpgfx.client] - [rdpgfx_read_h264_metablock]: quantQualityVals[236]: qp: 0 r: 0 p: 0 qualityVal: 100
[18:00:04:026] [95171:000173f6] [DEBUG][com.freerdp.channels.rdpgfx.client] - [rdpgfx_read_h264_metablock]: quantQualityVals[237]: qp: 0 r: 0 p: 0 qualityVal: 100
[18:00:04:026] [18:00:56:261] [95171:000173c5] [ERROR][com.freerdp.core.transport] - [transport_read_layer]: BIO_read retries exceeded
[18:00:56:262] [95171:000173c5] [ERROR][com.freerdp.core] - [transport_read_layer]: ERRCONNECT_CONNECT_TRANSPORT_FAILED [0x0002000D]
[95171:000173f6] [DEBUG][com.freerdp.channels.rdpgfx.client] - [rdpgfx_read_h264_metablock]: quantQualityVals[238]: qp: 0 r: 0 p: 0 qualityVal: 100
[18:00:04:026] [95171:000173f6] [DEBUG][com.freerdp.channels.rdpgfx.client] - [rdpgfx_read_h264_metablock]: quantQualityVals[239]: qp: 0 r: 0 p: 0 qualityVal: 100
[18:00:04:026] [95171:000173f6] [DEBUG][com.freerdp.channels.rdpgfx.client] - [rdpgfx_read_h264_metablock]: quantQualityVals[240]: qp: 0 r: 0 p: 0 qualityVal: 100
[18:00:04:026] [95171:000173f6] [DEBUG][com.freerdp.channels.rdpgfx.client] - [rdpgfx_read_h264_metablock]: quantQualityVals[241]: qp: 0 r: 0 p: 0 qualityVal: 100
[18:00:04:026] [95171:000173f6] [DEBUG][com.freerdp.channels.rdpgfx.client] - [rdpgfx_read_h264_metablock]: quantQualityVals[242]: qp: 0 r: 0 p: 0 qualityVal: 100
[18:00:04:026] [95171:000173f6] [DEBUG][com.freerdp.channels.rdpgfx.client] - [rdpgfx_read_h264_metablock]: quantQualityVals[243]: qp: 0 r: 0 p: 0 qualityVal: 100
[18:00:04:026] [95171:000173f6] [DEBUG][com.freerdp.channels.rdpgfx.client] - [rdpgfx_read_h264_metablock]: quantQualityVals[244]: qp: 0 r: 0 p: 0 qualityVal: 100
[18:00:04:026] [95171:000173f6] [DEBUG][com.freerdp.channels.rdpgfx.client] - [rdpgfx_read_h264_metablock]: quantQualityVals[245]: qp: 0 r: 0 p: 0 qualityVal: 100
[18:00:04:026] [95171:000173f6] [DEBUG][com.freerdp.channels.rdpgfx.client] - [rdpgfx_read_h264_metablock]: quantQualityVals[246]: qp: 0 r: 0 p: 0 qualityVal: 100
[18:00:04:026] [95171:000173f6] [DEBUG][com.freerdp.channels.rdpgfx.client] - [rdpgfx_read_h264_metablock]: quantQualityVals[247]: qp: 0 r: 0 p: 0 qualityVal: 100
[18:00:04:026] [95171:000173f6] [DEBUG][com.freerdp.channels.rdpgfx.client] - [rdpgfx_read_h264_metablock]: quantQualityVals[248]: qp: 0 r: 0 p: 0 qualityVal: 100
[18:00:04:026] [95171:000173f6] [DEBUG][com.freerdp.channels.rdpgfx.client] - [rdpgfx_read_h264_metablock]: quantQualityVals[249]: qp: 0 r: 0 p: 0 qualityVal: 100
[18:00:04:026] [95171:000173f6] [DEBUG][com.freerdp.channels.rdpgfx.client] - [rdpgfx_read_h264_metablock]: quantQualityVals[250]: qp: 0 r: 0 p: 0 qualityVal: 100
[18:00:04:026] [95171:000173f6] [DEBUG][com.freerdp.channels.rdpgfx.client] - [rdpgfx_read_h264_metablock]: quantQualityVals[251]: qp: 0 r: 0 p: 0 qualityVal: 100
[18:00:04:026] [95171:000173f6] [DEBUG][com.freerdp.channels.rdpgfx.client] - [rdpgfx_read_h264_metablock]: quantQualityVals[252]: qp: 0 r: 0 p: 0 qualityVal: 100
[18:00:04:026] [95171:000173f6] [DEBUG][com.freerdp.channels.rdpgfx.client] - [rdpgfx_read_h264_metablock]: quantQualityVals[253]: qp: 0 r: 0 p: 0 qualityVal: 100
[18:00:04:026] [95171:000173f6] [DEBUG][com.freerdp.channels.rdpgfx.client] - [rdpgfx_read_h264_metablock]: quantQualityVals[254]: qp: 0 r: 0 p: 0 qualityVal: 100
[18:00:04:026] [95171:000173f6] [DEBUG][com.freerdp.channels.rdpgfx.client] - [rdpgfx_read_h264_metablock]: quantQualityVals[255]: qp: 0 r: 0 p: 0 qualityVal: 100
[18:00:04:026] [95171:000173f6] [DEBUG][com.freerdp.channels.rdpgfx.client] - [rdpgfx_read_h264_metablock]: quantQualityVals[256]: qp: 0 r: 0 p: 0 qualityVal: 100
[18:00:04:026] [95171:000173f6] [DEBUG][com.freerdp.channels.rdpgfx.client] - [rdpgfx_read_h264_metablock]: quantQualityVals[257]: qp: 0 r: 0 p: 0 qualityVal: 100
[18:00:04:026] [95171:000173f6] [DEBUG][com.freerdp.channels.rdpgfx.client] - [rdpgfx_read_h264_metablock]: quantQualityVals[258]: qp: 0 r: 0 p: 0 qualityVal: 100
[18:00:04:026] [95171:000173f6] [DEBUG][com.freerdp.channels.rdpgfx.client] - [rdpgfx_read_h264_metablock]: quantQualityVals[259]: qp: 0 r: 0 p: 0 qualityVal: 100
[18:00:56:262] [95171:000173c5] [DEBUG][com.freerdp.core.transport] - [transport_check_fds]: transport_check_fds: transport_read_pdu() - -1
[18:00:56:262] [95171:000173c5] [DEBUG][com.freerdp.core.rdp] - [rdp_check_fds][0x55fff7a88230]: transport_check_fds() - -1
[18:00:56:262] [95171:000173c5] [DEBUG][com.freerdp.core] - [freerdp_check_fds]: rdp_check_fds() - -1
[18:00:56:262] [95171:000173c5] [DEBUG][com.freerdp.core] - [mcs_send_disconnect_provider_ultimatum]: sending DisconnectProviderUltimatum(rn-user-requested)
[1[18:00:56:264] [95171:000173f6] [WARN][com.freerdp.channels.drdynvc.client] - [check_open_close_receive]: {Microsoft::Windows::RDS::DisplayControl:2} OnOpen=(nil), OnClose=0x7f58dd42f190
[18:00:56:384] [95171:000173f6] [WARN][com.freerdp.channels.rdpsnd.client] - [rdpsnd_check_pulse]: pulse->stream=(nil)
8:00:56:262] [95171:000173c5] [INFO][com.freerdp.client.common] - [client_auto_reconnect_ex]: Network disconnect!
[18:00:56:262] [95171:000173c5] [DEBUG][com.freerdp.core.rdp] - [rdp_finalize_reset_flags][0x55fff7a88230]: [CONNECTION_STATE_ACTIVE] reset finalize_sc_pdus
[18:00:56:262] [95171:000173c5] [DEBUG][com.freerdp.core.rdp] - [rdp_client_transition_to_state][0x55fff7a88230]: CONNECTION_STATE_ACTIVE --> CONNECTION_STATE_INITIAL
[18:00:56:262] [95171:000173c5] [DEBUG][com.freerdp.client.common.cliprdr.file] - [clear_selection]: Clearing selections
[18:00:56:262] [95171:000173c5] [DEBUG][com.freerdp.client.common.cliprdr.file] - [invalidate_inode]: Inode 1 invalidated
[18:00:56:262] [95171:000173c5] [DEBUG][com.freerdp.client.common.cliprdr.file] - [clear_selection]: Selections cleared
[18:00:56:389] [95171:000173c5] [DEBUG][com.freerdp.client.common.cliprdr.file] - [clear_selection]: Clearing selections
[18:00:56:389] [95171:000173c5] [DEBUG][com.freerdp.client.common.cliprdr.file] - [clear_selection]: Selections cleared
[18:00:56:389] [95171:000173c5] [DEBUG][com.freerdp.client.common.cliprdr.file] - [cliprdr_file_context_free]: Stopping FUSE thread
[18:00:56:389] [95171:000173c5] [DEBUG][com.freerdp.client.common.cliprdr.file] - [cliprdr_file_session_terminate]: Setting FUSE exit flag
[18:00:56:389] [95171:000173c5] [DEBUG][com.freerdp.client.common.cliprdr.file] - [cliprdr_file_session_terminate]: Setting FUSE stop event
[18:00:56:389] [95171:000173c5] [DEBUG][com.freerdp.client.common.cliprdr.file] - [cliprdr_file_session_terminate]: Forcing FUSE to check exit flag
[18:00:56:389] [95171:000173c5] [DEBUG][com.freerdp.client.common.cliprdr.file] - [cliprdr_file_context_free]: Waiting on FUSE thread
[18:00:56:391] [95171:000173c3] [DEBUG][com.freerdp.core] - [mcs_send_disconnect_provider_ultimatum]: sending DisconnectProviderUltimatum(rn-user-requested)
