
[1;34m==> Privilegi di amministratore[0m
Password sudo: 
[1;34m==> Cartelle di lavoro su /media/REMOTIX[0m
    [1;32mOK[0m  pronte (TMPDIR confinato in /media/REMOTIX/tmp)

[1;34m==> Strumenti di bootstrap (confinati in /media/REMOTIX/hosttools)[0m
    [1;32mOK[0m  mmdebstrap gia' disponibile (mmdebstrap 1.5.7)

[1;34m==> Contenitore Debian trixie[0m
    --  trovato contenitore incompleto: lo rimuovo
    --  creazione in corso, scarica circa 250 MB...
I: chroot architecture amd64 is equal to the host's architecture
W: gpg --version failed: cannot infer signed-by value
I: automatically chosen format: directory
I: running apt-get update...
I: downloading packages with apt...
I: extracting archives...
I: installing essential packages...
I: installing remaining packages inside the chroot...
I: cleaning package lists and apt cache...
I: success in 34.9937 seconds
    [1;32mOK[0m  rootfs creato

[1;34m==> Bind mount di servizio[0m
    [1;32mOK[0m  proc, sys, dev, src, rust collegati

[1;34m==> Utente di sviluppo nel contenitore (uid 1000)[0m
    [1;32mOK[0m  utente 'dev' creato

[1;34m==> Dipendenze di compilazione nel contenitore[0m
    --  mancanti:build-essential pkg-config git curl ca-certificates clang libclang-dev llvm-dev cmake ninja-build meson nasm libwayland-dev wayland-protocols libxkbcommon-dev libinput-dev libudev-dev libseat-dev libdrm-dev libgbm-dev libegl-dev libgles-dev libva-dev libvulkan-dev libpipewire-0.3-dev libpam0g-dev libssl-dev libdbus-1-dev libsystemd-dev vainfo ffmpeg
Preconfiguring packages ...
E: Can not write log (Is /dev/pts mounted?) - posix_openpt (19: No such device)
Selecting previously unselected package libdbus-1-3:amd64.
(Reading database ... 7798 files and directories currently installed.)
Preparing to unpack .../0-libdbus-1-3_1.16.2-2_amd64.deb ...
Unpacking libdbus-1-3:amd64 (1.16.2-2) ...
Selecting previously unselected package dbus-bin.
Preparing to unpack .../1-dbus-bin_1.16.2-2_amd64.deb ...
Unpacking dbus-bin (1.16.2-2) ...
Selecting previously unselected package dbus-session-bus-common.
Preparing to unpack .../2-dbus-session-bus-common_1.16.2-2_all.deb ...
Unpacking dbus-session-bus-common (1.16.2-2) ...
Selecting previously unselected package libexpat1:amd64.
Preparing to unpack .../3-libexpat1_2.7.1-2_amd64.deb ...
Unpacking libexpat1:amd64 (2.7.1-2) ...
Selecting previously unselected package dbus-daemon.
Preparing to unpack .../4-dbus-daemon_1.16.2-2_amd64.deb ...
Unpacking dbus-daemon (1.16.2-2) ...
Selecting previously unselected package dbus-system-bus-common.
Preparing to unpack .../5-dbus-system-bus-common_1.16.2-2_all.deb ...
Unpacking dbus-system-bus-common (1.16.2-2) ...
Selecting previously unselected package dbus.
Preparing to unpack .../6-dbus_1.16.2-2_amd64.deb ...
Unpacking dbus (1.16.2-2) ...
Selecting previously unselected package libpython3.13-minimal:amd64.
Preparing to unpack .../7-libpython3.13-minimal_3.13.5-2+deb13u3_amd64.deb ...
Unpacking libpython3.13-minimal:amd64 (3.13.5-2+deb13u3) ...
Selecting previously unselected package python3.13-minimal.
Preparing to unpack .../8-python3.13-minimal_3.13.5-2+deb13u3_amd64.deb ...
Unpacking python3.13-minimal (3.13.5-2+deb13u3) ...
Setting up libpython3.13-minimal:amd64 (3.13.5-2+deb13u3) ...
Setting up libexpat1:amd64 (2.7.1-2) ...
Setting up python3.13-minimal (3.13.5-2+deb13u3) ...
Selecting previously unselected package python3-minimal.
(Reading database ... 8205 files and directories currently installed.)
Preparing to unpack .../0-python3-minimal_3.13.5-1_amd64.deb ...
Unpacking python3-minimal (3.13.5-1) ...
Selecting previously unselected package media-types.
Preparing to unpack .../1-media-types_13.0.0_all.deb ...
Unpacking media-types (13.0.0) ...
Selecting previously unselected package libffi8:amd64.
Preparing to unpack .../2-libffi8_3.4.8-2_amd64.deb ...
Unpacking libffi8:amd64 (3.4.8-2) ...
Selecting previously unselected package libpython3.13-stdlib:amd64.
Preparing to unpack .../3-libpython3.13-stdlib_3.13.5-2+deb13u3_amd64.deb ...
Unpacking libpython3.13-stdlib:amd64 (3.13.5-2+deb13u3) ...
Selecting previously unselected package python3.13.
Preparing to unpack .../4-python3.13_3.13.5-2+deb13u3_amd64.deb ...
Unpacking python3.13 (3.13.5-2+deb13u3) ...
Selecting previously unselected package libpython3-stdlib:amd64.
Preparing to unpack .../5-libpython3-stdlib_3.13.5-1_amd64.deb ...
Unpacking libpython3-stdlib:amd64 (3.13.5-1) ...
Setting up python3-minimal (3.13.5-1) ...
Selecting previously unselected package python3.
(Reading database ... 8663 files and directories currently installed.)
Preparing to unpack .../000-python3_3.13.5-1_amd64.deb ...
Unpacking python3 (3.13.5-1) ...
Selecting previously unselected package seatd.
Preparing to unpack .../001-seatd_0.9.1-1_amd64.deb ...
Unpacking seatd (0.9.1-1) ...
Selecting previously unselected package bash-completion.
Preparing to unpack .../002-bash-completion_1%3a2.16.0-7_all.deb ...
Unpacking bash-completion (1:2.16.0-7) ...
Selecting previously unselected package bzip2.
Preparing to unpack .../003-bzip2_1.0.8-6_amd64.deb ...
Unpacking bzip2 (1.0.8-6) ...
Selecting previously unselected package openssl.
Preparing to unpack .../004-openssl_3.5.6-1~deb13u2_amd64.deb ...
Unpacking openssl (3.5.6-1~deb13u2) ...
Selecting previously unselected package ca-certificates.
Preparing to unpack .../005-ca-certificates_20250419_all.deb ...
Unpacking ca-certificates (20250419) ...
Selecting previously unselected package libpam-systemd:amd64.
Preparing to unpack .../006-libpam-systemd_257.13-1~deb13u1_amd64.deb ...
Unpacking libpam-systemd:amd64 (257.13-1~deb13u1) ...
Selecting previously unselected package manpages.
Preparing to unpack .../007-manpages_6.9.1-1_all.deb ...
Unpacking manpages (6.9.1-1) ...
Selecting previously unselected package libcbor0.10:amd64.
Preparing to unpack .../008-libcbor0.10_0.10.2-2_amd64.deb ...
Unpacking libcbor0.10:amd64 (0.10.2-2) ...
Selecting previously unselected package libfido2-1:amd64.
Preparing to unpack .../009-libfido2-1_1.15.0-1+b1_amd64.deb ...
Unpacking libfido2-1:amd64 (1.15.0-1+b1) ...
Selecting previously unselected package openssh-client.
Preparing to unpack .../010-openssh-client_1%3a10.0p1-7+deb13u4_amd64.deb ...
Unpacking openssh-client (1:10.0p1-7+deb13u4) ...
Selecting previously unselected package perl-modules-5.40.
Preparing to unpack .../011-perl-modules-5.40_5.40.1-6_all.deb ...
Unpacking perl-modules-5.40 (5.40.1-6) ...
Selecting previously unselected package libgdbm6t64:amd64.
Preparing to unpack .../012-libgdbm6t64_1.24-2_amd64.deb ...
Unpacking libgdbm6t64:amd64 (1.24-2) ...
Selecting previously unselected package libgdbm-compat4t64:amd64.
Preparing to unpack .../013-libgdbm-compat4t64_1.24-2_amd64.deb ...
Unpacking libgdbm-compat4t64:amd64 (1.24-2) ...
Selecting previously unselected package libperl5.40:amd64.
Preparing to unpack .../014-libperl5.40_5.40.1-6_amd64.deb ...
Unpacking libperl5.40:amd64 (5.40.1-6) ...
Selecting previously unselected package perl.
Preparing to unpack .../015-perl_5.40.1-6_amd64.deb ...
Unpacking perl (5.40.1-6) ...
Selecting previously unselected package xz-utils.
Preparing to unpack .../016-xz-utils_5.8.1-1+deb13u1_amd64.deb ...
Unpacking xz-utils (5.8.1-1+deb13u1) ...
Selecting previously unselected package libgdk-pixbuf2.0-common.
Preparing to unpack .../017-libgdk-pixbuf2.0-common_2.42.12+dfsg-4+deb13u1_all.deb ...
Unpacking libgdk-pixbuf2.0-common (2.42.12+dfsg-4+deb13u1) ...
Selecting previously unselected package libatomic1:amd64.
Preparing to unpack .../018-libatomic1_14.2.0-19_amd64.deb ...
Unpacking libatomic1:amd64 (14.2.0-19) ...
Selecting previously unselected package libglib2.0-0t64:amd64.
Preparing to unpack .../019-libglib2.0-0t64_2.84.4-3~deb13u3_amd64.deb ...
Unpacking libglib2.0-0t64:amd64 (2.84.4-3~deb13u3) ...
Selecting previously unselected package libxml2:amd64.
Preparing to unpack .../020-libxml2_2.12.7+dfsg+really2.9.14-2.1+deb13u3_amd64.deb ...
Unpacking libxml2:amd64 (2.12.7+dfsg+really2.9.14-2.1+deb13u3) ...
Selecting previously unselected package shared-mime-info.
Preparing to unpack .../021-shared-mime-info_2.4-5+b2_amd64.deb ...
Unpacking shared-mime-info (2.4-5+b2) ...
Selecting previously unselected package libjpeg62-turbo:amd64.
Preparing to unpack .../022-libjpeg62-turbo_1%3a2.1.5-4_amd64.deb ...
Unpacking libjpeg62-turbo:amd64 (1:2.1.5-4) ...
Selecting previously unselected package libpng16-16t64:amd64.
Preparing to unpack .../023-libpng16-16t64_1.6.48-1+deb13u5_amd64.deb ...
Unpacking libpng16-16t64:amd64 (1.6.48-1+deb13u5) ...
Selecting previously unselected package libdeflate0:amd64.
Preparing to unpack .../024-libdeflate0_1.23-2_amd64.deb ...
Unpacking libdeflate0:amd64 (1.23-2) ...
Selecting previously unselected package libjbig0:amd64.
Preparing to unpack .../025-libjbig0_2.1-6.1+b2_amd64.deb ...
Unpacking libjbig0:amd64 (2.1-6.1+b2) ...
Selecting previously unselected package liblerc4:amd64.
Preparing to unpack .../026-liblerc4_4.0.0+ds-5_amd64.deb ...
Unpacking liblerc4:amd64 (4.0.0+ds-5) ...
Selecting previously unselected package libsharpyuv0:amd64.
Preparing to unpack .../027-libsharpyuv0_1.5.0-0.1_amd64.deb ...
Unpacking libsharpyuv0:amd64 (1.5.0-0.1) ...
Selecting previously unselected package libwebp7:amd64.
Preparing to unpack .../028-libwebp7_1.5.0-0.1_amd64.deb ...
Unpacking libwebp7:amd64 (1.5.0-0.1) ...
Selecting previously unselected package libtiff6:amd64.
Preparing to unpack .../029-libtiff6_4.7.0-3+deb13u2_amd64.deb ...
Unpacking libtiff6:amd64 (4.7.0-3+deb13u2) ...
Selecting previously unselected package libgdk-pixbuf-2.0-0:amd64.
Preparing to unpack .../030-libgdk-pixbuf-2.0-0_2.42.12+dfsg-4+deb13u1_amd64.deb ...
Unpacking libgdk-pixbuf-2.0-0:amd64 (2.42.12+dfsg-4+deb13u1) ...
Selecting previously unselected package gtk-update-icon-cache.
Preparing to unpack .../031-gtk-update-icon-cache_4.18.6+ds-2_amd64.deb ...
No diversion 'diversion of /usr/sbin/update-icon-caches to /usr/sbin/update-icon-caches.gtk2 by libgtk-3-bin', none removed.
No diversion 'diversion of /usr/share/man/man8/update-icon-caches.8.gz to /usr/share/man/man8/update-icon-caches.gtk2.8.gz by libgtk-3-bin', none removed.
Unpacking gtk-update-icon-cache (4.18.6+ds-2) ...
Selecting previously unselected package hicolor-icon-theme.
Preparing to unpack .../032-hicolor-icon-theme_0.18-2_all.deb ...
Unpacking hicolor-icon-theme (0.18-2) ...
Selecting previously unselected package adwaita-icon-theme.
Preparing to unpack .../033-adwaita-icon-theme_48.1-1_all.deb ...
Unpacking adwaita-icon-theme (48.1-1) ...
Selecting previously unselected package alsa-topology-conf.
Preparing to unpack .../034-alsa-topology-conf_1.2.5.1-3_all.deb ...
Unpacking alsa-topology-conf (1.2.5.1-3) ...
Selecting previously unselected package libasound2-data.
Preparing to unpack .../035-libasound2-data_1.2.14-1_all.deb ...
Unpacking libasound2-data (1.2.14-1) ...
Selecting previously unselected package libasound2t64:amd64.
Preparing to unpack .../036-libasound2t64_1.2.14-1_amd64.deb ...
Unpacking libasound2t64:amd64 (1.2.14-1) ...
Selecting previously unselected package alsa-ucm-conf.
Preparing to unpack .../037-alsa-ucm-conf_1.2.14-1_all.deb ...
Unpacking alsa-ucm-conf (1.2.14-1) ...
Selecting previously unselected package at-spi2-common.
Preparing to unpack .../038-at-spi2-common_2.56.2-1+deb13u1_all.deb ...
Unpacking at-spi2-common (2.56.2-1+deb13u1) ...
Selecting previously unselected package libxau6:amd64.
Preparing to unpack .../039-libxau6_1%3a1.0.11-1_amd64.deb ...
Unpacking libxau6:amd64 (1:1.0.11-1) ...
Selecting previously unselected package libxdmcp6:amd64.
Preparing to unpack .../040-libxdmcp6_1%3a1.1.5-1_amd64.deb ...
Unpacking libxdmcp6:amd64 (1:1.1.5-1) ...
Selecting previously unselected package libxcb1:amd64.
Preparing to unpack .../041-libxcb1_1.17.0-2+b1_amd64.deb ...
Unpacking libxcb1:amd64 (1.17.0-2+b1) ...
Selecting previously unselected package libx11-data.
Preparing to unpack .../042-libx11-data_2%3a1.8.12-1_all.deb ...
Unpacking libx11-data (2:1.8.12-1) ...
Selecting previously unselected package libx11-6:amd64.
Preparing to unpack .../043-libx11-6_2%3a1.8.12-1_amd64.deb ...
Unpacking libx11-6:amd64 (2:1.8.12-1) ...
Selecting previously unselected package libxext6:amd64.
Preparing to unpack .../044-libxext6_2%3a1.3.4-1+b3_amd64.deb ...
Unpacking libxext6:amd64 (2:1.3.4-1+b3) ...
Selecting previously unselected package libxi6:amd64.
Preparing to unpack .../045-libxi6_2%3a1.8.2-1_amd64.deb ...
Unpacking libxi6:amd64 (2:1.8.2-1) ...
Selecting previously unselected package libatspi2.0-0t64:amd64.
Preparing to unpack .../046-libatspi2.0-0t64_2.56.2-1+deb13u1_amd64.deb ...
Unpacking libatspi2.0-0t64:amd64 (2.56.2-1+deb13u1) ...
Selecting previously unselected package x11-common.
Preparing to unpack .../047-x11-common_1%3a7.7+24+deb13u1_all.deb ...
Unpacking x11-common (1:7.7+24+deb13u1) ...
Selecting previously unselected package libxtst6:amd64.
Preparing to unpack .../048-libxtst6_2%3a1.2.5-1_amd64.deb ...
Unpacking libxtst6:amd64 (2:1.2.5-1) ...
Selecting previously unselected package dbus-user-session.
Preparing to unpack .../049-dbus-user-session_1.16.2-2_amd64.deb ...
Unpacking dbus-user-session (1.16.2-2) ...
Selecting previously unselected package libdconf1:amd64.
Preparing to unpack .../050-libdconf1_0.40.0-5_amd64.deb ...
Unpacking libdconf1:amd64 (0.40.0-5) ...
Selecting previously unselected package dconf-service.
Preparing to unpack .../051-dconf-service_0.40.0-5_amd64.deb ...
Unpacking dconf-service (0.40.0-5) ...
Selecting previously unselected package dconf-gsettings-backend:amd64.
Preparing to unpack .../052-dconf-gsettings-backend_0.40.0-5_amd64.deb ...
Unpacking dconf-gsettings-backend:amd64 (0.40.0-5) ...
Selecting previously unselected package gsettings-desktop-schemas.
Preparing to unpack .../053-gsettings-desktop-schemas_48.0-1_all.deb ...
Unpacking gsettings-desktop-schemas (48.0-1) ...
Selecting previously unselected package at-spi2-core.
Preparing to unpack .../054-at-spi2-core_2.56.2-1+deb13u1_amd64.deb ...
Unpacking at-spi2-core (2.56.2-1+deb13u1) ...
Selecting previously unselected package libsframe1:amd64.
Preparing to unpack .../055-libsframe1_2.44-3_amd64.deb ...
Unpacking libsframe1:amd64 (2.44-3) ...
Selecting previously unselected package binutils-common:amd64.
Preparing to unpack .../056-binutils-common_2.44-3_amd64.deb ...
Unpacking binutils-common:amd64 (2.44-3) ...
Selecting previously unselected package libbinutils:amd64.
Preparing to unpack .../057-libbinutils_2.44-3_amd64.deb ...
Unpacking libbinutils:amd64 (2.44-3) ...
Selecting previously unselected package libgprofng0:amd64.
Preparing to unpack .../058-libgprofng0_2.44-3_amd64.deb ...
Unpacking libgprofng0:amd64 (2.44-3) ...
Selecting previously unselected package libctf-nobfd0:amd64.
Preparing to unpack .../059-libctf-nobfd0_2.44-3_amd64.deb ...
Unpacking libctf-nobfd0:amd64 (2.44-3) ...
Selecting previously unselected package libctf0:amd64.
Preparing to unpack .../060-libctf0_2.44-3_amd64.deb ...
Unpacking libctf0:amd64 (2.44-3) ...
Selecting previously unselected package binutils-x86-64-linux-gnu.
Preparing to unpack .../061-binutils-x86-64-linux-gnu_2.44-3_amd64.deb ...
Unpacking binutils-x86-64-linux-gnu (2.44-3) ...
Selecting previously unselected package binutils.
Preparing to unpack .../062-binutils_2.44-3_amd64.deb ...
Unpacking binutils (2.44-3) ...
Selecting previously unselected package libc-dev-bin.
Preparing to unpack .../063-libc-dev-bin_2.41-12+deb13u3_amd64.deb ...
Unpacking libc-dev-bin (2.41-12+deb13u3) ...
Selecting previously unselected package linux-libc-dev.
Preparing to unpack .../064-linux-libc-dev_6.12.94-1_all.deb ...
Unpacking linux-libc-dev (6.12.94-1) ...
Selecting previously unselected package libcrypt-dev:amd64.
Preparing to unpack .../065-libcrypt-dev_1%3a4.4.38-1_amd64.deb ...
Unpacking libcrypt-dev:amd64 (1:4.4.38-1) ...
Selecting previously unselected package rpcsvc-proto.
Preparing to unpack .../066-rpcsvc-proto_1.4.3-1_amd64.deb ...
Unpacking rpcsvc-proto (1.4.3-1) ...
Selecting previously unselected package libc6-dev:amd64.
Preparing to unpack .../067-libc6-dev_2.41-12+deb13u3_amd64.deb ...
Unpacking libc6-dev:amd64 (2.41-12+deb13u3) ...
Selecting previously unselected package libisl23:amd64.
Preparing to unpack .../068-libisl23_0.27-1_amd64.deb ...
Unpacking libisl23:amd64 (0.27-1) ...
Selecting previously unselected package libmpfr6:amd64.
Preparing to unpack .../069-libmpfr6_4.2.2-1_amd64.deb ...
Unpacking libmpfr6:amd64 (4.2.2-1) ...
Selecting previously unselected package libmpc3:amd64.
Preparing to unpack .../070-libmpc3_1.3.1-1+b3_amd64.deb ...
Unpacking libmpc3:amd64 (1.3.1-1+b3) ...
Selecting previously unselected package cpp-14-x86-64-linux-gnu.
Preparing to unpack .../071-cpp-14-x86-64-linux-gnu_14.2.0-19_amd64.deb ...
Unpacking cpp-14-x86-64-linux-gnu (14.2.0-19) ...
Selecting previously unselected package cpp-14.
Preparing to unpack .../072-cpp-14_14.2.0-19_amd64.deb ...
Unpacking cpp-14 (14.2.0-19) ...
Selecting previously unselected package cpp-x86-64-linux-gnu.
Preparing to unpack .../073-cpp-x86-64-linux-gnu_4%3a14.2.0-1_amd64.deb ...
Unpacking cpp-x86-64-linux-gnu (4:14.2.0-1) ...
Selecting previously unselected package cpp.
Preparing to unpack .../074-cpp_4%3a14.2.0-1_amd64.deb ...
Unpacking cpp (4:14.2.0-1) ...
Selecting previously unselected package libcc1-0:amd64.
Preparing to unpack .../075-libcc1-0_14.2.0-19_amd64.deb ...
Unpacking libcc1-0:amd64 (14.2.0-19) ...
Selecting previously unselected package libgomp1:amd64.
Preparing to unpack .../076-libgomp1_14.2.0-19_amd64.deb ...
Unpacking libgomp1:amd64 (14.2.0-19) ...
Selecting previously unselected package libitm1:amd64.
Preparing to unpack .../077-libitm1_14.2.0-19_amd64.deb ...
Unpacking libitm1:amd64 (14.2.0-19) ...
Selecting previously unselected package libasan8:amd64.
Preparing to unpack .../078-libasan8_14.2.0-19_amd64.deb ...
Unpacking libasan8:amd64 (14.2.0-19) ...
Selecting previously unselected package liblsan0:amd64.
Preparing to unpack .../079-liblsan0_14.2.0-19_amd64.deb ...
Unpacking liblsan0:amd64 (14.2.0-19) ...
Selecting previously unselected package libtsan2:amd64.
Preparing to unpack .../080-libtsan2_14.2.0-19_amd64.deb ...
Unpacking libtsan2:amd64 (14.2.0-19) ...
Selecting previously unselected package libubsan1:amd64.
Preparing to unpack .../081-libubsan1_14.2.0-19_amd64.deb ...
Unpacking libubsan1:amd64 (14.2.0-19) ...
Selecting previously unselected package libhwasan0:amd64.
Preparing to unpack .../082-libhwasan0_14.2.0-19_amd64.deb ...
Unpacking libhwasan0:amd64 (14.2.0-19) ...
Selecting previously unselected package libquadmath0:amd64.
Preparing to unpack .../083-libquadmath0_14.2.0-19_amd64.deb ...
Unpacking libquadmath0:amd64 (14.2.0-19) ...
Selecting previously unselected package libgcc-14-dev:amd64.
Preparing to unpack .../084-libgcc-14-dev_14.2.0-19_amd64.deb ...
Unpacking libgcc-14-dev:amd64 (14.2.0-19) ...
Selecting previously unselected package gcc-14-x86-64-linux-gnu.
Preparing to unpack .../085-gcc-14-x86-64-linux-gnu_14.2.0-19_amd64.deb ...
Unpacking gcc-14-x86-64-linux-gnu (14.2.0-19) ...
Selecting previously unselected package gcc-14.
Preparing to unpack .../086-gcc-14_14.2.0-19_amd64.deb ...
Unpacking gcc-14 (14.2.0-19) ...
Selecting previously unselected package gcc-x86-64-linux-gnu.
Preparing to unpack .../087-gcc-x86-64-linux-gnu_4%3a14.2.0-1_amd64.deb ...
Unpacking gcc-x86-64-linux-gnu (4:14.2.0-1) ...
Selecting previously unselected package gcc.
Preparing to unpack .../088-gcc_4%3a14.2.0-1_amd64.deb ...
Unpacking gcc (4:14.2.0-1) ...
Selecting previously unselected package libstdc++-14-dev:amd64.
Preparing to unpack .../089-libstdc++-14-dev_14.2.0-19_amd64.deb ...
Unpacking libstdc++-14-dev:amd64 (14.2.0-19) ...
Selecting previously unselected package g++-14-x86-64-linux-gnu.
Preparing to unpack .../090-g++-14-x86-64-linux-gnu_14.2.0-19_amd64.deb ...
Unpacking g++-14-x86-64-linux-gnu (14.2.0-19) ...
Selecting previously unselected package g++-14.
Preparing to unpack .../091-g++-14_14.2.0-19_amd64.deb ...
Unpacking g++-14 (14.2.0-19) ...
Selecting previously unselected package g++-x86-64-linux-gnu.
Preparing to unpack .../092-g++-x86-64-linux-gnu_4%3a14.2.0-1_amd64.deb ...
Unpacking g++-x86-64-linux-gnu (4:14.2.0-1) ...
Selecting previously unselected package g++.
Preparing to unpack .../093-g++_4%3a14.2.0-1_amd64.deb ...
Unpacking g++ (4:14.2.0-1) ...
Selecting previously unselected package make.
Preparing to unpack .../094-make_4.4.1-2_amd64.deb ...
Unpacking make (4.4.1-2) ...
Selecting previously unselected package libdpkg-perl.
Preparing to unpack .../095-libdpkg-perl_1.22.22_all.deb ...
Unpacking libdpkg-perl (1.22.22) ...
Selecting previously unselected package patch.
Preparing to unpack .../096-patch_2.8-2_amd64.deb ...
Unpacking patch (2.8-2) ...
Selecting previously unselected package dpkg-dev.
Preparing to unpack .../097-dpkg-dev_1.22.22_all.deb ...
Unpacking dpkg-dev (1.22.22) ...
Selecting previously unselected package build-essential.
Preparing to unpack .../098-build-essential_12.12_amd64.deb ...
Unpacking build-essential (12.12) ...
Selecting previously unselected package libz3-4:amd64.
Preparing to unpack .../099-libz3-4_4.13.3-1_amd64.deb ...
Unpacking libz3-4:amd64 (4.13.3-1) ...
Selecting previously unselected package libllvm19:amd64.
Preparing to unpack .../100-libllvm19_1%3a19.1.7-3+b1_amd64.deb ...
Unpacking libllvm19:amd64 (1:19.1.7-3+b1) ...
Selecting previously unselected package libclang-cpp19.
Preparing to unpack .../101-libclang-cpp19_1%3a19.1.7-3+b1_amd64.deb ...
Unpacking libclang-cpp19 (1:19.1.7-3+b1) ...
Selecting previously unselected package libgc1:amd64.
Preparing to unpack .../102-libgc1_1%3a8.2.8-1_amd64.deb ...
Unpacking libgc1:amd64 (1:8.2.8-1) ...
Selecting previously unselected package libobjc4:amd64.
Preparing to unpack .../103-libobjc4_14.2.0-19_amd64.deb ...
Unpacking libobjc4:amd64 (14.2.0-19) ...
Selecting previously unselected package libobjc-14-dev:amd64.
Preparing to unpack .../104-libobjc-14-dev_14.2.0-19_amd64.deb ...
Unpacking libobjc-14-dev:amd64 (14.2.0-19) ...
Selecting previously unselected package libclang-common-19-dev:amd64.
Preparing to unpack .../105-libclang-common-19-dev_1%3a19.1.7-3+b1_amd64.deb ...
Unpacking libclang-common-19-dev:amd64 (1:19.1.7-3+b1) ...
Selecting previously unselected package llvm-19-linker-tools.
Preparing to unpack .../106-llvm-19-linker-tools_1%3a19.1.7-3+b1_amd64.deb ...
Unpacking llvm-19-linker-tools (1:19.1.7-3+b1) ...
Selecting previously unselected package libclang1-19.
Preparing to unpack .../107-libclang1-19_1%3a19.1.7-3+b1_amd64.deb ...
Unpacking libclang1-19 (1:19.1.7-3+b1) ...
Selecting previously unselected package clang-19.
Preparing to unpack .../108-clang-19_1%3a19.1.7-3+b1_amd64.deb ...
Unpacking clang-19 (1:19.1.7-3+b1) ...
Selecting previously unselected package clang.
Preparing to unpack .../109-clang_1%3a19.0-63_amd64.deb ...
Unpacking clang (1:19.0-63) ...
Selecting previously unselected package clang-tools-19.
Preparing to unpack .../110-clang-tools-19_1%3a19.1.7-3+b1_amd64.deb ...
Unpacking clang-tools-19 (1:19.1.7-3+b1) ...
Selecting previously unselected package cmake-data.
Preparing to unpack .../111-cmake-data_3.31.6-2_all.deb ...
Unpacking cmake-data (3.31.6-2) ...
Selecting previously unselected package libarchive13t64:amd64.
Preparing to unpack .../112-libarchive13t64_3.7.4-4+deb13u1_amd64.deb ...
Unpacking libarchive13t64:amd64 (3.7.4-4+deb13u1) ...
Selecting previously unselected package libbrotli1:amd64.
Preparing to unpack .../113-libbrotli1_1.1.0-2+b7_amd64.deb ...
Unpacking libbrotli1:amd64 (1.1.0-2+b7) ...
Selecting previously unselected package libsasl2-modules-db:amd64.
Preparing to unpack .../114-libsasl2-modules-db_2.1.28+dfsg1-9_amd64.deb ...
Unpacking libsasl2-modules-db:amd64 (2.1.28+dfsg1-9) ...
Selecting previously unselected package libsasl2-2:amd64.
Preparing to unpack .../115-libsasl2-2_2.1.28+dfsg1-9_amd64.deb ...
Unpacking libsasl2-2:amd64 (2.1.28+dfsg1-9) ...
Selecting previously unselected package libldap2:amd64.
Preparing to unpack .../116-libldap2_2.6.10+dfsg-1_amd64.deb ...
Unpacking libldap2:amd64 (2.6.10+dfsg-1) ...
Selecting previously unselected package libnghttp2-14:amd64.
Preparing to unpack .../117-libnghttp2-14_1.64.0-1.1+deb13u1_amd64.deb ...
Unpacking libnghttp2-14:amd64 (1.64.0-1.1+deb13u1) ...
Selecting previously unselected package libnghttp3-9:amd64.
Preparing to unpack .../118-libnghttp3-9_1.8.0-1_amd64.deb ...
Unpacking libnghttp3-9:amd64 (1.8.0-1) ...
Selecting previously unselected package libpsl5t64:amd64.
Preparing to unpack .../119-libpsl5t64_0.21.2-1.1+b1_amd64.deb ...
Unpacking libpsl5t64:amd64 (0.21.2-1.1+b1) ...
Selecting previously unselected package libp11-kit0:amd64.
Preparing to unpack .../120-libp11-kit0_0.25.5-3_amd64.deb ...
Unpacking libp11-kit0:amd64 (0.25.5-3) ...
Selecting previously unselected package libtasn1-6:amd64.
Preparing to unpack .../121-libtasn1-6_4.20.0-2+deb13u1_amd64.deb ...
Unpacking libtasn1-6:amd64 (4.20.0-2+deb13u1) ...
Selecting previously unselected package libgnutls30t64:amd64.
Preparing to unpack .../122-libgnutls30t64_3.8.9-3+deb13u4_amd64.deb ...
Unpacking libgnutls30t64:amd64 (3.8.9-3+deb13u4) ...
Selecting previously unselected package librtmp1:amd64.
Preparing to unpack .../123-librtmp1_2.4+20151223.gitfa8646d.1-2+b5_amd64.deb ...
Unpacking librtmp1:amd64 (2.4+20151223.gitfa8646d.1-2+b5) ...
Selecting previously unselected package libssh2-1t64:amd64.
Preparing to unpack .../124-libssh2-1t64_1.11.1-1+deb13u1_amd64.deb ...
Unpacking libssh2-1t64:amd64 (1.11.1-1+deb13u1) ...
Selecting previously unselected package libcurl4t64:amd64.
Preparing to unpack .../125-libcurl4t64_8.14.1-2+deb13u4_amd64.deb ...
Unpacking libcurl4t64:amd64 (8.14.1-2+deb13u4) ...
Selecting previously unselected package libjsoncpp26:amd64.
Preparing to unpack .../126-libjsoncpp26_1.9.6-3_amd64.deb ...
Unpacking libjsoncpp26:amd64 (1.9.6-3) ...
Selecting previously unselected package librhash1:amd64.
Preparing to unpack .../127-librhash1_1.4.5-1_amd64.deb ...
Unpacking librhash1:amd64 (1.4.5-1) ...
Selecting previously unselected package libuv1t64:amd64.
Preparing to unpack .../128-libuv1t64_1.50.0-2_amd64.deb ...
Unpacking libuv1t64:amd64 (1.50.0-2) ...
Selecting previously unselected package cmake.
Preparing to unpack .../129-cmake_3.31.6-2_amd64.deb ...
Unpacking cmake (3.31.6-2) ...
Selecting previously unselected package curl.
Preparing to unpack .../130-curl_8.14.1-2+deb13u4_amd64.deb ...
Unpacking curl (8.14.1-2+deb13u4) ...
Selecting previously unselected package libfakeroot:amd64.
Preparing to unpack .../131-libfakeroot_1.37.1.1-1_amd64.deb ...
Unpacking libfakeroot:amd64 (1.37.1.1-1) ...
Selecting previously unselected package fakeroot.
Preparing to unpack .../132-fakeroot_1.37.1.1-1_amd64.deb ...
Unpacking fakeroot (1.37.1.1-1) ...
Selecting previously unselected package libaom3:amd64.
Preparing to unpack .../133-libaom3_3.12.1-1_amd64.deb ...
Unpacking libaom3:amd64 (3.12.1-1) ...
Selecting previously unselected package libdrm-common.
Preparing to unpack .../134-libdrm-common_2.4.124-2_all.deb ...
Unpacking libdrm-common (2.4.124-2) ...
Selecting previously unselected package libdrm2:amd64.
Preparing to unpack .../135-libdrm2_2.4.124-2_amd64.deb ...
Unpacking libdrm2:amd64 (2.4.124-2) ...
Selecting previously unselected package libva2:amd64.
Preparing to unpack .../136-libva2_2.22.0-3_amd64.deb ...
Unpacking libva2:amd64 (2.22.0-3) ...
Selecting previously unselected package libva-drm2:amd64.
Preparing to unpack .../137-libva-drm2_2.22.0-3_amd64.deb ...
Unpacking libva-drm2:amd64 (2.22.0-3) ...
Selecting previously unselected package libx11-xcb1:amd64.
Preparing to unpack .../138-libx11-xcb1_2%3a1.8.12-1_amd64.deb ...
Unpacking libx11-xcb1:amd64 (2:1.8.12-1) ...
Selecting previously unselected package libxcb-dri3-0:amd64.
Preparing to unpack .../139-libxcb-dri3-0_1.17.0-2+b1_amd64.deb ...
Unpacking libxcb-dri3-0:amd64 (1.17.0-2+b1) ...
Selecting previously unselected package libxfixes3:amd64.
Preparing to unpack .../140-libxfixes3_1%3a6.0.0-2+b4_amd64.deb ...
Unpacking libxfixes3:amd64 (1:6.0.0-2+b4) ...
Selecting previously unselected package libva-x11-2:amd64.
Preparing to unpack .../141-libva-x11-2_2.22.0-3_amd64.deb ...
Unpacking libva-x11-2:amd64 (2.22.0-3) ...
Selecting previously unselected package libvdpau1:amd64.
Preparing to unpack .../142-libvdpau1_1.5-3+b1_amd64.deb ...
Unpacking libvdpau1:amd64 (1.5-3+b1) ...
Selecting previously unselected package libvpl2.
Preparing to unpack .../143-libvpl2_1%3a2.14.0-1+b1_amd64.deb ...
Unpacking libvpl2 (1:2.14.0-1+b1) ...
Selecting previously unselected package ocl-icd-libopencl1:amd64.
Preparing to unpack .../144-ocl-icd-libopencl1_2.3.3-1_amd64.deb ...
Unpacking ocl-icd-libopencl1:amd64 (2.3.3-1) ...
Selecting previously unselected package libavutil59:amd64.
Preparing to unpack .../145-libavutil59_7%3a7.1.5-0+deb13u1_amd64.deb ...
Unpacking libavutil59:amd64 (7:7.1.5-0+deb13u1) ...
Selecting previously unselected package libfreetype6:amd64.
Preparing to unpack .../146-libfreetype6_2.13.3+dfsg-1+deb13u1_amd64.deb ...
Unpacking libfreetype6:amd64 (2.13.3+dfsg-1+deb13u1) ...
Selecting previously unselected package fonts-dejavu-mono.
Preparing to unpack .../147-fonts-dejavu-mono_2.37-8_all.deb ...
Unpacking fonts-dejavu-mono (2.37-8) ...
Selecting previously unselected package fonts-dejavu-core.
Preparing to unpack .../148-fonts-dejavu-core_2.37-8_all.deb ...
Unpacking fonts-dejavu-core (2.37-8) ...
Selecting previously unselected package fontconfig-config.
Preparing to unpack .../149-fontconfig-config_2.15.0-2.3_amd64.deb ...
Unpacking fontconfig-config (2.15.0-2.3) ...
Selecting previously unselected package libfontconfig1:amd64.
Preparing to unpack .../150-libfontconfig1_2.15.0-2.3_amd64.deb ...
Unpacking libfontconfig1:amd64 (2.15.0-2.3) ...
Selecting previously unselected package libpixman-1-0:amd64.
Preparing to unpack .../151-libpixman-1-0_0.44.0-3_amd64.deb ...
Unpacking libpixman-1-0:amd64 (0.44.0-3) ...
Selecting previously unselected package libxcb-render0:amd64.
Preparing to unpack .../152-libxcb-render0_1.17.0-2+b1_amd64.deb ...
Unpacking libxcb-render0:amd64 (1.17.0-2+b1) ...
Selecting previously unselected package libxcb-shm0:amd64.
Preparing to unpack .../153-libxcb-shm0_1.17.0-2+b1_amd64.deb ...
Unpacking libxcb-shm0:amd64 (1.17.0-2+b1) ...
Selecting previously unselected package libxrender1:amd64.
Preparing to unpack .../154-libxrender1_1%3a0.9.12-1_amd64.deb ...
Unpacking libxrender1:amd64 (1:0.9.12-1) ...
Selecting previously unselected package libcairo2:amd64.
Preparing to unpack .../155-libcairo2_1.18.4-1+b1_amd64.deb ...
Unpacking libcairo2:amd64 (1.18.4-1+b1) ...
Selecting previously unselected package libcodec2-1.2:amd64.
Preparing to unpack .../156-libcodec2-1.2_1.2.0-3_amd64.deb ...
Unpacking libcodec2-1.2:amd64 (1.2.0-3) ...
Selecting previously unselected package libdav1d7:amd64.
Preparing to unpack .../157-libdav1d7_1.5.1-1_amd64.deb ...
Unpacking libdav1d7:amd64 (1.5.1-1) ...
Selecting previously unselected package libgsm1:amd64.
Preparing to unpack .../158-libgsm1_1.0.22-1+b2_amd64.deb ...
Unpacking libgsm1:amd64 (1.0.22-1+b2) ...
Selecting previously unselected package libhwy1t64:amd64.
Preparing to unpack .../159-libhwy1t64_1.2.0-2+b2_amd64.deb ...
Unpacking libhwy1t64:amd64 (1.2.0-2+b2) ...
Selecting previously unselected package liblcms2-2:amd64.
Preparing to unpack .../160-liblcms2-2_2.16-2+deb13u2_amd64.deb ...
Unpacking liblcms2-2:amd64 (2.16-2+deb13u2) ...
Selecting previously unselected package libjxl0.11:amd64.
Preparing to unpack .../161-libjxl0.11_0.11.2-0.1~deb13u2_amd64.deb ...
Unpacking libjxl0.11:amd64 (0.11.2-0.1~deb13u2) ...
Selecting previously unselected package libmp3lame0:amd64.
Preparing to unpack .../162-libmp3lame0_3.100-6+b3_amd64.deb ...
Unpacking libmp3lame0:amd64 (3.100-6+b3) ...
Selecting previously unselected package libopenjp2-7:amd64.
Preparing to unpack .../163-libopenjp2-7_2.5.3-2.1~deb13u2_amd64.deb ...
Unpacking libopenjp2-7:amd64 (2.5.3-2.1~deb13u2) ...
Selecting previously unselected package libopus0:amd64.
Preparing to unpack .../164-libopus0_1.5.2-2_amd64.deb ...
Unpacking libopus0:amd64 (1.5.2-2) ...
Selecting previously unselected package librav1e0.7:amd64.
Preparing to unpack .../165-librav1e0.7_0.7.1-9+b2_amd64.deb ...
Unpacking librav1e0.7:amd64 (0.7.1-9+b2) ...
Selecting previously unselected package libcairo-gobject2:amd64.
Preparing to unpack .../166-libcairo-gobject2_1.18.4-1+b1_amd64.deb ...
Unpacking libcairo-gobject2:amd64 (1.18.4-1+b1) ...
Selecting previously unselected package fontconfig.
Preparing to unpack .../167-fontconfig_2.15.0-2.3_amd64.deb ...
Unpacking fontconfig (2.15.0-2.3) ...
Selecting previously unselected package libfribidi0:amd64.
Preparing to unpack .../168-libfribidi0_1.0.16-1_amd64.deb ...
Unpacking libfribidi0:amd64 (1.0.16-1) ...
Selecting previously unselected package libgraphite2-3:amd64.
Preparing to unpack .../169-libgraphite2-3_1.3.14-2+deb13u1_amd64.deb ...
Unpacking libgraphite2-3:amd64 (1.3.14-2+deb13u1) ...
Selecting previously unselected package libharfbuzz0b:amd64.
Preparing to unpack .../170-libharfbuzz0b_10.2.0-1+deb13u1_amd64.deb ...
Unpacking libharfbuzz0b:amd64 (10.2.0-1+deb13u1) ...
Selecting previously unselected package libthai-data.
Preparing to unpack .../171-libthai-data_0.1.29-2_all.deb ...
Unpacking libthai-data (0.1.29-2) ...
Selecting previously unselected package libdatrie1:amd64.
Preparing to unpack .../172-libdatrie1_0.2.13-3+b1_amd64.deb ...
Unpacking libdatrie1:amd64 (0.2.13-3+b1) ...
Selecting previously unselected package libthai0:amd64.
Preparing to unpack .../173-libthai0_0.1.29-2+b1_amd64.deb ...
Unpacking libthai0:amd64 (0.1.29-2+b1) ...
Selecting previously unselected package libpango-1.0-0:amd64.
Preparing to unpack .../174-libpango-1.0-0_1.56.3-1_amd64.deb ...
Unpacking libpango-1.0-0:amd64 (1.56.3-1) ...
Selecting previously unselected package libpangoft2-1.0-0:amd64.
Preparing to unpack .../175-libpangoft2-1.0-0_1.56.3-1_amd64.deb ...
Unpacking libpangoft2-1.0-0:amd64 (1.56.3-1) ...
Selecting previously unselected package libpangocairo-1.0-0:amd64.
Preparing to unpack .../176-libpangocairo-1.0-0_1.56.3-1_amd64.deb ...
Unpacking libpangocairo-1.0-0:amd64 (1.56.3-1) ...
Selecting previously unselected package librsvg2-2:amd64.
Preparing to unpack .../177-librsvg2-2_2.60.0+dfsg-1_amd64.deb ...
Unpacking librsvg2-2:amd64 (2.60.0+dfsg-1) ...
Selecting previously unselected package libshine3:amd64.
Preparing to unpack .../178-libshine3_3.1.1-2+b2_amd64.deb ...
Unpacking libshine3:amd64 (3.1.1-2+b2) ...
Selecting previously unselected package libsnappy1v5:amd64.
Preparing to unpack .../179-libsnappy1v5_1.2.2-1_amd64.deb ...
Unpacking libsnappy1v5:amd64 (1.2.2-1) ...
Selecting previously unselected package libspeex1:amd64.
Preparing to unpack .../180-libspeex1_1.2.1-3_amd64.deb ...
Unpacking libspeex1:amd64 (1.2.1-3) ...
Selecting previously unselected package libsvtav1enc2:amd64.
Preparing to unpack .../181-libsvtav1enc2_2.3.0+dfsg-1_amd64.deb ...
Unpacking libsvtav1enc2:amd64 (2.3.0+dfsg-1) ...
Selecting previously unselected package libsoxr0:amd64.
Preparing to unpack .../182-libsoxr0_0.1.3-4+b2_amd64.deb ...
Unpacking libsoxr0:amd64 (0.1.3-4+b2) ...
Selecting previously unselected package libswresample5:amd64.
Preparing to unpack .../183-libswresample5_7%3a7.1.5-0+deb13u1_amd64.deb ...
Unpacking libswresample5:amd64 (7:7.1.5-0+deb13u1) ...
Selecting previously unselected package libtheoradec1:amd64.
Preparing to unpack .../184-libtheoradec1_1.2.0~alpha1+dfsg-6_amd64.deb ...
Unpacking libtheoradec1:amd64 (1.2.0~alpha1+dfsg-6) ...
Selecting previously unselected package libogg0:amd64.
Preparing to unpack .../185-libogg0_1.3.5-3+b2_amd64.deb ...
Unpacking libogg0:amd64 (1.3.5-3+b2) ...
Selecting previously unselected package libtheoraenc1:amd64.
Preparing to unpack .../186-libtheoraenc1_1.2.0~alpha1+dfsg-6_amd64.deb ...
Unpacking libtheoraenc1:amd64 (1.2.0~alpha1+dfsg-6) ...
Selecting previously unselected package libtwolame0:amd64.
Preparing to unpack .../187-libtwolame0_0.4.0-2+b2_amd64.deb ...
Unpacking libtwolame0:amd64 (0.4.0-2+b2) ...
Selecting previously unselected package libvorbis0a:amd64.
Preparing to unpack .../188-libvorbis0a_1.3.7-3_amd64.deb ...
Unpacking libvorbis0a:amd64 (1.3.7-3) ...
Selecting previously unselected package libvorbisenc2:amd64.
Preparing to unpack .../189-libvorbisenc2_1.3.7-3_amd64.deb ...
Unpacking libvorbisenc2:amd64 (1.3.7-3) ...
Selecting previously unselected package libvpx9:amd64.
Preparing to unpack .../190-libvpx9_1.15.0-2.1+deb13u1_amd64.deb ...
Unpacking libvpx9:amd64 (1.15.0-2.1+deb13u1) ...
Selecting previously unselected package libwebpmux3:amd64.
Preparing to unpack .../191-libwebpmux3_1.5.0-0.1_amd64.deb ...
Unpacking libwebpmux3:amd64 (1.5.0-0.1) ...
Selecting previously unselected package libx264-164:amd64.
Preparing to unpack .../192-libx264-164_2%3a0.164.3108+git31e19f9-2+b1_amd64.deb ...
Unpacking libx264-164:amd64 (2:0.164.3108+git31e19f9-2+b1) ...
Selecting previously unselected package libnuma1:amd64.
Preparing to unpack .../193-libnuma1_2.0.19-1_amd64.deb ...
Unpacking libnuma1:amd64 (2.0.19-1) ...
Selecting previously unselected package libx265-215:amd64.
Preparing to unpack .../194-libx265-215_4.1-2_amd64.deb ...
Unpacking libx265-215:amd64 (4.1-2) ...
Selecting previously unselected package libxvidcore4:amd64.
Preparing to unpack .../195-libxvidcore4_2%3a1.3.7-1+b2_amd64.deb ...
Unpacking libxvidcore4:amd64 (2:1.3.7-1+b2) ...
Selecting previously unselected package libzvbi-common.
Preparing to unpack .../196-libzvbi-common_0.2.44-1_all.deb ...
Unpacking libzvbi-common (0.2.44-1) ...
Selecting previously unselected package libzvbi0t64:amd64.
Preparing to unpack .../197-libzvbi0t64_0.2.44-1_amd64.deb ...
Unpacking libzvbi0t64:amd64 (0.2.44-1) ...
Selecting previously unselected package libavcodec61:amd64.
Preparing to unpack .../198-libavcodec61_7%3a7.1.5-0+deb13u1_amd64.deb ...
Unpacking libavcodec61:amd64 (7:7.1.5-0+deb13u1) ...
Selecting previously unselected package libraw1394-11:amd64.
Preparing to unpack .../199-libraw1394-11_2.1.2-2+b2_amd64.deb ...
Unpacking libraw1394-11:amd64 (2.1.2-2+b2) ...
Selecting previously unselected package libavc1394-0:amd64.
Preparing to unpack .../200-libavc1394-0_0.5.4-5+b2_amd64.deb ...
Unpacking libavc1394-0:amd64 (0.5.4-5+b2) ...
Selecting previously unselected package libunibreak6:amd64.
Preparing to unpack .../201-libunibreak6_6.1-3_amd64.deb ...
Unpacking libunibreak6:amd64 (6.1-3) ...
Selecting previously unselected package libass9:amd64.
Preparing to unpack .../202-libass9_1%3a0.17.3-1+deb13u1_amd64.deb ...
Unpacking libass9:amd64 (1:0.17.3-1+deb13u1) ...
Selecting previously unselected package libudfread0:amd64.
Preparing to unpack .../203-libudfread0_1.1.2-1+b2_amd64.deb ...
Unpacking libudfread0:amd64 (1.1.2-1+b2) ...
Selecting previously unselected package libbluray2:amd64.
Preparing to unpack .../204-libbluray2_1%3a1.3.4-1+b2_amd64.deb ...
Unpacking libbluray2:amd64 (1:1.3.4-1+b2) ...
Selecting previously unselected package libchromaprint1:amd64.
Preparing to unpack .../205-libchromaprint1_1.5.1-7_amd64.deb ...
Unpacking libchromaprint1:amd64 (1.5.1-7) ...
Selecting previously unselected package libdvdread8t64:amd64.
Preparing to unpack .../206-libdvdread8t64_6.1.3-2_amd64.deb ...
Unpacking libdvdread8t64:amd64 (6.1.3-2) ...
Selecting previously unselected package libdvdnav4:amd64.
Preparing to unpack .../207-libdvdnav4_6.1.1-3+b1_amd64.deb ...
Unpacking libdvdnav4:amd64 (6.1.1-3+b1) ...
Selecting previously unselected package libgme0:amd64.
Preparing to unpack .../208-libgme0_0.6.3-7+b2_amd64.deb ...
Unpacking libgme0:amd64 (0.6.3-7+b2) ...
Selecting previously unselected package libmpg123-0t64:amd64.
Preparing to unpack .../209-libmpg123-0t64_1.32.10-1+deb13u1_amd64.deb ...
Unpacking libmpg123-0t64:amd64 (1.32.10-1+deb13u1) ...
Selecting previously unselected package libvorbisfile3:amd64.
Preparing to unpack .../210-libvorbisfile3_1.3.7-3_amd64.deb ...
Unpacking libvorbisfile3:amd64 (1.3.7-3) ...
Selecting previously unselected package libopenmpt0t64:amd64.
Preparing to unpack .../211-libopenmpt0t64_0.7.13-1+b1_amd64.deb ...
Unpacking libopenmpt0t64:amd64 (0.7.13-1+b1) ...
Selecting previously unselected package librabbitmq4:amd64.
Preparing to unpack .../212-librabbitmq4_0.15.0-1+deb13u1_amd64.deb ...
Unpacking librabbitmq4:amd64 (0.15.0-1+deb13u1) ...
Selecting previously unselected package libcjson1:amd64.
Preparing to unpack .../213-libcjson1_1.7.18-3.1+deb13u1_amd64.deb ...
Unpacking libcjson1:amd64 (1.7.18-3.1+deb13u1) ...
Selecting previously unselected package libmbedcrypto16:amd64.
Preparing to unpack .../214-libmbedcrypto16_3.6.5-0.1~deb13u1_amd64.deb ...
Unpacking libmbedcrypto16:amd64 (3.6.5-0.1~deb13u1) ...
Selecting previously unselected package librist4:amd64.
Preparing to unpack .../215-librist4_0.2.11+dfsg-1_amd64.deb ...
Unpacking librist4:amd64 (0.2.11+dfsg-1) ...
Selecting previously unselected package libsrt1.5-gnutls:amd64.
Preparing to unpack .../216-libsrt1.5-gnutls_1.5.4-1_amd64.deb ...
Unpacking libsrt1.5-gnutls:amd64 (1.5.4-1) ...
Selecting previously unselected package libssh-4:amd64.
Preparing to unpack .../217-libssh-4_0.11.2-1+deb13u1_amd64.deb ...
Unpacking libssh-4:amd64 (0.11.2-1+deb13u1) ...
Selecting previously unselected package libnorm1t64:amd64.
Preparing to unpack .../218-libnorm1t64_1.5.9+dfsg-3.1+b2_amd64.deb ...
Unpacking libnorm1t64:amd64 (1.5.9+dfsg-3.1+b2) ...
Selecting previously unselected package libpgm-5.3-0t64:amd64.
Preparing to unpack .../219-libpgm-5.3-0t64_5.3.128~dfsg-2.1+b1_amd64.deb ...
Unpacking libpgm-5.3-0t64:amd64 (5.3.128~dfsg-2.1+b1) ...
Selecting previously unselected package libsodium23:amd64.
Preparing to unpack .../220-libsodium23_1.0.18-1+deb13u1_amd64.deb ...
Unpacking libsodium23:amd64 (1.0.18-1+deb13u1) ...
Selecting previously unselected package libzmq5:amd64.
Preparing to unpack .../221-libzmq5_4.3.5-1+b3_amd64.deb ...
Unpacking libzmq5:amd64 (4.3.5-1+b3) ...
Selecting previously unselected package libavformat61:amd64.
Preparing to unpack .../222-libavformat61_7%3a7.1.5-0+deb13u1_amd64.deb ...
Unpacking libavformat61:amd64 (7:7.1.5-0+deb13u1) ...
Selecting previously unselected package libbs2b0:amd64.
Preparing to unpack .../223-libbs2b0_3.1.0+dfsg-8+b1_amd64.deb ...
Unpacking libbs2b0:amd64 (3.1.0+dfsg-8+b1) ...
Selecting previously unselected package libflite1:amd64.
Preparing to unpack .../224-libflite1_2.2-7_amd64.deb ...
Unpacking libflite1:amd64 (2.2-7) ...
Selecting previously unselected package libserd-0-0:amd64.
Preparing to unpack .../225-libserd-0-0_0.32.4-1_amd64.deb ...
Unpacking libserd-0-0:amd64 (0.32.4-1) ...
Selecting previously unselected package libzix-0-0:amd64.
Preparing to unpack .../226-libzix-0-0_0.6.2-1_amd64.deb ...
Unpacking libzix-0-0:amd64 (0.6.2-1) ...
Selecting previously unselected package libsord-0-0:amd64.
Preparing to unpack .../227-libsord-0-0_0.16.18-1_amd64.deb ...
Unpacking libsord-0-0:amd64 (0.16.18-1) ...
Selecting previously unselected package libsratom-0-0:amd64.
Preparing to unpack .../228-libsratom-0-0_0.6.18-1_amd64.deb ...
Unpacking libsratom-0-0:amd64 (0.6.18-1) ...
Selecting previously unselected package liblilv-0-0:amd64.
Preparing to unpack .../229-liblilv-0-0_0.24.26-1_amd64.deb ...
Unpacking liblilv-0-0:amd64 (0.24.26-1) ...
Selecting previously unselected package libmysofa1:amd64.
Preparing to unpack .../230-libmysofa1_1.3.3+dfsg-1_amd64.deb ...
Unpacking libmysofa1:amd64 (1.3.3+dfsg-1) ...
Selecting previously unselected package libvulkan1:amd64.
Preparing to unpack .../231-libvulkan1_1.4.309.0-1_amd64.deb ...
Unpacking libvulkan1:amd64 (1.4.309.0-1) ...
Selecting previously unselected package libplacebo349:amd64.
Preparing to unpack .../232-libplacebo349_7.349.0-3_amd64.deb ...
Unpacking libplacebo349:amd64 (7.349.0-3) ...
Selecting previously unselected package libblas3:amd64.
Preparing to unpack .../233-libblas3_3.12.1-6_amd64.deb ...
Unpacking libblas3:amd64 (3.12.1-6) ...
Selecting previously unselected package libgfortran5:amd64.
Preparing to unpack .../234-libgfortran5_14.2.0-19_amd64.deb ...
Unpacking libgfortran5:amd64 (14.2.0-19) ...
Selecting previously unselected package liblapack3:amd64.
Preparing to unpack .../235-liblapack3_3.12.1-6_amd64.deb ...
Unpacking liblapack3:amd64 (3.12.1-6) ...
Selecting previously unselected package libasyncns0:amd64.
Preparing to unpack .../236-libasyncns0_0.8-6+b5_amd64.deb ...
Unpacking libasyncns0:amd64 (0.8-6+b5) ...
Selecting previously unselected package libflac14:amd64.
Preparing to unpack .../237-libflac14_1.5.0+ds-2_amd64.deb ...
Unpacking libflac14:amd64 (1.5.0+ds-2) ...
Selecting previously unselected package libsndfile1:amd64.
Preparing to unpack .../238-libsndfile1_1.2.2-2+deb13u1_amd64.deb ...
Unpacking libsndfile1:amd64 (1.2.2-2+deb13u1) ...
Selecting previously unselected package libpulse0:amd64.
Preparing to unpack .../239-libpulse0_17.0+dfsg1-2+b1_amd64.deb ...
Unpacking libpulse0:amd64 (17.0+dfsg1-2+b1) ...
Selecting previously unselected package libsphinxbase3t64:amd64.
Preparing to unpack .../240-libsphinxbase3t64_0.8+5prealpha+1-21+b1_amd64.deb ...
Unpacking libsphinxbase3t64:amd64 (0.8+5prealpha+1-21+b1) ...
Selecting previously unselected package libpocketsphinx3:amd64.
Preparing to unpack .../241-libpocketsphinx3_0.8+5prealpha+1-15+b4_amd64.deb ...
Unpacking libpocketsphinx3:amd64 (0.8+5prealpha+1-15+b4) ...
Selecting previously unselected package libpostproc58:amd64.
Preparing to unpack .../242-libpostproc58_7%3a7.1.5-0+deb13u1_amd64.deb ...
Unpacking libpostproc58:amd64 (7:7.1.5-0+deb13u1) ...
Selecting previously unselected package libfftw3-double3:amd64.
Preparing to unpack .../243-libfftw3-double3_3.3.10-2+b1_amd64.deb ...
Unpacking libfftw3-double3:amd64 (3.3.10-2+b1) ...
Selecting previously unselected package libsamplerate0:amd64.
Preparing to unpack .../244-libsamplerate0_0.2.2-4+b2_amd64.deb ...
Unpacking libsamplerate0:amd64 (0.2.2-4+b2) ...
Selecting previously unselected package librubberband2:amd64.
Preparing to unpack .../245-librubberband2_3.3.0+dfsg-2+b3_amd64.deb ...
Unpacking librubberband2:amd64 (3.3.0+dfsg-2+b3) ...
Selecting previously unselected package libswscale8:amd64.
Preparing to unpack .../246-libswscale8_7%3a7.1.5-0+deb13u1_amd64.deb ...
Unpacking libswscale8:amd64 (7:7.1.5-0+deb13u1) ...
Selecting previously unselected package libvidstab1.1:amd64.
Preparing to unpack .../247-libvidstab1.1_1.1.0-2+b2_amd64.deb ...
Unpacking libvidstab1.1:amd64 (1.1.0-2+b2) ...
Selecting previously unselected package libzimg2:amd64.
Preparing to unpack .../248-libzimg2_3.0.5+ds1-1+b2_amd64.deb ...
Unpacking libzimg2:amd64 (3.0.5+ds1-1+b2) ...
Selecting previously unselected package libavfilter10:amd64.
Preparing to unpack .../249-libavfilter10_7%3a7.1.5-0+deb13u1_amd64.deb ...
Unpacking libavfilter10:amd64 (7:7.1.5-0+deb13u1) ...
Selecting previously unselected package libcaca0:amd64.
Preparing to unpack .../250-libcaca0_0.99.beta20-5+deb13u1_amd64.deb ...
Unpacking libcaca0:amd64 (0.99.beta20-5+deb13u1) ...
Selecting previously unselected package libcdio19t64:amd64.
Preparing to unpack .../251-libcdio19t64_2.2.0-4.1~deb13u1_amd64.deb ...
Unpacking libcdio19t64:amd64 (2.2.0-4.1~deb13u1) ...
Selecting previously unselected package libcdio-cdda2t64:amd64.
Preparing to unpack .../252-libcdio-cdda2t64_10.2+2.0.2-1+b1_amd64.deb ...
Unpacking libcdio-cdda2t64:amd64 (10.2+2.0.2-1+b1) ...
Selecting previously unselected package libcdio-paranoia2t64:amd64.
Preparing to unpack .../253-libcdio-paranoia2t64_10.2+2.0.2-1+b1_amd64.deb ...
Unpacking libcdio-paranoia2t64:amd64 (10.2+2.0.2-1+b1) ...
Selecting previously unselected package libusb-1.0-0:amd64.
Preparing to unpack .../254-libusb-1.0-0_2%3a1.0.28-1_amd64.deb ...
Unpacking libusb-1.0-0:amd64 (2:1.0.28-1) ...
Selecting previously unselected package libdc1394-25:amd64.
Preparing to unpack .../255-libdc1394-25_2.2.6-5_amd64.deb ...
Unpacking libdc1394-25:amd64 (2.2.6-5) ...
Selecting previously unselected package libglvnd0:amd64.
Preparing to unpack .../256-libglvnd0_1.7.0-1+b2_amd64.deb ...
Unpacking libglvnd0:amd64 (1.7.0-1+b2) ...
Selecting previously unselected package libxcb-glx0:amd64.
Preparing to unpack .../257-libxcb-glx0_1.17.0-2+b1_amd64.deb ...
Unpacking libxcb-glx0:amd64 (1.17.0-2+b1) ...
Selecting previously unselected package libxcb-present0:amd64.
Preparing to unpack .../258-libxcb-present0_1.17.0-2+b1_amd64.deb ...
Unpacking libxcb-present0:amd64 (1.17.0-2+b1) ...
Selecting previously unselected package libxcb-xfixes0:amd64.
Preparing to unpack .../259-libxcb-xfixes0_1.17.0-2+b1_amd64.deb ...
Unpacking libxcb-xfixes0:amd64 (1.17.0-2+b1) ...
Selecting previously unselected package libxxf86vm1:amd64.
Preparing to unpack .../260-libxxf86vm1_1%3a1.1.4-1+b4_amd64.deb ...
Unpacking libxxf86vm1:amd64 (1:1.1.4-1+b4) ...
Selecting previously unselected package libdrm-amdgpu1:amd64.
Preparing to unpack .../261-libdrm-amdgpu1_2.4.124-2_amd64.deb ...
Unpacking libdrm-amdgpu1:amd64 (2.4.124-2) ...
Selecting previously unselected package libpciaccess0:amd64.
Preparing to unpack .../262-libpciaccess0_0.17-3+b3_amd64.deb ...
Unpacking libpciaccess0:amd64 (0.17-3+b3) ...
Selecting previously unselected package libdrm-intel1:amd64.
Preparing to unpack .../263-libdrm-intel1_2.4.124-2_amd64.deb ...
Unpacking libdrm-intel1:amd64 (2.4.124-2) ...
Selecting previously unselected package libsensors-config.
Preparing to unpack .../264-libsensors-config_1%3a3.6.2-2_all.deb ...
Unpacking libsensors-config (1:3.6.2-2) ...
Selecting previously unselected package libsensors5:amd64.
Preparing to unpack .../265-libsensors5_1%3a3.6.2-2_amd64.deb ...
Unpacking libsensors5:amd64 (1:3.6.2-2) ...
Selecting previously unselected package libxcb-randr0:amd64.
Preparing to unpack .../266-libxcb-randr0_1.17.0-2+b1_amd64.deb ...
Unpacking libxcb-randr0:amd64 (1.17.0-2+b1) ...
Selecting previously unselected package libxcb-sync1:amd64.
Preparing to unpack .../267-libxcb-sync1_1.17.0-2+b1_amd64.deb ...
Unpacking libxcb-sync1:amd64 (1.17.0-2+b1) ...
Selecting previously unselected package libxshmfence1:amd64.
Preparing to unpack .../268-libxshmfence1_1.3.3-1_amd64.deb ...
Unpacking libxshmfence1:amd64 (1.3.3-1) ...
Selecting previously unselected package mesa-libgallium:amd64.
Preparing to unpack .../269-mesa-libgallium_25.0.7-2+deb13u1_amd64.deb ...
Unpacking mesa-libgallium:amd64 (25.0.7-2+deb13u1) ...
Selecting previously unselected package libwayland-server0:amd64.
Preparing to unpack .../270-libwayland-server0_1.23.1-3_amd64.deb ...
Unpacking libwayland-server0:amd64 (1.23.1-3) ...
Selecting previously unselected package libgbm1:amd64.
Preparing to unpack .../271-libgbm1_25.0.7-2+deb13u1_amd64.deb ...
Unpacking libgbm1:amd64 (25.0.7-2+deb13u1) ...
Selecting previously unselected package libgl1-mesa-dri:amd64.
Preparing to unpack .../272-libgl1-mesa-dri_25.0.7-2+deb13u1_amd64.deb ...
Unpacking libgl1-mesa-dri:amd64 (25.0.7-2+deb13u1) ...
Selecting previously unselected package libglx-mesa0:amd64.
Preparing to unpack .../273-libglx-mesa0_25.0.7-2+deb13u1_amd64.deb ...
Unpacking libglx-mesa0:amd64 (25.0.7-2+deb13u1) ...
Selecting previously unselected package libglx0:amd64.
Preparing to unpack .../274-libglx0_1.7.0-1+b2_amd64.deb ...
Unpacking libglx0:amd64 (1.7.0-1+b2) ...
Selecting previously unselected package libgl1:amd64.
Preparing to unpack .../275-libgl1_1.7.0-1+b2_amd64.deb ...
Unpacking libgl1:amd64 (1.7.0-1+b2) ...
Selecting previously unselected package libiec61883-0:amd64.
Preparing to unpack .../276-libiec61883-0_1.2.0-7_amd64.deb ...
Unpacking libiec61883-0:amd64 (1.2.0-7) ...
Selecting previously unselected package libjack-jackd2-0:amd64.
Preparing to unpack .../277-libjack-jackd2-0_1.9.22~dfsg-4_amd64.deb ...
Unpacking libjack-jackd2-0:amd64 (1.9.22~dfsg-4) ...
Selecting previously unselected package libopenal-data.
Preparing to unpack .../278-libopenal-data_1%3a1.24.2-1_all.deb ...
Unpacking libopenal-data (1:1.24.2-1) ...
Selecting previously unselected package libopenal1:amd64.
Preparing to unpack .../279-libopenal1_1%3a1.24.2-1_amd64.deb ...
Unpacking libopenal1:amd64 (1:1.24.2-1) ...
Selecting previously unselected package libwayland-client0:amd64.
Preparing to unpack .../280-libwayland-client0_1.23.1-3_amd64.deb ...
Unpacking libwayland-client0:amd64 (1.23.1-3) ...
Selecting previously unselected package libdecor-0-0:amd64.
Preparing to unpack .../281-libdecor-0-0_0.2.2-2_amd64.deb ...
Unpacking libdecor-0-0:amd64 (0.2.2-2) ...
Selecting previously unselected package libwayland-cursor0:amd64.
Preparing to unpack .../282-libwayland-cursor0_1.23.1-3_amd64.deb ...
Unpacking libwayland-cursor0:amd64 (1.23.1-3) ...
Selecting previously unselected package libwayland-egl1:amd64.
Preparing to unpack .../283-libwayland-egl1_1.23.1-3_amd64.deb ...
Unpacking libwayland-egl1:amd64 (1.23.1-3) ...
Selecting previously unselected package libxcursor1:amd64.
Preparing to unpack .../284-libxcursor1_1%3a1.2.3-1_amd64.deb ...
Unpacking libxcursor1:amd64 (1:1.2.3-1) ...
Selecting previously unselected package xkb-data.
Preparing to unpack .../285-xkb-data_2.42-1_all.deb ...
Unpacking xkb-data (2.42-1) ...
Selecting previously unselected package libxkbcommon0:amd64.
Preparing to unpack .../286-libxkbcommon0_1.7.0-2_amd64.deb ...
Unpacking libxkbcommon0:amd64 (1.7.0-2) ...
Selecting previously unselected package libxrandr2:amd64.
Preparing to unpack .../287-libxrandr2_2%3a1.5.4-1+b3_amd64.deb ...
Unpacking libxrandr2:amd64 (2:1.5.4-1+b3) ...
Selecting previously unselected package libxss1:amd64.
Preparing to unpack .../288-libxss1_1%3a1.2.3-1+b3_amd64.deb ...
Unpacking libxss1:amd64 (1:1.2.3-1+b3) ...
Selecting previously unselected package libsdl2-2.0-0:amd64.
Preparing to unpack .../289-libsdl2-2.0-0_2.32.4+dfsg-1_amd64.deb ...
Unpacking libsdl2-2.0-0:amd64 (2.32.4+dfsg-1) ...
Selecting previously unselected package libxcb-shape0:amd64.
Preparing to unpack .../290-libxcb-shape0_1.17.0-2+b1_amd64.deb ...
Unpacking libxcb-shape0:amd64 (1.17.0-2+b1) ...
Selecting previously unselected package libxv1:amd64.
Preparing to unpack .../291-libxv1_2%3a1.0.11-1.1+b3_amd64.deb ...
Unpacking libxv1:amd64 (2:1.0.11-1.1+b3) ...
Selecting previously unselected package libavdevice61:amd64.
Preparing to unpack .../292-libavdevice61_7%3a7.1.5-0+deb13u1_amd64.deb ...
Unpacking libavdevice61:amd64 (7:7.1.5-0+deb13u1) ...
Selecting previously unselected package ffmpeg.
Preparing to unpack .../293-ffmpeg_7%3a7.1.5-0+deb13u1_amd64.deb ...
Unpacking ffmpeg (7:7.1.5-0+deb13u1) ...
Selecting previously unselected package gir1.2-glib-2.0:amd64.
Preparing to unpack .../294-gir1.2-glib-2.0_2.84.4-3~deb13u3_amd64.deb ...
Unpacking gir1.2-glib-2.0:amd64 (2.84.4-3~deb13u3) ...
Selecting previously unselected package gir1.2-glib-2.0-dev:amd64.
Preparing to unpack .../295-gir1.2-glib-2.0-dev_2.84.4-3~deb13u3_amd64.deb ...
Unpacking gir1.2-glib-2.0-dev:amd64 (2.84.4-3~deb13u3) ...
Selecting previously unselected package libgudev-1.0-0:amd64.
Preparing to unpack .../296-libgudev-1.0-0_238-6_amd64.deb ...
Unpacking libgudev-1.0-0:amd64 (238-6) ...
Selecting previously unselected package gir1.2-gudev-1.0:amd64.
Preparing to unpack .../297-gir1.2-gudev-1.0_238-6_amd64.deb ...
Unpacking gir1.2-gudev-1.0:amd64 (238-6) ...
Selecting previously unselected package native-architecture.
Preparing to unpack .../298-native-architecture_0.2.6_all.deb ...
Unpacking native-architecture (0.2.6) ...
Selecting previously unselected package libgirepository-2.0-0:amd64.
Preparing to unpack .../299-libgirepository-2.0-0_2.84.4-3~deb13u3_amd64.deb ...
Unpacking libgirepository-2.0-0:amd64 (2.84.4-3~deb13u3) ...
Selecting previously unselected package girepository-tools:amd64.
Preparing to unpack .../300-girepository-tools_2.84.4-3~deb13u3_amd64.deb ...
Unpacking girepository-tools:amd64 (2.84.4-3~deb13u3) ...
Selecting previously unselected package libngtcp2-16:amd64.
Preparing to unpack .../301-libngtcp2-16_1.11.0-1+deb13u1_amd64.deb ...
Unpacking libngtcp2-16:amd64 (1.11.0-1+deb13u1) ...
Selecting previously unselected package libngtcp2-crypto-gnutls8:amd64.
Preparing to unpack .../302-libngtcp2-crypto-gnutls8_1.11.0-1+deb13u1_amd64.deb ...
Unpacking libngtcp2-crypto-gnutls8:amd64 (1.11.0-1+deb13u1) ...
Selecting previously unselected package libcurl3t64-gnutls:amd64.
Preparing to unpack .../303-libcurl3t64-gnutls_8.14.1-2+deb13u4_amd64.deb ...
Unpacking libcurl3t64-gnutls:amd64 (8.14.1-2+deb13u4) ...
Selecting previously unselected package liberror-perl.
Preparing to unpack .../304-liberror-perl_0.17030-1_all.deb ...
Unpacking liberror-perl (0.17030-1) ...
Selecting previously unselected package git-man.
Preparing to unpack .../305-git-man_1%3a2.47.3-0+deb13u1_all.deb ...
Unpacking git-man (1:2.47.3-0+deb13u1) ...
Selecting previously unselected package git.
Preparing to unpack .../306-git_1%3a2.47.3-0+deb13u1_amd64.deb ...
Unpacking git (1:2.47.3-0+deb13u1) ...
Selecting previously unselected package i965-va-driver:amd64.
Preparing to unpack .../307-i965-va-driver_2.4.1+dfsg1-2_amd64.deb ...
Unpacking i965-va-driver:amd64 (2.4.1+dfsg1-2) ...
Selecting previously unselected package libigdgmm12:amd64.
Preparing to unpack .../308-libigdgmm12_22.7.2+ds1-1_amd64.deb ...
Unpacking libigdgmm12:amd64 (22.7.2+ds1-1) ...
Selecting previously unselected package intel-media-va-driver:amd64.
Preparing to unpack .../309-intel-media-va-driver_25.2.3+dfsg1-1_amd64.deb ...
Unpacking intel-media-va-driver:amd64 (25.2.3+dfsg1-1) ...
Selecting previously unselected package libc6-i386.
Preparing to unpack .../310-libc6-i386_2.41-12+deb13u3_amd64.deb ...
Unpacking libc6-i386 (2.41-12+deb13u3) ...
Selecting previously unselected package lib32gcc-s1.
Preparing to unpack .../311-lib32gcc-s1_14.2.0-19_amd64.deb ...
Unpacking lib32gcc-s1 (14.2.0-19) ...
Selecting previously unselected package lib32stdc++6.
Preparing to unpack .../312-lib32stdc++6_14.2.0-19_amd64.deb ...
Unpacking lib32stdc++6 (14.2.0-19) ...
Selecting previously unselected package libgpg-error0:amd64.
Preparing to unpack .../313-libgpg-error0_1.51-4_amd64.deb ...
Unpacking libgpg-error0:amd64 (1.51-4) ...
Selecting previously unselected package libgcrypt20:amd64.
Preparing to unpack .../314-libgcrypt20_1.11.0-7+deb13u1_amd64.deb ...
Unpacking libgcrypt20:amd64 (1.11.0-7+deb13u1) ...
Selecting previously unselected package libaacs0:amd64.
Preparing to unpack .../315-libaacs0_0.11.1-4+b1_amd64.deb ...
Unpacking libaacs0:amd64 (0.11.1-4+b1) ...
Selecting previously unselected package libabsl20240722:amd64.
Preparing to unpack .../316-libabsl20240722_20240722.0-4_amd64.deb ...
Unpacking libabsl20240722:amd64 (20240722.0-4) ...
Selecting previously unselected package libalgorithm-diff-perl.
Preparing to unpack .../317-libalgorithm-diff-perl_1.201-1_all.deb ...
Unpacking libalgorithm-diff-perl (1.201-1) ...
Selecting previously unselected package libalgorithm-diff-xs-perl.
Preparing to unpack .../318-libalgorithm-diff-xs-perl_0.04-9_amd64.deb ...
Unpacking libalgorithm-diff-xs-perl (0.04-9) ...
Selecting previously unselected package libalgorithm-merge-perl.
Preparing to unpack .../319-libalgorithm-merge-perl_0.08-5_all.deb ...
Unpacking libalgorithm-merge-perl (0.08-5) ...
Selecting previously unselected package libatk1.0-0t64:amd64.
Preparing to unpack .../320-libatk1.0-0t64_2.56.2-1+deb13u1_amd64.deb ...
Unpacking libatk1.0-0t64:amd64 (2.56.2-1+deb13u1) ...
Selecting previously unselected package libatk-bridge2.0-0t64:amd64.
Preparing to unpack .../321-libatk-bridge2.0-0t64_2.56.2-1+deb13u1_amd64.deb ...
Unpacking libatk-bridge2.0-0t64:amd64 (2.56.2-1+deb13u1) ...
Selecting previously unselected package libavahi-common-data:amd64.
Preparing to unpack .../322-libavahi-common-data_0.8-16_amd64.deb ...
Unpacking libavahi-common-data:amd64 (0.8-16) ...
Selecting previously unselected package libavahi-common3:amd64.
Preparing to unpack .../323-libavahi-common3_0.8-16_amd64.deb ...
Unpacking libavahi-common3:amd64 (0.8-16) ...
Selecting previously unselected package libavahi-client3:amd64.
Preparing to unpack .../324-libavahi-client3_0.8-16_amd64.deb ...
Unpacking libavahi-client3:amd64 (0.8-16) ...
Selecting previously unselected package libbdplus0:amd64.
Preparing to unpack .../325-libbdplus0_0.2.0-4+b1_amd64.deb ...
Unpacking libbdplus0:amd64 (0.2.0-4+b1) ...
Selecting previously unselected package uuid-dev:amd64.
Preparing to unpack .../326-uuid-dev_2.41-5_amd64.deb ...
Unpacking uuid-dev:amd64 (2.41-5) ...
Selecting previously unselected package libblkid-dev:amd64.
Preparing to unpack .../327-libblkid-dev_2.41-5_amd64.deb ...
Unpacking libblkid-dev:amd64 (2.41-5) ...
Selecting previously unselected package libcap-dev:amd64.
Preparing to unpack .../328-libcap-dev_1%3a2.75-10+deb13u1+b1_amd64.deb ...
Unpacking libcap-dev:amd64 (1:2.75-10+deb13u1+b1) ...
Selecting previously unselected package libclang-19-dev.
Preparing to unpack .../329-libclang-19-dev_1%3a19.1.7-3+b1_amd64.deb ...
Unpacking libclang-19-dev (1:19.1.7-3+b1) ...
Selecting previously unselected package libclang-dev.
Preparing to unpack .../330-libclang-dev_1%3a19.0-63_amd64.deb ...
Unpacking libclang-dev (1:19.0-63) ...
Selecting previously unselected package libclang-rt-19-dev:amd64.
Preparing to unpack .../331-libclang-rt-19-dev_1%3a19.1.7-3+b1_amd64.deb ...
Unpacking libclang-rt-19-dev:amd64 (1:19.1.7-3+b1) ...
Selecting previously unselected package libcloudproviders0:amd64.
Preparing to unpack .../332-libcloudproviders0_0.3.6-2_amd64.deb ...
Unpacking libcloudproviders0:amd64 (0.3.6-2) ...
Selecting previously unselected package libcolord2:amd64.
Preparing to unpack .../333-libcolord2_1.4.7-3_amd64.deb ...
Unpacking libcolord2:amd64 (1.4.7-3) ...
Selecting previously unselected package libcups2t64:amd64.
Preparing to unpack .../334-libcups2t64_2.4.10-3+deb13u2_amd64.deb ...
Unpacking libcups2t64:amd64 (2.4.10-3+deb13u2) ...
Selecting previously unselected package libsystemd-dev:amd64.
Preparing to unpack .../335-libsystemd-dev_257.13-1~deb13u1_amd64.deb ...
Unpacking libsystemd-dev:amd64 (257.13-1~deb13u1) ...
Selecting previously unselected package libpkgconf3:amd64.
Preparing to unpack .../336-libpkgconf3_1.8.1-4_amd64.deb ...
Unpacking libpkgconf3:amd64 (1.8.1-4) ...
Selecting previously unselected package pkgconf-bin.
Preparing to unpack .../337-pkgconf-bin_1.8.1-4_amd64.deb ...
Unpacking pkgconf-bin (1.8.1-4) ...
Selecting previously unselected package pkgconf:amd64.
Preparing to unpack .../338-pkgconf_1.8.1-4_amd64.deb ...
Unpacking pkgconf:amd64 (1.8.1-4) ...
Selecting previously unselected package sgml-base.
Preparing to unpack .../339-sgml-base_1.31+nmu1_all.deb ...
Unpacking sgml-base (1.31+nmu1) ...
Selecting previously unselected package xml-core.
Preparing to unpack .../340-xml-core_0.19_all.deb ...
Unpacking xml-core (0.19) ...
Selecting previously unselected package libdbus-1-dev:amd64.
Preparing to unpack .../341-libdbus-1-dev_1.16.2-2_amd64.deb ...
Unpacking libdbus-1-dev:amd64 (1.16.2-2) ...
Selecting previously unselected package libepoxy0:amd64.
Preparing to unpack .../342-libepoxy0_1.5.10-2_amd64.deb ...
Unpacking libepoxy0:amd64 (1.5.10-2) ...
Selecting previously unselected package libxcomposite1:amd64.
Preparing to unpack .../343-libxcomposite1_1%3a0.4.6-1_amd64.deb ...
Unpacking libxcomposite1:amd64 (1:0.4.6-1) ...
Selecting previously unselected package libxdamage1:amd64.
Preparing to unpack .../344-libxdamage1_1%3a1.1.6-1+b2_amd64.deb ...
Unpacking libxdamage1:amd64 (1:1.1.6-1+b2) ...
Selecting previously unselected package libxinerama1:amd64.
Preparing to unpack .../345-libxinerama1_2%3a1.1.4-3+b4_amd64.deb ...
Unpacking libxinerama1:amd64 (2:1.1.4-3+b4) ...
Selecting previously unselected package libgtk-3-common.
Preparing to unpack .../346-libgtk-3-common_3.24.49-3_all.deb ...
Unpacking libgtk-3-common (3.24.49-3) ...
Selecting previously unselected package libgtk-3-0t64:amd64.
Preparing to unpack .../347-libgtk-3-0t64_3.24.49-3_amd64.deb ...
Unpacking libgtk-3-0t64:amd64 (3.24.49-3) ...
Selecting previously unselected package libdecor-0-plugin-1-gtk:amd64.
Preparing to unpack .../348-libdecor-0-plugin-1-gtk_0.2.2-2_amd64.deb ...
Unpacking libdecor-0-plugin-1-gtk:amd64 (0.2.2-2) ...
Selecting previously unselected package libdrm-radeon1:amd64.
Preparing to unpack .../349-libdrm-radeon1_2.4.124-2_amd64.deb ...
Unpacking libdrm-radeon1:amd64 (2.4.124-2) ...
Selecting previously unselected package libdrm-nouveau2:amd64.
Preparing to unpack .../350-libdrm-nouveau2_2.4.124-2_amd64.deb ...
Unpacking libdrm-nouveau2:amd64 (2.4.124-2) ...
Selecting previously unselected package libpciaccess-dev:amd64.
Preparing to unpack .../351-libpciaccess-dev_0.17-3+b3_amd64.deb ...
Unpacking libpciaccess-dev:amd64 (0.17-3+b3) ...
Selecting previously unselected package libdrm-dev:amd64.
Preparing to unpack .../352-libdrm-dev_2.4.124-2_amd64.deb ...
Unpacking libdrm-dev:amd64 (2.4.124-2) ...
Selecting previously unselected package libebur128-1:amd64.
Preparing to unpack .../353-libebur128-1_1.2.6-1+b2_amd64.deb ...
Unpacking libebur128-1:amd64 (1.2.6-1+b2) ...
Selecting previously unselected package libegl-mesa0:amd64.
Preparing to unpack .../354-libegl-mesa0_25.0.7-2+deb13u1_amd64.deb ...
Unpacking libegl-mesa0:amd64 (25.0.7-2+deb13u1) ...
Selecting previously unselected package libegl1:amd64.
Preparing to unpack .../355-libegl1_1.7.0-1+b2_amd64.deb ...
Unpacking libegl1:amd64 (1.7.0-1+b2) ...
Selecting previously unselected package xorg-sgml-doctools.
Preparing to unpack .../356-xorg-sgml-doctools_1%3a1.11-1.1_all.deb ...
Unpacking xorg-sgml-doctools (1:1.11-1.1) ...
Selecting previously unselected package x11proto-dev.
Preparing to unpack .../357-x11proto-dev_2024.1-1_all.deb ...
Unpacking x11proto-dev (2024.1-1) ...
Selecting previously unselected package libxau-dev:amd64.
Preparing to unpack .../358-libxau-dev_1%3a1.0.11-1_amd64.deb ...
Unpacking libxau-dev:amd64 (1:1.0.11-1) ...
Selecting previously unselected package libxdmcp-dev:amd64.
Preparing to unpack .../359-libxdmcp-dev_1%3a1.1.5-1_amd64.deb ...
Unpacking libxdmcp-dev:amd64 (1:1.1.5-1) ...
Selecting previously unselected package xtrans-dev.
Preparing to unpack .../360-xtrans-dev_1.4.0-1_all.deb ...
Unpacking xtrans-dev (1.4.0-1) ...
Selecting previously unselected package libxcb1-dev:amd64.
Preparing to unpack .../361-libxcb1-dev_1.17.0-2+b1_amd64.deb ...
Unpacking libxcb1-dev:amd64 (1.17.0-2+b1) ...
Selecting previously unselected package libx11-dev:amd64.
Preparing to unpack .../362-libx11-dev_2%3a1.8.12-1_amd64.deb ...
Unpacking libx11-dev:amd64 (2:1.8.12-1) ...
Selecting previously unselected package libglx-dev:amd64.
Preparing to unpack .../363-libglx-dev_1.7.0-1+b2_amd64.deb ...
Unpacking libglx-dev:amd64 (1.7.0-1+b2) ...
Selecting previously unselected package libgl-dev:amd64.
Preparing to unpack .../364-libgl-dev_1.7.0-1+b2_amd64.deb ...
Unpacking libgl-dev:amd64 (1.7.0-1+b2) ...
Selecting previously unselected package libegl-dev:amd64.
Preparing to unpack .../365-libegl-dev_1.7.0-1+b2_amd64.deb ...
Unpacking libegl-dev:amd64 (1.7.0-1+b2) ...
Selecting previously unselected package libevdev2:amd64.
Preparing to unpack .../366-libevdev2_1.13.4+dfsg-1_amd64.deb ...
Unpacking libevdev2:amd64 (1.13.4+dfsg-1) ...
Selecting previously unselected package libevdev-dev:amd64.
Preparing to unpack .../367-libevdev-dev_1.13.4+dfsg-1_amd64.deb ...
Unpacking libevdev-dev:amd64 (1.13.4+dfsg-1) ...
Selecting previously unselected package libffi-dev:amd64.
Preparing to unpack .../368-libffi-dev_3.4.8-2_amd64.deb ...
Unpacking libffi-dev:amd64 (3.4.8-2) ...
Selecting previously unselected package libfftw3-single3:amd64.
Preparing to unpack .../369-libfftw3-single3_3.3.10-2+b1_amd64.deb ...
Unpacking libfftw3-single3:amd64 (3.3.10-2+b1) ...
Selecting previously unselected package libfile-fcntllock-perl.
Preparing to unpack .../370-libfile-fcntllock-perl_0.22-4+b4_amd64.deb ...
Unpacking libfile-fcntllock-perl (0.22-4+b4) ...
Selecting previously unselected package libgbm-dev:amd64.
Preparing to unpack .../371-libgbm-dev_25.0.7-2+deb13u1_amd64.deb ...
Unpacking libgbm-dev:amd64 (25.0.7-2+deb13u1) ...
Selecting previously unselected package libgdk-pixbuf2.0-bin.
Preparing to unpack .../372-libgdk-pixbuf2.0-bin_2.42.12+dfsg-4+deb13u1_amd64.deb ...
Unpacking libgdk-pixbuf2.0-bin (2.42.12+dfsg-4+deb13u1) ...
Selecting previously unselected package libsepol-dev:amd64.
Preparing to unpack .../373-libsepol-dev_3.8.1-1_amd64.deb ...
Unpacking libsepol-dev:amd64 (3.8.1-1) ...
Selecting previously unselected package libpcre2-16-0:amd64.
Preparing to unpack .../374-libpcre2-16-0_10.46-1~deb13u1_amd64.deb ...
Unpacking libpcre2-16-0:amd64 (10.46-1~deb13u1) ...
Selecting previously unselected package libpcre2-32-0:amd64.
Preparing to unpack .../375-libpcre2-32-0_10.46-1~deb13u1_amd64.deb ...
Unpacking libpcre2-32-0:amd64 (10.46-1~deb13u1) ...
Selecting previously unselected package libpcre2-posix3:amd64.
Preparing to unpack .../376-libpcre2-posix3_10.46-1~deb13u1_amd64.deb ...
Unpacking libpcre2-posix3:amd64 (10.46-1~deb13u1) ...
Selecting previously unselected package libpcre2-dev:amd64.
Preparing to unpack .../377-libpcre2-dev_10.46-1~deb13u1_amd64.deb ...
Unpacking libpcre2-dev:amd64 (10.46-1~deb13u1) ...
Selecting previously unselected package libselinux1-dev:amd64.
Preparing to unpack .../378-libselinux1-dev_3.8.1-1_amd64.deb ...
Unpacking libselinux1-dev:amd64 (3.8.1-1) ...
Selecting previously unselected package libmount-dev:amd64.
Preparing to unpack .../379-libmount-dev_2.41-5_amd64.deb ...
Unpacking libmount-dev:amd64 (2.41-5) ...
Selecting previously unselected package libsysprof-capture-4-dev:amd64.
Preparing to unpack .../380-libsysprof-capture-4-dev_48.0-2_amd64.deb ...
Unpacking libsysprof-capture-4-dev:amd64 (48.0-2) ...
Selecting previously unselected package zlib1g-dev:amd64.
Preparing to unpack .../381-zlib1g-dev_1%3a1.3.dfsg+really1.3.1-1+b1_amd64.deb ...
Unpacking zlib1g-dev:amd64 (1:1.3.dfsg+really1.3.1-1+b1) ...
Selecting previously unselected package libgio-2.0-dev:amd64.
Preparing to unpack .../382-libgio-2.0-dev_2.84.4-3~deb13u3_amd64.deb ...
Unpacking libgio-2.0-dev:amd64 (2.84.4-3~deb13u3) ...
Selecting previously unselected package python3-packaging.
Preparing to unpack .../383-python3-packaging_25.0-1_all.deb ...
Unpacking python3-packaging (25.0-1) ...
Selecting previously unselected package libgio-2.0-dev-bin.
Preparing to unpack .../384-libgio-2.0-dev-bin_2.84.4-3~deb13u3_amd64.deb ...
Unpacking libgio-2.0-dev-bin (2.84.4-3~deb13u3) ...
Selecting previously unselected package libgles1:amd64.
Preparing to unpack .../385-libgles1_1.7.0-1+b2_amd64.deb ...
Unpacking libgles1:amd64 (1.7.0-1+b2) ...
Selecting previously unselected package libgles2:amd64.
Preparing to unpack .../386-libgles2_1.7.0-1+b2_amd64.deb ...
Unpacking libgles2:amd64 (1.7.0-1+b2) ...
Selecting previously unselected package libgles-dev:amd64.
Preparing to unpack .../387-libgles-dev_1.7.0-1+b2_amd64.deb ...
Unpacking libgles-dev:amd64 (1.7.0-1+b2) ...
Selecting previously unselected package libglib2.0-data.
Preparing to unpack .../388-libglib2.0-data_2.84.4-3~deb13u3_all.deb ...
Unpacking libglib2.0-data (2.84.4-3~deb13u3) ...
Selecting previously unselected package libglib2.0-bin.
Preparing to unpack .../389-libglib2.0-bin_2.84.4-3~deb13u3_amd64.deb ...
Unpacking libglib2.0-bin (2.84.4-3~deb13u3) ...
Selecting previously unselected package libglib2.0-dev-bin.
Preparing to unpack .../390-libglib2.0-dev-bin_2.84.4-3~deb13u3_amd64.deb ...
Unpacking libglib2.0-dev-bin (2.84.4-3~deb13u3) ...
Selecting previously unselected package libglib2.0-dev:amd64.
Preparing to unpack .../391-libglib2.0-dev_2.84.4-3~deb13u3_amd64.deb ...
Unpacking libglib2.0-dev:amd64 (2.84.4-3~deb13u3) ...
Selecting previously unselected package libgpg-error-l10n.
Preparing to unpack .../392-libgpg-error-l10n_1.51-4_all.deb ...
Unpacking libgpg-error-l10n (1.51-4) ...
Selecting previously unselected package libgpm2:amd64.
Preparing to unpack .../393-libgpm2_1.20.7-11+b2_amd64.deb ...
Unpacking libgpm2:amd64 (1.20.7-11+b2) ...
Selecting previously unselected package libgtk-3-bin.
Preparing to unpack .../394-libgtk-3-bin_3.24.49-3_amd64.deb ...
Unpacking libgtk-3-bin (3.24.49-3) ...
Selecting previously unselected package libudev-dev:amd64.
Preparing to unpack .../395-libudev-dev_257.13-1~deb13u1_amd64.deb ...
Unpacking libudev-dev:amd64 (257.13-1~deb13u1) ...
Selecting previously unselected package libgudev-1.0-dev:amd64.
Preparing to unpack .../396-libgudev-1.0-dev_238-6_amd64.deb ...
Unpacking libgudev-1.0-dev:amd64 (238-6) ...
Selecting previously unselected package libwacom-common.
Preparing to unpack .../397-libwacom-common_2.14.0-1_all.deb ...
Unpacking libwacom-common (2.14.0-1) ...
Selecting previously unselected package libwacom9:amd64.
Preparing to unpack .../398-libwacom9_2.14.0-1_amd64.deb ...
Unpacking libwacom9:amd64 (2.14.0-1) ...
Selecting previously unselected package libinput-bin.
Preparing to unpack .../399-libinput-bin_1.28.1-1+deb13u1_amd64.deb ...
Unpacking libinput-bin (1.28.1-1+deb13u1) ...
Selecting previously unselected package libmtdev1t64:amd64.
Preparing to unpack .../400-libmtdev1t64_1.1.7-1_amd64.deb ...
Unpacking libmtdev1t64:amd64 (1.1.7-1) ...
Selecting previously unselected package libinput10:amd64.
Preparing to unpack .../401-libinput10_1.28.1-1+deb13u1_amd64.deb ...
Unpacking libinput10:amd64 (1.28.1-1+deb13u1) ...
Selecting previously unselected package libmtdev-dev:amd64.
Preparing to unpack .../402-libmtdev-dev_1.1.7-1_amd64.deb ...
Unpacking libmtdev-dev:amd64 (1.1.7-1) ...
Selecting previously unselected package libwacom-dev:amd64.
Preparing to unpack .../403-libwacom-dev_2.14.0-1_amd64.deb ...
Unpacking libwacom-dev:amd64 (2.14.0-1) ...
Selecting previously unselected package libinput-dev:amd64.
Preparing to unpack .../404-libinput-dev_1.28.1-1+deb13u1_amd64.deb ...
Unpacking libinput-dev:amd64 (1.28.1-1+deb13u1) ...
Selecting previously unselected package libldap-common.
Preparing to unpack .../405-libldap-common_2.6.10+dfsg-1_all.deb ...
Unpacking libldap-common (2.6.10+dfsg-1) ...
Selecting previously unselected package libncurses6:amd64.
Preparing to unpack .../406-libncurses6_6.5+20250216-2_amd64.deb ...
Unpacking libncurses6:amd64 (6.5+20250216-2) ...
Selecting previously unselected package libncurses-dev:amd64.
Preparing to unpack .../407-libncurses-dev_6.5+20250216-2_amd64.deb ...
Unpacking libncurses-dev:amd64 (6.5+20250216-2) ...
Selecting previously unselected package libpam-doc.
Preparing to unpack .../408-libpam-doc_1.7.0-5_all.deb ...
Unpacking libpam-doc (1.7.0-5) ...
Selecting previously unselected package libpam0g-dev:amd64.
Preparing to unpack .../409-libpam0g-dev_1.7.0-5_amd64.deb ...
Unpacking libpam0g-dev:amd64 (1.7.0-5) ...
Selecting previously unselected package libpfm4:amd64.
Preparing to unpack .../410-libpfm4_4.13.0+git99-gc5587f9-1_amd64.deb ...
Unpacking libpfm4:amd64 (4.13.0+git99-gc5587f9-1) ...
Selecting previously unselected package libwebrtc-audio-processing-1-3:amd64.
Preparing to unpack .../411-libwebrtc-audio-processing-1-3_1.3-3+b1_amd64.deb ...
Unpacking libwebrtc-audio-processing-1-3:amd64 (1.3-3+b1) ...
Selecting previously unselected package libspa-0.2-modules:amd64.
Preparing to unpack .../412-libspa-0.2-modules_1.4.2-1_amd64.deb ...
Unpacking libspa-0.2-modules:amd64 (1.4.2-1) ...
Selecting previously unselected package libpipewire-0.3-0t64:amd64.
Preparing to unpack .../413-libpipewire-0.3-0t64_1.4.2-1_amd64.deb ...
Unpacking libpipewire-0.3-0t64:amd64 (1.4.2-1) ...
Selecting previously unselected package libpipewire-0.3-common.
Preparing to unpack .../414-libpipewire-0.3-common_1.4.2-1_all.deb ...
Unpacking libpipewire-0.3-common (1.4.2-1) ...
Selecting previously unselected package libspa-0.2-dev:amd64.
Preparing to unpack .../415-libspa-0.2-dev_1.4.2-1_amd64.deb ...
Unpacking libspa-0.2-dev:amd64 (1.4.2-1) ...
Selecting previously unselected package libpipewire-0.3-dev:amd64.
Preparing to unpack .../416-libpipewire-0.3-dev_1.4.2-1_amd64.deb ...
Unpacking libpipewire-0.3-dev:amd64 (1.4.2-1) ...
Selecting previously unselected package librsvg2-common:amd64.
Preparing to unpack .../417-librsvg2-common_2.60.0+dfsg-1_amd64.deb ...
Unpacking librsvg2-common:amd64 (2.60.0+dfsg-1) ...
Selecting previously unselected package libsasl2-modules:amd64.
Preparing to unpack .../418-libsasl2-modules_2.1.28+dfsg1-9_amd64.deb ...
Unpacking libsasl2-modules:amd64 (2.1.28+dfsg1-9) ...
Selecting previously unselected package libseat1:amd64.
Preparing to unpack .../419-libseat1_0.9.1-1_amd64.deb ...
Unpacking libseat1:amd64 (0.9.1-1) ...
Selecting previously unselected package libseat-dev:amd64.
Preparing to unpack .../420-libseat-dev_0.9.1-1_amd64.deb ...
Unpacking libseat-dev:amd64 (0.9.1-1) ...
Selecting previously unselected package libset-scalar-perl.
Preparing to unpack .../421-libset-scalar-perl_1.29-3_all.deb ...
Unpacking libset-scalar-perl (1.29-3) ...
Selecting previously unselected package libssl-dev:amd64.
Preparing to unpack .../422-libssl-dev_3.5.6-1~deb13u2_amd64.deb ...
Unpacking libssl-dev:amd64 (3.5.6-1~deb13u2) ...
Selecting previously unselected package libva-glx2:amd64.
Preparing to unpack .../423-libva-glx2_2.22.0-3_amd64.deb ...
Unpacking libva-glx2:amd64 (2.22.0-3) ...
Selecting previously unselected package libva-wayland2:amd64.
Preparing to unpack .../424-libva-wayland2_2.22.0-3_amd64.deb ...
Unpacking libva-wayland2:amd64 (2.22.0-3) ...
Selecting previously unselected package libwayland-bin.
Preparing to unpack .../425-libwayland-bin_1.23.1-3_amd64.deb ...
Unpacking libwayland-bin (1.23.1-3) ...
Selecting previously unselected package libwayland-dev:amd64.
Preparing to unpack .../426-libwayland-dev_1.23.1-3_amd64.deb ...
Unpacking libwayland-dev:amd64 (1.23.1-3) ...
Selecting previously unselected package libva-dev:amd64.
Preparing to unpack .../427-libva-dev_2.22.0-3_amd64.deb ...
Unpacking libva-dev:amd64 (2.22.0-3) ...
Selecting previously unselected package libvdpau-va-gl1:amd64.
Preparing to unpack .../428-libvdpau-va-gl1_0.4.2-2_amd64.deb ...
Unpacking libvdpau-va-gl1:amd64 (0.4.2-2) ...
Selecting previously unselected package libvulkan-dev:amd64.
Preparing to unpack .../429-libvulkan-dev_1.4.309.0-1_amd64.deb ...
Unpacking libvulkan-dev:amd64 (1.4.309.0-1) ...
Selecting previously unselected package libxkbcommon-dev:amd64.
Preparing to unpack .../430-libxkbcommon-dev_1.7.0-2_amd64.deb ...
Unpacking libxkbcommon-dev:amd64 (1.7.0-2) ...
Selecting previously unselected package libxml2-dev:amd64.
Preparing to unpack .../431-libxml2-dev_2.12.7+dfsg+really2.9.14-2.1+deb13u3_amd64.deb ...
Unpacking libxml2-dev:amd64 (2.12.7+dfsg+really2.9.14-2.1+deb13u3) ...
Selecting previously unselected package libxmuu1:amd64.
Preparing to unpack .../432-libxmuu1_2%3a1.1.3-3+b4_amd64.deb ...
Unpacking libxmuu1:amd64 (2:1.1.3-3+b4) ...
Selecting previously unselected package libyaml-0-2:amd64.
Preparing to unpack .../433-libyaml-0-2_0.2.5-2_amd64.deb ...
Unpacking libyaml-0-2:amd64 (0.2.5-2) ...
Selecting previously unselected package libz3-dev:amd64.
Preparing to unpack .../434-libz3-dev_4.13.3-1_amd64.deb ...
Unpacking libz3-dev:amd64 (4.13.3-1) ...
Selecting previously unselected package llvm-19-runtime.
Preparing to unpack .../435-llvm-19-runtime_1%3a19.1.7-3+b1_amd64.deb ...
Unpacking llvm-19-runtime (1:19.1.7-3+b1) ...
Selecting previously unselected package llvm-runtime:amd64.
Preparing to unpack .../436-llvm-runtime_1%3a19.0-63_amd64.deb ...
Unpacking llvm-runtime:amd64 (1:19.0-63) ...
Selecting previously unselected package llvm-19.
Preparing to unpack .../437-llvm-19_1%3a19.1.7-3+b1_amd64.deb ...
Unpacking llvm-19 (1:19.1.7-3+b1) ...
Selecting previously unselected package llvm.
Preparing to unpack .../438-llvm_1%3a19.0-63_amd64.deb ...
Unpacking llvm (1:19.0-63) ...
Selecting previously unselected package python3-pygments.
Preparing to unpack .../439-python3-pygments_2.18.0+dfsg-2_all.deb ...
Unpacking python3-pygments (2.18.0+dfsg-2) ...
Selecting previously unselected package python3-yaml.
Preparing to unpack .../440-python3-yaml_6.0.2-1+b2_amd64.deb ...
Unpacking python3-yaml (6.0.2-1+b2) ...
Selecting previously unselected package llvm-19-tools.
Preparing to unpack .../441-llvm-19-tools_1%3a19.1.7-3+b1_amd64.deb ...
Unpacking llvm-19-tools (1:19.1.7-3+b1) ...
Selecting previously unselected package llvm-19-dev.
Preparing to unpack .../442-llvm-19-dev_1%3a19.1.7-3+b1_amd64.deb ...
Unpacking llvm-19-dev (1:19.1.7-3+b1) ...
Selecting previously unselected package llvm-dev.
Preparing to unpack .../443-llvm-dev_1%3a19.0-63_amd64.deb ...
Unpacking llvm-dev (1:19.0-63) ...
Selecting previously unselected package manpages-dev.
Preparing to unpack .../444-manpages-dev_6.9.1-1_all.deb ...
Unpacking manpages-dev (6.9.1-1) ...
Selecting previously unselected package mesa-va-drivers:amd64.
Preparing to unpack .../445-mesa-va-drivers_25.0.7-2+deb13u1_amd64.deb ...
Unpacking mesa-va-drivers:amd64 (25.0.7-2+deb13u1) ...
Selecting previously unselected package mesa-vdpau-drivers:amd64.
Preparing to unpack .../446-mesa-vdpau-drivers_25.0.7-2+deb13u1_amd64.deb ...
Unpacking mesa-vdpau-drivers:amd64 (25.0.7-2+deb13u1) ...
Selecting previously unselected package mesa-vulkan-drivers:amd64.
Preparing to unpack .../447-mesa-vulkan-drivers_25.0.7-2+deb13u1_amd64.deb ...
Unpacking mesa-vulkan-drivers:amd64 (25.0.7-2+deb13u1) ...
Selecting previously unselected package ninja-build.
Preparing to unpack .../448-ninja-build_1.12.1-1_amd64.deb ...
Unpacking ninja-build (1.12.1-1) ...
Selecting previously unselected package python3-autocommand.
Preparing to unpack .../449-python3-autocommand_2.2.2-3_all.deb ...
Unpacking python3-autocommand (2.2.2-3) ...
Selecting previously unselected package python3-more-itertools.
Preparing to unpack .../450-python3-more-itertools_10.7.0-1_all.deb ...
Unpacking python3-more-itertools (10.7.0-1) ...
Selecting previously unselected package python3-typing-extensions.
Preparing to unpack .../451-python3-typing-extensions_4.13.2-1_all.deb ...
Unpacking python3-typing-extensions (4.13.2-1) ...
Selecting previously unselected package python3-typeguard.
Preparing to unpack .../452-python3-typeguard_4.4.2-1_all.deb ...
Unpacking python3-typeguard (4.4.2-1) ...
Selecting previously unselected package python3-inflect.
Preparing to unpack .../453-python3-inflect_7.3.1-2_all.deb ...
Unpacking python3-inflect (7.3.1-2) ...
Selecting previously unselected package python3-jaraco.context.
Preparing to unpack .../454-python3-jaraco.context_6.0.1-1+deb13u1_all.deb ...
Unpacking python3-jaraco.context (6.0.1-1+deb13u1) ...
Selecting previously unselected package python3-jaraco.functools.
Preparing to unpack .../455-python3-jaraco.functools_4.1.0-1_all.deb ...
Unpacking python3-jaraco.functools (4.1.0-1) ...
Selecting previously unselected package python3-pkg-resources.
Preparing to unpack .../456-python3-pkg-resources_78.1.1-0.1_all.deb ...
Unpacking python3-pkg-resources (78.1.1-0.1) ...
Selecting previously unselected package python3-jaraco.text.
Preparing to unpack .../457-python3-jaraco.text_4.0.0-1_all.deb ...
Unpacking python3-jaraco.text (4.0.0-1) ...
Selecting previously unselected package python3-zipp.
Preparing to unpack .../458-python3-zipp_3.21.0-1_all.deb ...
Unpacking python3-zipp (3.21.0-1) ...
Selecting previously unselected package python3-setuptools.
Preparing to unpack .../459-python3-setuptools_78.1.1-0.1_all.deb ...
Unpacking python3-setuptools (78.1.1-0.1) ...
Selecting previously unselected package meson.
Preparing to unpack .../460-meson_1.7.0-1_all.deb ...
Unpacking meson (1.7.0-1) ...
Selecting previously unselected package nasm.
Preparing to unpack .../461-nasm_2.16.03-1_amd64.deb ...
Unpacking nasm (2.16.03-1) ...
Selecting previously unselected package pkg-config:amd64.
Preparing to unpack .../462-pkg-config_1.8.1-4_amd64.deb ...
Unpacking pkg-config:amd64 (1.8.1-4) ...
Selecting previously unselected package pocketsphinx-en-us.
Preparing to unpack .../463-pocketsphinx-en-us_0.8+5prealpha+1-15_all.deb ...
Unpacking pocketsphinx-en-us (0.8+5prealpha+1-15) ...
Selecting previously unselected package publicsuffix.
Preparing to unpack .../464-publicsuffix_20250328.1952-0.1_all.deb ...
Unpacking publicsuffix (20250328.1952-0.1) ...
Selecting previously unselected package sq.
Preparing to unpack .../465-sq_1.3.1-2+b2_amd64.deb ...
Unpacking sq (1.3.1-2+b2) ...
Selecting previously unselected package va-driver-all:amd64.
Preparing to unpack .../466-va-driver-all_2.22.0-3_amd64.deb ...
Unpacking va-driver-all:amd64 (2.22.0-3) ...
Selecting previously unselected package vainfo.
Preparing to unpack .../467-vainfo_2.22.0+ds1-2_amd64.deb ...
Unpacking vainfo (2.22.0+ds1-2) ...
Selecting previously unselected package vdpau-driver-all:amd64.
Preparing to unpack .../468-vdpau-driver-all_1.5-3+b1_amd64.deb ...
Unpacking vdpau-driver-all:amd64 (1.5-3+b1) ...
Selecting previously unselected package wayland-protocols.
Preparing to unpack .../469-wayland-protocols_1.44-1_all.deb ...
Unpacking wayland-protocols (1.44-1) ...
Selecting previously unselected package xauth.
Preparing to unpack .../470-xauth_1%3a1.1.2-1.1_amd64.deb ...
Unpacking xauth (1:1.1.2-1.1) ...
Selecting previously unselected package xdg-user-dirs.
Preparing to unpack .../471-xdg-user-dirs_0.18-2_amd64.deb ...
Unpacking xdg-user-dirs (0.18-2) ...
Setting up libgme0:amd64 (0.6.3-7+b2) ...
Setting up libchromaprint1:amd64 (1.5.1-7) ...
Setting up libpipewire-0.3-common (1.4.2-1) ...
Setting up libhwy1t64:amd64 (1.2.0-2+b2) ...
Setting up media-types (13.0.0) ...
Setting up libgraphite2-3:amd64 (1.3.14-2+deb13u1) ...
Setting up liblcms2-2:amd64 (2.16-2+deb13u2) ...
Setting up libpixman-1-0:amd64 (0.44.0-3) ...
Setting up libdvdread8t64:amd64 (6.1.3-2) ...
Setting up libudfread0:amd64 (1.1.2-1+b2) ...
Setting up libnorm1t64:amd64 (1.5.9+dfsg-3.1+b2) ...
Setting up libsharpyuv0:amd64 (1.5.0-0.1) ...
Setting up libaom3:amd64 (3.12.1-1) ...
Setting up libpciaccess0:amd64 (0.17-3+b3) ...
Setting up librabbitmq4:amd64 (0.15.0-1+deb13u1) ...
Setting up libxau6:amd64 (1:1.0.11-1) ...
Setting up libxdmcp6:amd64 (1:1.1.5-1) ...
Setting up libraw1394-11:amd64 (2.1.2-2+b2) ...
Setting up libxcb1:amd64 (1.17.0-2+b1) ...
Setting up seatd (0.9.1-1) ...
Running in chroot, ignoring request.
Created symlink '/etc/systemd/system/multi-user.target.wants/seatd.service' -> '/usr/lib/systemd/system/seatd.service'.
Setting up libsodium23:amd64 (1.0.18-1+deb13u1) ...
Setting up native-architecture (0.2.6) ...
Setting up libgpm2:amd64 (1.20.7-11+b2) ...
Setting up libpciaccess-dev:amd64 (0.17-3+b3) ...
Setting up libxcb-xfixes0:amd64 (1.17.0-2+b1) ...
Setting up libogg0:amd64 (1.3.5-3+b2) ...
Setting up liblerc4:amd64 (4.0.0+ds-5) ...
Setting up libspeex1:amd64 (1.2.1-3) ...
Setting up libgdbm6t64:amd64 (1.24-2) ...
Setting up libshine3:amd64 (3.1.1-2+b2) ...
Setting up libcaca0:amd64 (0.99.beta20-5+deb13u1) ...
Setting up libvpl2 (1:2.14.0-1+b1) ...
Setting up hicolor-icon-theme (0.18-2) ...
Setting up libx264-164:amd64 (2:0.164.3108+git31e19f9-2+b1) ...
Setting up libtwolame0:amd64 (0.4.0-2+b2) ...
Setting up libgpg-error0:amd64 (1.51-4) ...
Setting up libdatrie1:amd64 (0.2.13-3+b1) ...
Setting up libgdbm-compat4t64:amd64 (1.24-2) ...
Setting up xdg-user-dirs (0.18-2) ...
Setting up libpam-doc (1.7.0-5) ...
Setting up libclang-common-19-dev:amd64 (1:19.1.7-3+b1) ...
Setting up libgsm1:amd64 (1.0.22-1+b2) ...
Setting up libxcb-render0:amd64 (1.17.0-2+b1) ...
Setting up libcbor0.10:amd64 (0.10.2-2) ...
Setting up libzix-0-0:amd64 (0.6.2-1) ...
Setting up libyaml-0-2:amd64 (0.2.5-2) ...
Setting up manpages (6.9.1-1) ...
Setting up libglvnd0:amd64 (1.7.0-1+b2) ...
Setting up libcodec2-1.2:amd64 (1.2.0-3) ...
Setting up libxcb-glx0:amd64 (1.17.0-2+b1) ...
Setting up libbrotli1:amd64 (1.1.0-2+b7) ...
Setting up libsasl2-modules:amd64 (2.1.28+dfsg1-9) ...
Setting up libgdk-pixbuf2.0-common (2.42.12+dfsg-4+deb13u1) ...
Setting up libuv1t64:amd64 (1.50.0-2) ...
Setting up libmysofa1:amd64 (1.3.3+dfsg-1) ...
Setting up libxcb-shape0:amd64 (1.17.0-2+b1) ...
Setting up binutils-common:amd64 (2.44-3) ...
Setting up x11-common (1:7.7+24+deb13u1) ...
Running in chroot, ignoring request.
Setting up libsensors-config (1:3.6.2-2) ...
Setting up libpsl5t64:amd64 (0.21.2-1.1+b1) ...
Setting up libnghttp2-14:amd64 (1.64.0-1.1+deb13u1) ...
Setting up libcdio19t64:amd64 (2.2.0-4.1~deb13u1) ...
Setting up libdeflate0:amd64 (1.23-2) ...
Setting up libebur128-1:amd64 (1.2.6-1+b2) ...
Setting up linux-libc-dev (6.12.94-1) ...
Setting up libctf-nobfd0:amd64 (2.44-3) ...
Setting up libgcrypt20:amd64 (1.11.0-7+deb13u1) ...
Setting up xkb-data (2.42-1) ...
Setting up libxcb-shm0:amd64 (1.17.0-2+b1) ...
Setting up sq (1.3.1-2+b2) ...
Setting up libigdgmm12:amd64 (22.7.2+ds1-1) ...
Setting up libmpg123-0t64:amd64 (1.32.10-1+deb13u1) ...
Setting up libgomp1:amd64 (14.2.0-19) ...
Setting up libabsl20240722:amd64 (20240722.0-4) ...
Setting up libcjson1:amd64 (1.7.18-3.1+deb13u1) ...
Setting up libxvidcore4:amd64 (2:1.3.7-1+b2) ...
Setting up bzip2 (1.0.8-6) ...
Setting up libldap-common (2.6.10+dfsg-1) ...
Setting up libwebrtc-audio-processing-1-3:amd64 (1.3-3+b1) ...
Setting up libjbig0:amd64 (2.1-6.1+b2) ...
Setting up libpcre2-16-0:amd64 (10.46-1~deb13u1) ...
Setting up libsframe1:amd64 (2.44-3) ...
Setting up libfakeroot:amd64 (1.37.1.1-1) ...
Setting up ninja-build (1.12.1-1) ...
Setting up libsnappy1v5:amd64 (1.2.2-1) ...
Setting up libcdio-cdda2t64:amd64 (10.2+2.0.2-1+b1) ...
Setting up libsasl2-modules-db:amd64 (2.1.28+dfsg1-9) ...
Setting up fakeroot (1.37.1.1-1) ...
update-alternatives: using /usr/bin/fakeroot-sysv to provide /usr/bin/fakeroot (fakeroot) in auto mode
Setting up libxcb-present0:amd64 (1.17.0-2+b1) ...
Setting up libsysprof-capture-4-dev:amd64 (48.0-2) ...
Setting up libasound2-data (1.2.14-1) ...
Setting up libpgm-5.3-0t64:amd64 (5.3.128~dfsg-2.1+b1) ...
Setting up libtheoraenc1:amd64 (1.2.0~alpha1+dfsg-6) ...
Setting up xtrans-dev (1.4.0-1) ...
Setting up libz3-4:amd64 (4.13.3-1) ...
Setting up libpcre2-32-0:amd64 (10.46-1~deb13u1) ...
Setting up libblas3:amd64 (3.12.1-6) ...
update-alternatives: using /usr/lib/x86_64-linux-gnu/blas/libblas.so.3 to provide /usr/lib/x86_64-linux-gnu/libblas.so.3 (libblas.so.3-x86_64-linux-gnu) in auto mode
Setting up libglib2.0-data (2.84.4-3~deb13u3) ...
Setting up libpkgconf3:amd64 (1.8.1-4) ...
Setting up libpfm4:amd64 (4.13.0+git99-gc5587f9-1) ...
Setting up rpcsvc-proto (1.4.3-1) ...
Setting up libgles2:amd64 (1.7.0-1+b2) ...
Setting up libasound2t64:amd64 (1.2.14-1) ...
Setting up libjpeg62-turbo:amd64 (1:2.1.5-4) ...
Setting up libva2:amd64 (2.22.0-3) ...
Setting up libx11-data (2:1.8.12-1) ...
Setting up make (4.4.1-2) ...
Setting up libsvtav1enc2:amd64 (2.3.0+dfsg-1) ...
Setting up libepoxy0:amd64 (1.5.10-2) ...
Setting up libmpfr6:amd64 (4.2.2-1) ...
Setting up libxcb-sync1:amd64 (1.17.0-2+b1) ...
Setting up libjsoncpp26:amd64 (1.9.6-3) ...
Setting up bash-completion (1:2.16.0-7) ...
Setting up libavahi-common-data:amd64 (0.8-16) ...
Setting up libncurses6:amd64 (6.5+20250216-2) ...
Setting up libgles1:amd64 (1.7.0-1+b2) ...
Setting up libdbus-1-3:amd64 (1.16.2-2) ...
Setting up xz-utils (5.8.1-1+deb13u1) ...
update-alternatives: using /usr/bin/xz to provide /usr/bin/lzma (lzma) in auto mode
Setting up libfribidi0:amd64 (1.0.16-1) ...
Setting up libopus0:amd64 (1.5.2-2) ...
Setting up libquadmath0:amd64 (14.2.0-19) ...
Setting up libcdio-paranoia2t64:amd64 (10.2+2.0.2-1+b1) ...
Setting up intel-media-va-driver:amd64 (25.2.3+dfsg1-1) ...
Setting up fonts-dejavu-mono (2.37-8) ...
Setting up libssl-dev:amd64 (3.5.6-1~deb13u2) ...
Setting up libpng16-16t64:amd64 (1.6.48-1+deb13u5) ...
Setting up libmpc3:amd64 (1.3.1-1+b3) ...
Setting up libatomic1:amd64 (14.2.0-19) ...
Setting up libvorbis0a:amd64 (1.3.7-3) ...
Setting up patch (2.8-2) ...
Setting up fonts-dejavu-core (2.37-8) ...
Setting up libflac14:amd64 (1.5.0+ds-2) ...
Setting up libsepol-dev:amd64 (3.8.1-1) ...
Setting up pkgconf-bin (1.8.1-4) ...
Setting up libsensors5:amd64 (1:3.6.2-2) ...
Setting up libaacs0:amd64 (0.11.1-4+b1) ...
Setting up pocketsphinx-en-us (0.8+5prealpha+1-15) ...
Setting up nasm (2.16.03-1) ...
Setting up libgc1:amd64 (1:8.2.8-1) ...
Setting up libfftw3-double3:amd64 (3.3.10-2+b1) ...
Setting up libsasl2-2:amd64 (2.1.28+dfsg1-9) ...
Setting up libssh-4:amd64 (0.11.2-1+deb13u1) ...
Setting up libgfortran5:amd64 (14.2.0-19) ...
Setting up libvulkan1:amd64 (1.4.309.0-1) ...
Setting up libnghttp3-9:amd64 (1.8.0-1) ...
Setting up libwebp7:amd64 (1.5.0-0.1) ...
Setting up libubsan1:amd64 (14.2.0-19) ...
Setting up libffi8:amd64 (3.4.8-2) ...
Setting up libbdplus0:amd64 (0.2.0-4+b1) ...
Setting up libnuma1:amd64 (2.0.19-1) ...
Setting up libpcre2-posix3:amd64 (10.46-1~deb13u1) ...
Setting up libvidstab1.1:amd64 (1.1.0-2+b2) ...
Setting up libvpx9:amd64 (1.15.0-2.1+deb13u1) ...
Setting up alsa-topology-conf (1.2.5.1-3) ...
Setting up wayland-protocols (1.44-1) ...
Setting up libflite1:amd64 (2.2-7) ...
Setting up libdav1d7:amd64 (1.5.1-1) ...
Setting up libmtdev1t64:amd64 (1.1.7-1) ...
Setting up perl-modules-5.40 (5.40.1-6) ...
Setting up ocl-icd-libopencl1:amd64 (2.3.3-1) ...
Setting up libasyncns0:amd64 (0.8-6+b5) ...
Setting up libxshmfence1:amd64 (1.3.3-1) ...
Setting up libhwasan0:amd64 (14.2.0-19) ...
Setting up at-spi2-common (2.56.2-1+deb13u1) ...
Setting up libcrypt-dev:amd64 (1:4.4.38-1) ...
Setting up libtiff6:amd64 (4.7.0-3+deb13u2) ...
Setting up libbs2b0:amd64 (3.1.0+dfsg-8+b1) ...
Setting up libxcb-randr0:amd64 (1.17.0-2+b1) ...
Setting up dbus-session-bus-common (1.16.2-2) ...
Setting up librav1e0.7:amd64 (0.7.1-9+b2) ...
Setting up libasan8:amd64 (14.2.0-19) ...
Setting up libtasn1-6:amd64 (4.20.0-2+deb13u1) ...
Setting up libc6-i386 (2.41-12+deb13u3) ...
Setting up libzimg2:amd64 (3.0.5+ds1-1+b2) ...
Setting up libopenjp2-7:amd64 (2.5.3-2.1~deb13u2) ...
Setting up git-man (1:2.47.3-0+deb13u1) ...
Setting up libx11-6:amd64 (2:1.8.12-1) ...
Setting up libopenal-data (1:1.24.2-1) ...
Setting up libthai-data (0.1.29-2) ...
Setting up xorg-sgml-doctools (1:1.11-1.1) ...
Setting up libngtcp2-16:amd64 (1.11.0-1+deb13u1) ...
Setting up sgml-base (1.31+nmu1) ...
Setting up cmake-data (3.31.6-2) ...
Setting up librhash1:amd64 (1.4.5-1) ...
Setting up libunibreak6:amd64 (6.1-3) ...
Setting up libwayland-egl1:amd64 (1.23.1-3) ...
Setting up libusb-1.0-0:amd64 (2:1.0.28-1) ...
Setting up libmbedcrypto16:amd64 (3.6.5-0.1~deb13u1) ...
Setting up libseat1:amd64 (0.9.1-1) ...
Setting up libssh2-1t64:amd64 (1.11.1-1+deb13u1) ...
Setting up libtsan2:amd64 (14.2.0-19) ...
Setting up libbinutils:amd64 (2.44-3) ...
Setting up dbus-system-bus-common (1.16.2-2) ...
Creating group 'messagebus' with GID 991.
Creating user 'messagebus' (System Message Bus) with UID 991 and GID 991.
Setting up libfido2-1:amd64 (1.15.0-1+b1) ...
Setting up libisl23:amd64 (0.27-1) ...
Setting up libspa-0.2-dev:amd64 (1.4.2-1) ...
Setting up libc-dev-bin (2.41-12+deb13u3) ...
Setting up libx265-215:amd64 (4.1-2) ...
Setting up libsamplerate0:amd64 (0.2.2-4+b2) ...
Setting up openssl (3.5.6-1~deb13u2) ...
Setting up libwebpmux3:amd64 (1.5.0-0.1) ...
Setting up libgpg-error-l10n (1.51-4) ...
Setting up libcap-dev:amd64 (1:2.75-10+deb13u1+b1) ...
Setting up libdrm-common (2.4.124-2) ...
Setting up libxcomposite1:amd64 (1:0.4.6-1) ...
Setting up libjxl0.11:amd64 (0.11.2-0.1~deb13u2) ...
Setting up libpython3.13-stdlib:amd64 (3.13.5-2+deb13u3) ...
Setting up libevdev2:amd64 (1.13.4+dfsg-1) ...
Setting up publicsuffix (20250328.1952-0.1) ...
Setting up libxml2:amd64 (2.12.7+dfsg+really2.9.14-2.1+deb13u3) ...
Setting up libcc1-0:amd64 (14.2.0-19) ...
Setting up libldap2:amd64 (2.6.10+dfsg-1) ...
Setting up libxmuu1:amd64 (2:1.1.3-3+b4) ...
Setting up dbus-bin (1.16.2-2) ...
Setting up libsystemd-dev:amd64 (257.13-1~deb13u1) ...
Setting up libzvbi-common (0.2.44-1) ...
Setting up liblsan0:amd64 (14.2.0-19) ...
Setting up libmp3lame0:amd64 (3.100-6+b3) ...
Setting up libitm1:amd64 (14.2.0-19) ...
Setting up libvorbisenc2:amd64 (1.3.7-3) ...
Setting up libpython3-stdlib:amd64 (3.13.5-1) ...
Setting up libdvdnav4:amd64 (6.1.1-3+b1) ...
Setting up libiec61883-0:amd64 (1.2.0-7) ...
Setting up libserd-0-0:amd64 (0.32.4-1) ...
Setting up libwacom-common (2.14.0-1) ...
Setting up libxkbcommon0:amd64 (1.7.0-2) ...
Setting up libwayland-client0:amd64 (1.23.1-3) ...
Setting up libctf0:amd64 (2.44-3) ...
Setting up x11proto-dev (2024.1-1) ...
Setting up libavc1394-0:amd64 (0.5.4-5+b2) ...
Setting up libxcb-dri3-0:amd64 (1.17.0-2+b1) ...
Setting up libllvm19:amd64 (1:19.1.7-3+b1) ...
Setting up libwayland-server0:amd64 (1.23.1-3) ...
Setting up libz3-dev:amd64 (4.13.3-1) ...
Setting up manpages-dev (6.9.1-1) ...
Setting up libx11-xcb1:amd64 (2:1.8.12-1) ...
Setting up liblapack3:amd64 (3.12.1-6) ...
update-alternatives: using /usr/lib/x86_64-linux-gnu/lapack/liblapack.so.3 to provide /usr/lib/x86_64-linux-gnu/liblapack.so.3 (liblapack.so.3-x86_64-linux-gnu) in auto mode
Setting up libfftw3-single3:amd64 (3.3.10-2+b1) ...
Setting up libxdamage1:amd64 (1:1.1.6-1+b2) ...
Setting up libseat-dev:amd64 (0.9.1-1) ...
Setting up libclang1-19 (1:19.1.7-3+b1) ...
Setting up libzmq5:amd64 (4.3.5-1+b3) ...
Setting up libxau-dev:amd64 (1:1.0.11-1) ...
Setting up libzvbi0t64:amd64 (0.2.44-1) ...
Setting up libxrender1:amd64 (1:0.9.12-1) ...
Setting up alsa-ucm-conf (1.2.14-1) ...
Setting up libevdev-dev:amd64 (1.13.4+dfsg-1) ...
Setting up python3.13 (3.13.5-2+deb13u3) ...
Setting up libsoxr0:amd64 (0.1.3-4+b2) ...
Setting up libmtdev-dev:amd64 (1.1.7-1) ...
Setting up fontconfig-config (2.15.0-2.3) ...
Setting up openssh-client (1:10.0p1-7+deb13u4) ...
Created symlink '/etc/systemd/user/sockets.target.wants/ssh-agent.socket' -> '/usr/lib/systemd/user/ssh-agent.socket'.
Setting up libxkbcommon-dev:amd64 (1.7.0-2) ...
Setting up libavahi-common3:amd64 (0.8-16) ...
Setting up libxext6:amd64 (2:1.3.4-1+b3) ...
Setting up libobjc4:amd64 (14.2.0-19) ...
Setting up python3 (3.13.5-1) ...
Setting up libopenal1:amd64 (1:1.24.2-1) ...
Setting up dbus-daemon (1.16.2-2) ...
Setting up python3-zipp (3.21.0-1) ...
Setting up python3-autocommand (2.2.2-3) ...
Setting up libffi-dev:amd64 (3.4.8-2) ...
Setting up pkgconf:amd64 (1.8.1-4) ...
Setting up libxxf86vm1:amd64 (1:1.1.4-1+b4) ...
Setting up librist4:amd64 (0.2.11+dfsg-1) ...
Setting up libperl5.40:amd64 (5.40.1-6) ...
Setting up libthai0:amd64 (0.1.29-2+b1) ...
Setting up ca-certificates (20250419) ...
Updating certificates in /etc/ssl/certs...
150 added, 0 removed; done.
Setting up libvorbisfile3:amd64 (1.3.7-3) ...
Setting up libxdmcp-dev:amd64 (1:1.1.5-1) ...
Setting up libwayland-bin (1.23.1-3) ...
Setting up perl (5.40.1-6) ...
Setting up python3-pygments (2.18.0+dfsg-2) ...
Setting up libxml2-dev:amd64 (2.12.7+dfsg+really2.9.14-2.1+deb13u3) ...
Setting up libglib2.0-0t64:amd64 (2.84.4-3~deb13u3) ...
Setting up libgprofng0:amd64 (2.44-3) ...
Setting up python3-packaging (25.0-1) ...
Setting up libfreetype6:amd64 (2.13.3+dfsg-1+deb13u1) ...
Setting up lib32gcc-s1 (14.2.0-19) ...
Setting up lib32stdc++6 (14.2.0-19) ...
Setting up libxfixes3:amd64 (1:6.0.0-2+b4) ...
Setting up dbus (1.16.2-2) ...
Running in chroot, ignoring request.
Setting up shared-mime-info (2.4-5+b2) ...
Setting up libp11-kit0:amd64 (0.25.5-3) ...
Setting up libxinerama1:amd64 (2:1.1.4-3+b4) ...
Setting up libplacebo349:amd64 (7.349.0-3) ...
Setting up libdc1394-25:amd64 (2.2.6-5) ...
Setting up libxv1:amd64 (2:1.0.11-1.1+b3) ...
Setting up libxrandr2:amd64 (2:1.5.4-1+b3) ...
Setting up pkg-config:amd64 (1.8.1-4) ...
Setting up cpp-14-x86-64-linux-gnu (14.2.0-19) ...
Setting up libudev-dev:amd64 (257.13-1~deb13u1) ...
Setting up python3-typing-extensions (4.13.2-1) ...
Setting up gir1.2-glib-2.0:amd64 (2.84.4-3~deb13u3) ...
Setting up libdpkg-perl (1.22.22) ...
Setting up cpp-14 (14.2.0-19) ...
Setting up librubberband2:amd64 (3.3.0+dfsg-2+b3) ...
Setting up libset-scalar-perl (1.29-3) ...
Setting up libclang-rt-19-dev:amd64 (1:19.1.7-3+b1) ...
Setting up libjack-jackd2-0:amd64 (1.9.22~dfsg-4) ...
Setting up libdrm2:amd64 (2.4.124-2) ...
Setting up libva-drm2:amd64 (2.22.0-3) ...
Setting up gir1.2-glib-2.0-dev:amd64 (2.84.4-3~deb13u3) ...
Setting up xauth (1:1.1.2-1.1) ...
Setting up libvdpau1:amd64 (1.5-3+b1) ...
Setting up libsord-0-0:amd64 (0.16.18-1) ...
Setting up libwayland-cursor0:amd64 (1.23.1-3) ...
Setting up xml-core (0.19) ...
Setting up libsratom-0-0:amd64 (0.6.18-1) ...
Setting up libpam-systemd:amd64 (257.13-1~deb13u1) ...
Setting up libdecor-0-0:amd64 (0.2.2-2) ...
Setting up libc6-dev:amd64 (2.41-12+deb13u3) ...
Setting up libharfbuzz0b:amd64 (10.2.0-1+deb13u1) ...
Setting up libgdk-pixbuf-2.0-0:amd64 (2.42.12+dfsg-4+deb13u1) ...
Setting up llvm-19-linker-tools (1:19.1.7-3+b1) ...
Setting up libxss1:amd64 (1:1.2.3-1+b3) ...
Setting up libfontconfig1:amd64 (2.15.0-2.3) ...
Setting up libsndfile1:amd64 (1.2.2-2+deb13u1) ...
Setting up libgcc-14-dev:amd64 (14.2.0-19) ...
Setting up llvm-19-runtime (1:19.1.7-3+b1) ...
Setting up libbluray2:amd64 (1:1.3.4-1+b2) ...
Setting up libva-x11-2:amd64 (2.22.0-3) ...
Setting up libstdc++-14-dev:amd64 (14.2.0-19) ...
Setting up libarchive13t64:amd64 (3.7.4-4+deb13u1) ...
Setting up liblilv-0-0:amd64 (0.24.26-1) ...
Setting up libopenmpt0t64:amd64 (0.7.13-1+b1) ...
Setting up libavahi-client3:amd64 (0.8-16) ...
Setting up libgudev-1.0-0:amd64 (238-6) ...
Setting up libclang-cpp19 (1:19.1.7-3+b1) ...
Setting up binutils-x86-64-linux-gnu (2.44-3) ...
Setting up libdrm-amdgpu1:amd64 (2.4.124-2) ...
Setting up cpp-x86-64-linux-gnu (4:14.2.0-1) ...
Setting up libgnutls30t64:amd64 (3.8.9-3+deb13u4) ...
Setting up python3-more-itertools (10.7.0-1) ...
Setting up mesa-vulkan-drivers:amd64 (25.0.7-2+deb13u1) ...
Setting up mesa-vdpau-drivers:amd64 (25.0.7-2+deb13u1) ...
Setting up gtk-update-icon-cache (4.18.6+ds-2) ...
Setting up fontconfig (2.15.0-2.3) ...
Regenerating fonts cache... done.
Setting up libgio-2.0-dev-bin (2.84.4-3~deb13u3) ...
Setting up libncurses-dev:amd64 (6.5+20250216-2) ...
Setting up libvulkan-dev:amd64 (1.4.309.0-1) ...
Setting up libdrm-nouveau2:amd64 (2.4.124-2) ...
Setting up libxcb1-dev:amd64 (1.17.0-2+b1) ...
Setting up libatk1.0-0t64:amd64 (2.56.2-1+deb13u1) ...
Setting up python3-jaraco.functools (4.1.0-1) ...
Setting up libpcre2-dev:amd64 (10.46-1~deb13u1) ...
Setting up libxi6:amd64 (2:1.8.2-1) ...
Setting up python3-jaraco.context (6.0.1-1+deb13u1) ...
Setting up libpam0g-dev:amd64 (1.7.0-5) ...
Setting up libpulse0:amd64 (17.0+dfsg1-2+b1) ...
Setting up libfile-fcntllock-perl (0.22-4+b4) ...
Setting up libgirepository-2.0-0:amd64 (2.84.4-3~deb13u3) ...
Setting up libwacom9:amd64 (2.14.0-1) ...
Setting up libselinux1-dev:amd64 (3.8.1-1) ...
Setting up libalgorithm-diff-perl (1.201-1) ...
Setting up libdrm-radeon1:amd64 (2.4.124-2) ...
Setting up libxtst6:amd64 (2:1.2.5-1) ...
Setting up libxcursor1:amd64 (1:1.2.3-1) ...
Setting up libpango-1.0-0:amd64 (1.56.3-1) ...
Setting up python3-typeguard (4.4.2-1) ...
Setting up libdrm-intel1:amd64 (2.4.124-2) ...
Setting up libx11-dev:amd64 (2:1.8.12-1) ...
Setting up libcloudproviders0:amd64 (0.3.6-2) ...
Setting up libglib2.0-bin (2.84.4-3~deb13u3) ...
Setting up python3-yaml (6.0.2-1+b2) ...
Setting up binutils (2.44-3) ...
Setting up libobjc-14-dev:amd64 (14.2.0-19) ...
Setting up libwayland-dev:amd64 (1.23.1-3) ...
Setting up clang-19 (1:19.1.7-3+b1) ...
Setting up libavutil59:amd64 (7:7.1.5-0+deb13u1) ...
Setting up clang-tools-19 (1:19.1.7-3+b1) ...
Setting up libcairo2:amd64 (1.18.4-1+b1) ...
Setting up libcolord2:amd64 (1.4.7-3) ...
Setting up dpkg-dev (1.22.22) ...
Setting up libinput-bin (1.28.1-1+deb13u1) ...
Setting up libpostproc58:amd64 (7:7.1.5-0+deb13u1) ...
Setting up liberror-perl (0.17030-1) ...
Setting up libdconf1:amd64 (0.40.0-5) ...
Setting up libsphinxbase3t64:amd64 (0.8+5prealpha+1-21+b1) ...
Setting up python3-inflect (7.3.1-2) ...
Setting up dbus-user-session (1.16.2-2) ...
Setting up libswresample5:amd64 (7:7.1.5-0+deb13u1) ...
Setting up libswscale8:amd64 (7:7.1.5-0+deb13u1) ...
Setting up libass9:amd64 (1:0.17.3-1+deb13u1) ...
Setting up libtheoradec1:amd64 (1.2.0~alpha1+dfsg-6) ...
Setting up adwaita-icon-theme (48.1-1) ...
update-alternatives: using /usr/share/icons/Adwaita/cursor.theme to provide /usr/share/icons/default/index.theme (x-cursor-theme) in auto mode
Setting up libspa-0.2-modules:amd64 (1.4.2-1) ...
Setting up librtmp1:amd64 (2.4+20151223.gitfa8646d.1-2+b5) ...
Setting up python3-jaraco.text (4.0.0-1) ...
Setting up uuid-dev:amd64 (2.41-5) ...
Setting up clang (1:19.0-63) ...
Setting up libatspi2.0-0t64:amd64 (2.56.2-1+deb13u1) ...
Setting up llvm-runtime:amd64 (1:19.0-63) ...
Setting up gir1.2-gudev-1.0:amd64 (238-6) ...
Setting up libva-wayland2:amd64 (2.22.0-3) ...
Setting up zlib1g-dev:amd64 (1:1.3.dfsg+really1.3.1-1+b1) ...
Setting up libsrt1.5-gnutls:amd64 (1.5.4-1) ...
Setting up libgdk-pixbuf2.0-bin (2.42.12+dfsg-4+deb13u1) ...
Setting up cpp (4:14.2.0-1) ...
Setting up libcairo-gobject2:amd64 (1.18.4-1+b1) ...
Setting up libclang-19-dev (1:19.1.7-3+b1) ...
Setting up gcc-14-x86-64-linux-gnu (14.2.0-19) ...
Setting up libpangoft2-1.0-0:amd64 (1.56.3-1) ...
Setting up llvm-19-tools (1:19.1.7-3+b1) ...
Setting up libalgorithm-diff-xs-perl (0.04-9) ...
Setting up libpipewire-0.3-0t64:amd64 (1.4.2-1) ...
Setting up libcups2t64:amd64 (2.4.10-3+deb13u2) ...
Setting up libngtcp2-crypto-gnutls8:amd64 (1.11.0-1+deb13u1) ...
Setting up i965-va-driver:amd64 (2.4.1+dfsg1-2) ...
Setting up libpangocairo-1.0-0:amd64 (1.56.3-1) ...
Setting up libalgorithm-merge-perl (0.08-5) ...
Setting up python3-pkg-resources (78.1.1-0.1) ...
Setting up libatk-bridge2.0-0t64:amd64 (2.56.2-1+deb13u1) ...
Setting up libinput10:amd64 (1.28.1-1+deb13u1) ...
Setting up libblkid-dev:amd64 (2.41-5) ...
Setting up mesa-libgallium:amd64 (25.0.7-2+deb13u1) ...
Setting up libdrm-dev:amd64 (2.4.124-2) ...
Setting up girepository-tools:amd64 (2.84.4-3~deb13u3) ...
Setting up libclang-dev (1:19.0-63) ...
Setting up python3-setuptools (78.1.1-0.1) ...
Setting up gcc-x86-64-linux-gnu (4:14.2.0-1) ...
Setting up libcurl4t64:amd64 (8.14.1-2+deb13u4) ...
Setting up libgbm1:amd64 (25.0.7-2+deb13u1) ...
Setting up libgl1-mesa-dri:amd64 (25.0.7-2+deb13u1) ...
Setting up libcurl3t64-gnutls:amd64 (8.14.1-2+deb13u4) ...
Setting up meson (1.7.0-1) ...
Setting up dconf-service (0.40.0-5) ...
Setting up libgbm-dev:amd64 (25.0.7-2+deb13u1) ...
Setting up gcc-14 (14.2.0-19) ...
Setting up librsvg2-2:amd64 (2.60.0+dfsg-1) ...
Setting up libpocketsphinx3:amd64 (0.8+5prealpha+1-15+b4) ...
Setting up libegl-mesa0:amd64 (25.0.7-2+deb13u1) ...
Setting up libavcodec61:amd64 (7:7.1.5-0+deb13u1) ...
Setting up git (1:2.47.3-0+deb13u1) ...
Setting up librsvg2-common:amd64 (2.60.0+dfsg-1) ...
Setting up vainfo (2.22.0+ds1-2) ...
Setting up g++-14-x86-64-linux-gnu (14.2.0-19) ...
Setting up libpipewire-0.3-dev:amd64 (1.4.2-1) ...
Setting up libegl1:amd64 (1.7.0-1+b2) ...
Setting up g++-x86-64-linux-gnu (4:14.2.0-1) ...
Setting up cmake (3.31.6-2) ...
Setting up llvm-19 (1:19.1.7-3+b1) ...
Setting up curl (8.14.1-2+deb13u4) ...
Setting up g++-14 (14.2.0-19) ...
Setting up mesa-va-drivers:amd64 (25.0.7-2+deb13u1) ...
Setting up libsdl2-2.0-0:amd64 (2.32.4+dfsg-1) ...
Setting up libmount-dev:amd64 (2.41-5) ...
Setting up libglib2.0-dev-bin (2.84.4-3~deb13u3) ...
Setting up libgio-2.0-dev:amd64 (2.84.4-3~deb13u3) ...
Setting up libglx-mesa0:amd64 (25.0.7-2+deb13u1) ...
Setting up libglx0:amd64 (1.7.0-1+b2) ...
Setting up dconf-gsettings-backend:amd64 (0.40.0-5) ...
Setting up libavformat61:amd64 (7:7.1.5-0+deb13u1) ...
Setting up gcc (4:14.2.0-1) ...
Setting up libgl1:amd64 (1.7.0-1+b2) ...
Setting up libglib2.0-dev:amd64 (2.84.4-3~deb13u3) ...
Setting up va-driver-all:amd64 (2.22.0-3) ...
Setting up libavfilter10:amd64 (7:7.1.5-0+deb13u1) ...
Setting up llvm (1:19.0-63) ...
Setting up llvm-19-dev (1:19.1.7-3+b1) ...
Setting up g++ (4:14.2.0-1) ...
update-alternatives: using /usr/bin/g++ to provide /usr/bin/c++ (c++) in auto mode
Setting up build-essential (12.12) ...
Setting up libglx-dev:amd64 (1.7.0-1+b2) ...
Setting up libvdpau-va-gl1:amd64 (0.4.2-2) ...
Setting up libva-glx2:amd64 (2.22.0-3) ...
Setting up libgl-dev:amd64 (1.7.0-1+b2) ...
Setting up libgtk-3-common (3.24.49-3) ...
Setting up llvm-dev (1:19.0-63) ...
Setting up gsettings-desktop-schemas (48.0-1) ...
Setting up libegl-dev:amd64 (1.7.0-1+b2) ...
Setting up libavdevice61:amd64 (7:7.1.5-0+deb13u1) ...
Setting up libgudev-1.0-dev:amd64 (238-6) ...
Setting up libva-dev:amd64 (2.22.0-3) ...
Setting up libgtk-3-0t64:amd64 (3.24.49-3) ...
Setting up vdpau-driver-all:amd64 (1.5-3+b1) ...
Setting up at-spi2-core (2.56.2-1+deb13u1) ...
Setting up ffmpeg (7:7.1.5-0+deb13u1) ...
Setting up libgles-dev:amd64 (1.7.0-1+b2) ...
Setting up libdecor-0-plugin-1-gtk:amd64 (0.2.2-2) ...
Setting up libwacom-dev:amd64 (2.14.0-1) ...
Setting up libgtk-3-bin (3.24.49-3) ...
Setting up libinput-dev:amd64 (1.28.1-1+deb13u1) ...
Processing triggers for udev (257.13-1~deb13u1) ...
Processing triggers for base-files (13.8+deb13u6) ...
Processing triggers for libc-bin (2.41-12+deb13u3) ...
Processing triggers for systemd (257.13-1~deb13u1) ...
Processing triggers for sgml-base (1.31+nmu1) ...
Setting up libdbus-1-dev:amd64 (1.16.2-2) ...
Processing triggers for ca-certificates (20250419) ...
Updating certificates in /etc/ssl/certs...
0 added, 0 removed; done.
Running hooks in /etc/ca-certificates/update.d...
done.
Processing triggers for libgdk-pixbuf-2.0-0:amd64 (2.42.12+dfsg-4+deb13u1) ...
    [1;32mOK[0m  installate

[1;34m==> Toolchain Rust[0m
    --  installazione tramite rustup...
info: downloading installer
warn: It looks like you have an existing rustup settings file at:
warn: /opt/rust/rustup/settings.toml
warn: Rustup will install the default toolchain as specified in the settings file,
warn: instead of the one inferred from the default host triple.
info: profile set to default
info: default host triple is x86_64-unknown-linux-gnu
info: syncing channel updates for stable-x86_64-unknown-linux-gnu
info: latest update on 2026-07-16 for version 1.97.1 (8bab26f4f 2026-07-14)
info: downloading 6 components
info: default toolchain set to stable-x86_64-unknown-linux-gnu

  stable-x86_64-unknown-linux-gnu installed - rustc 1.97.1 (8bab26f4f 2026-07-14)


Rust is installed now. Great!

To get started you need Cargo's bin directory (/opt/rust/cargo/bin) in your 
PATH
environment variable. This has not been done automatically.

To configure your current shell, you need to source
the corresponding env file under /opt/rust/cargo.

This is usually done by running one of the following (note the leading DOT):
. "/opt/rust/cargo/env"            # For sh/bash/zsh/ash/dash/pdksh
source "/opt/rust/cargo/env.fish"  # For fish
source "/opt/rust/cargo/env.nu"  # For nushell
source "/opt/rust/cargo/env.tcsh"  # For tcsh
. "/opt/rust/cargo/env.ps1"        # For pwsh
source "/opt/rust/cargo/env.xsh"   # For xonsh
    [1;32mOK[0m  installata (?)

[1;34m==> Script di ingresso[0m
    [1;32mOK[0m  /media/REMOTIX/enter.sh

[1;34m==> Ambiente pronto[0m

    contenitore   /media/REMOTIX/devroot
    sorgenti      /media/REMOTIX/src   ->  /srv/src
    toolchain     /media/REMOTIX/rust   ->  /opt/rust
    ingresso      bash /media/REMOTIX/enter.sh

    Rust:   non disponibile
    Cargo:  non disponibile

    Nulla e' stato installato nel sistema host.

EXIT=0
